[1743165330581226270] 1
[1743165330649161147] 1
[1743165330649257689] 1
[1743165330649337439] 1
[1743165330649420314] 1
[1743165330649483564] 1
[1743165330649596772] 1
[1743165330649687272] 1
[1743165330690202273] 1
[1743165330693132106] 1
[1743165330696235606] 1
[1743165330696298856] 1
[1743165330696470106] 1
[1743165330696539606] 1
[1743165330696605606] 1
[1743165330696638440] 1
[1743165330696730481] 1
[1743165330696781356] 1
[1743165330696816856] 1
[1743165330741237691] 1
[1743165330741310399] 1
[1743165330741366191] 1
[1743165330741429608] 1
[1743165330741651566] 1
[1743165330741871858] 1
[1743165330750974524] 1
[1743165330751019441] 1
[1743165330756920400] 1
[1743165330756974025] 1
[1743165330757003858] 1
[1743165330757086358] 1
[1743165330757136441] 1
[1743165330757178733] 1
[1743165330757212316] 1
[1743165330757757358] 1
[1743165330757937941] 1
[1743165330757987358] 1
[1743165330758028691] 1
[1743165330758074608] 1
[1743165330758111941] 1
[1743165330758137441] 1
[1743165330758234316] 1
[1743165330758401900] 1
[1743165330761415691] 1
[1743165330764322900] 1
[1743165330764363150] 1
[1743165330764400108] 1
[1743165330764453275] 1
[1743165330764504066] 1
[1743165330764646816] 1
[1743165330774767067] 1
[1743165330774852650] 1
[1743165330775064317] 1
[1743165330775124108] 1
[1743165330775165942] 1
[1743165330775310400] 1
[1743165330775405858] 1
[1743165330779501400] 1
[1743165330779602442] 1
[1743165330783132317] 1
[1743165331367307763] 1
[1743165331369489472] 1
[1743165331369596097] 1
[1743165331369669098] 1
[1743165331369730848] 1
[1743165331369813264] 1
[1743165331369899931] 1
[1743165331370114431] 1
[1743165331370172556] 1
[1743165331370228515] 1
[1743165331505354892] 1
[1743165331530145617] 1
[1743165331530302450] 1
[1743165331533214994] 1
[1743165331536255162] 1
[1743165331536309787] 1
[1743165331545893710] 1
[1743165331546049502] 1
[1743165331546796669] 1
[1743165331547025669] 1
[1743165332375032296] 1
[1743165332375425713] 1
[1743165332375482005] 1
[1743165332375526422] 1
[1743165332375712755] 1
[1743165332375781130] 1
[1743165332375886089] 1
[1743165332376061381] 1
[1743165332376712798] 1
[1743165332376788590] 1
[1743165333479398908] 1
[1743165333486661129] 1
[1743165333489898969] 1
[1743165333489968635] 1
[1743165333496218563] 1
[1743165333496269730] 1
[1743165333496322897] 1
[1743165333496525106] 1
[1743165333499957154] 1
[1743165333500050362] 1
[1743165333626166510] 1
[1743165333626236385] 1
[1743165333626306052] 1
[1743165333626355844] 1
[1743165333626429636] 1
[1743165333626501011] 1
[1743165333626554386] 1
[1743165333629429558] 1
[1743165333629535225] 1
[1743165333630036559] 1
[1743165334384047331] 1
[1743165334384300165] 1
[1743165334384413707] 1
[1743165334384468874] 1
[1743165334384525457] 1
[1743165334384655874] 1
[1743165334384740083] 1
[1743165334384803583] 1
[1743165334384890000] 1
[1743165334384964125] 1
[1743165335506125335] 1
[1743165335506224460] 1
[1743165335515818780] 1
[1743165335515906531] 1
[1743165335515969114] 1
[1743165335523369345] 1
[1743165335523420928] 1
[1743165335523451636] 1
[1743165335523489470] 1
[1743165335523855263] 1
[1743165336392037166] 1
[1743165336392413168] 1
[1743165336392531085] 1
[1743165336392639252] 1
[1743165336392712835] 1
[1743165336392775169] 1
[1743165336392849627] 1
[1743165336393000711] 1
[1743165336393103670] 1
[1743165336393201795] 1
[1743165337508667133] 1
[1743165337518132505] 1
[1743165337518197755] 1
[1743165337518285339] 1
[1743165337523863779] 1
[1743165337523943404] 1
[1743165337524089655] 1
[1743165337524154613] 1
[1743165337528183130] 1
[1743165337528244672] 1
[1743165338399018267] 1
[1743165338399689437] 1
[1743165338399749437] 1
[1743165338400972193] 1
[1743165338401249486] 1
[1743165338401319653] 1
[1743165338401397612] 1
[1743165338401498445] 1
[1743165338401558237] 1
[1743165338402289407] 1
[1743165339508891721] 1
[1743165339508969763] 1
[1743165339511228316] 1
[1743165339523088003] 1
[1743165339523145878] 1
[1743165339523214462] 1
[1743165339523272921] 1
[1743165339523327754] 1
[1743165339523363963] 1
[1743165339523402546] 1
[1743165340408153161] 1
[1743165340408379621] 1
[1743165340408413454] 1
[1743165340408510955] 1
[1743165340408613872] 1
[1743165340408643622] 1
[1743165340408659622] 1
[1743165340408698998] 1
[1743165340408854040] 1
[1743165340408962166] 1
[1743165350919768241] 1
[1743165350928130955] 1
[1743165350928206039] 1
[1743165350928263456] 1
[1743165350928403791] 1
[1743165350928446875] 1
[1743165350928477625] 1
[1743165350928506417] 1
[1743165350928543459] 1
[1743165350928598502] 1
[1743165350928803879] 1
[1743165350929013798] 1
[1743165350929062673] 1
[1743165350929146549] 1
[1743165350929602554] 1
[1743165350935419699] 1
[1743165350935471825] 1
[1743165350935544784] 1
[1743165350935656243] 1
[1743165350935766869] 1
[1743165350935877996] 1
[1743165350935934996] 1
[1743165350936016789] 1
[1743165350936066164] 1
[1743165350936103123] 1
[1743165350947481619] 1
[1743165350950185939] 1
[1743165350960336589] 1
[1743165350963426497] 1
[1743165350972688970] 1
[1743165350972763637] 1
[1743165350972813471] 1
[1743165350972851597] 1
[1743165350972886472] 1
[1743165350972912597] 1
[1743165350972967723] 1
[1743165350980068507] 1
[1743165350980139716] 1
[1743165350980385010] 1
[1743165350983440334] 1
[1743165350986290281] 1
[1743165350986451491] 1
[1743165350992289261] 1
[1743165350992322470] 1
[1743165351001166439] 1
[1743165351001247565] 1
[1743165351004997855] 1
[1743165351008047264] 1
[1743165351011687388] 1
[1743165351011775347] 1
[1743165351015523722] 1
[1743165351019961479] 1
[1743165351023193349] 1
[1743165351027122059] 1
[1743165351027197268] 1
[1743165351031055894] 1
[1743165351038810938] 1
[1743165351038899814] 1
[1743165351042933817] 1
[1743165351050926614] 1
[1743165351444212217] 1
[1743165351444444345] 1
[1743165351444492429] 1
[1743165351444541804] 1
[1743165351444642805] 1
[1743165351444708348] 1
[1743165351444773099] 1
[1743165351445063143] 1
[1743165351445113686] 1
[1743165351445153353] 1
[1743165351788646530] 1
[1743165351791458436] 1
[1743165351829368647] 1
[1743165351829506649] 1
[1743165351829570275] 1
[1743165351837311944] 1
[1743165351838336455] 1
[1743165351842250957] 1
[1743165351852757031] 1
[1743165351853908377] 1
[1743165351858489720] 1
[1743165351865050209] 1
[1743165351865949302] 1
[1743165351872943838] 1
[1743165351874021267] 1
[1743165351878131437] 1
[1743165351882127148] 1
[1743165351882228441] 1
[1743165351882359109] 1
[1743165351882454943] 1
[1743165352447790480] 1
[1743165352448050567] 1
[1743165352448156234] 1
[1743165352448385070] 1
[1743165352448492238] 1
[1743165352448559114] 1
[1743165352448645032] 1
[1743165352448744950] 1
[1743165352448832034] 1
[1743165352448954202] 1
[1743165352920722549] 1
[1743165352930239492] 1
[1743165352931127418] 1
[1743165352937911705] 1
[1743165352938994301] 1
[1743165352947083894] 1
[1743165352947160436] 1
[1743165352947268146] 1
[1743165352947702193] 1
[1743165352947870653] 1
[1743165353452296820] 1
[1743165353452625990] 1
[1743165353452706366] 1
[1743165353452803326] 1
[1743165353452892452] 1
[1743165353452979036] 1
[1743165353453207039] 1
[1743165353453321749] 1
[1743165353453404833] 1
[1743165353453508043] 1
[1743165353921054543] 1
[1743165353927908250] 1
[1743165353928686259] 1
[1743165353934402244] 1
[1743165353937340279] 1
[1743165353940830529] 1
[1743165353944757993] 1
[1743165353944927953] 1
[1743165353945148331] 1
[1743165353945273832] 1
[1743165354455187740] 1
[1743165354455467285] 1
[1743165354455543286] 1
[1743165354455703163] 1
[1743165354455787581] 1
[1743165354455860373] 1
[1743165354455913166] 1
[1743165354455975791] 1
[1743165354456056959] 1
[1743165354456163919] 1
[1743165355555676085] 1
[1743165355555803670] 1
[1743165355555871129] 1
[1743165355555928546] 1
[1743165355555960505] 1
[1743165355556026256] 1
[1743165355556076173] 1
[1743165355556286759] 1
[1743165355556816933] 1
[1743165355556909600] 1
[1743165356549765191] 1
[1743165356549867151] 1
[1743165356549993277] 1
[1743165356550056653] 1
[1743165356550120737] 1
[1743165356550185447] 1
[1743165356550230822] 1
[1743165356553400739] 1
[1743165356553648076] 1
[1743165356554059831] 1
[1743165357551824228] 1
[1743165357551925271] 1
[1743165357551991105] 1
[1743165357552054522] 1
[1743165357552137274] 1
[1743165357552199608] 1
[1743165357552260650] 1
[1743165357555348859] 1
[1743165357555472027] 1
[1743165357555970534] 1
[1743165358559025200] 1
[1743165358559165410] 1
[1743165358559221327] 1
[1743165358559301412] 1
[1743165358559412955] 1
[1743165358559484248] 1
[1743165358559607500] 1
[1743165358562703293] 1
[1743165358562749960] 1
[1743165358563347302] 1
[1743165359543968379] 1
[1743165359544185424] 1
[1743165359544306884] 1
[1743165359544475928] 1
[1743165359544520012] 1
[1743165359544673514] 1
[1743165359544817725] 1
[1743165359547742767] 1
[1743165359547897186] 1
[1743165359548395276] 1
[1743165360556944477] 1
[1743165360557068479] 1
[1743165360557207606] 1
[1743165360557251273] 1
[1743165360557274482] 1
[1743165360557336483] 1
[1743165360557376734] 1
[1743165360557883741] 1
[1743165360557945242] 1
[1743165360558233580] 1
[1743165361473196002] 1
[1743165361473258545] 1
[1743165361473266420] 1
[1743165361473305837] 1
[1743165361473324004] 1
[1743165361473337421] 1
[1743165361473355296] 1
[1743165361473363297] 1
[1743165361473370422] 1
[1743165361473391255] 1
[1743165362570111070] 1
[1743165362570257072] 1
[1743165362570372074] 1
[1743165362570488992] 1
[1743165362570550660] 1
[1743165362570599077] 1
[1743165362570637161] 1
[1743165362573902129] 1
[1743165362573996463] 1
[1743165362574451595] 1
[1743165363546520705] 1
[1743165363546636915] 1
[1743165363546768792] 1
[1743165363546863544] 1
[1743165363546944295] 1
[1743165363555440055] 1
[1743165363555534682] 1
[1743165363555625558] 1
[1743165363556311194] 1
[1743165363556410529] 1
[1743165364580104079] 1
[1743165364580163872] 1
[1743165364581311432] 1
[1743165364581354683] 1
[1743165364581393600] 1
[1743165364581511144] 1
[1743165364581576395] 1
[1743165364581668438] 1
[1743165364581782940] 1
[1743165364581814566] 1
[1743165365558899719] 1
[1743165365559006013] 1
[1743165365559079347] 1
[1743165365559150807] 1
[1743165365559194974] 1
[1743165365559248058] 1
[1743165365559289101] 1
[1743165365562241858] 1
[1743165365562353652] 1
[1743165365562917494] 1
[1743165366576934866] 1
[1743165366577002909] 1
[1743165366577056077] 1
[1743165366577095161] 1
[1743165366577130328] 1
[1743165366577184204] 1
[1743165366577275872] 1
[1743165366580227881] 1
[1743165366580295090] 1
[1743165366580999102] 1
[1743165367579979491] 1
[1743165367580064951] 1
[1743165367580126327] 1
[1743165367580197120] 1
[1743165367580263746] 1
[1743165367580308914] 1
[1743165367580346873] 1
[1743165367583590054] 1
[1743165367583751015] 1
[1743165367584223232] 1
[1743165368583142173] 1
[1743165368583205674] 1
[1743165368583260425] 1
[1743165368583329885] 1
[1743165368583406969] 1
[1743165368583525180] 1
[1743165368583596056] 1
[1743165368587462666] 1
[1743165368587593835] 1
[1743165368588039510] 1
[1743165369585548933] 1
[1743165369585659601] 1
[1743165369586855873] 1
[1743165369586927666] 1
[1743165369586967958] 1
[1743165369587182754] 1
[1743165369587333256] 1
[1743165369590374270] 1
[1743165369590437271] 1
[1743165369591018490] 1
[1743165370561631086] 1
[1743165370561706046] 1
[1743165370561749921] 1
[1743165370561783672] 1
[1743165370561826631] 1
[1743165370561877590] 1
[1743165370561915466] 1
[1743165370565812871] 1
[1743165370565917706] 1
[1743165370566675262] 1
[1743165381059775416] 1
[1743165381059858123] 1
[1743165381059898790] 1
[1743165381120424060] 1
[1743165381126387046] 1
[1743165381126441045] 1
[1743165381209640354] 1
[1743165381209727937] 1
[1743165381209781395] 1
[1743165381209825769] 1
[1743165381209862436] 1
[1743165381209904269] 1
[1743165381209952685] 1
[1743165381209990684] 1
[1743165381250381725] 1
[1743165381256663125] 1
[1743165381256711583] 1
[1743165381256741124] 1
[1743165381256772291] 1
[1743165381256802707] 1
[1743165381256843040] 1
[1743165381256872290] 1
[1743165381256920289] 1
[1743165381256969914] 1
[1743165381257007455] 1
[1743165381257037413] 1
[1743165381257077705] 1
[1743165381257117454] 1
[1743165381257145746] 1
[1743165381287875085] 1
[1743165381299090064] 1
[1743165381299173730] 1
[1743165381299258104] 1
[1743165381299302270] 1
[1743165381299337270] 1
[1743165381299366436] 1
[1743165381299402144] 1
[1743165381299434810] 1
[1743165381299467393] 1
[1743165381299517185] 1
[1743165381299600892] 1
[1743165381299669017] 1
[1743165381299713058] 1
[1743165381299743224] 1
[1743165381299771641] 1
[1743165381299801224] 1
[1743165381299827057] 1
[1743165381299883015] 1
[1743165381300238970] 1
[1743165381300293886] 1
[1743165381301173794] 1
[1743165381301267377] 1
[1743165381301551916] 1
[1743165381301617040] 1
[1743165381301675248] 1
[1743165381301696956] 1
[1743165381301754289] 1
[1743165381301817288] 1
[1743165381302076077] 1
[1743165381302200410] 1
[1743165381524189677] 1
[1743165381524388300] 1
[1743165381524444675] 1
[1743165381524493258] 1
[1743165381524542924] 1
[1743165381524653881] 1
[1743165381524718589] 1
[1743165381524834546] 1
[1743165381524895337] 1
[1743165381524958128] 1
[1743165382055944682] 1
[1743165382071234509] 1
[1743165382077491747] 1
[1743165382077554413] 1
[1743165382080940259] 1
[1743165382081036300] 1
[1743165382081587920] 1
[1743165382104330558] 1
[1743165382104403766] 1
[1743165382105033094] 1
[1743165382270669088] 1
[1743165382270873294] 1
[1743165382270988168] 1
[1743165382271115167] 1
[1743165382271238375] 1
[1743165382271324707] 1
[1743165382271659663] 1
[1743165382274437972] 1
[1743165382274607596] 1
[1743165382275304548] 1
[1743165382527895378] 1
[1743165382528115751] 1
[1743165382528151084] 1
[1743165382528187125] 1
[1743165382529108659] 1
[1743165382529730070] 1
[1743165382529779820] 1
[1743165382529838361] 1
[1743165382532940418] 1
[1743165382534469988] 1
[1743165383362584877] 1
[1743165383362684917] 1
[1743165383362912999] 1
[1743165383363099664] 1
[1743165383363286496] 1
[1743165383363350495] 1
[1743165383363465745] 1
[1743165383363559952] 1
[1743165383363645743] 1
[1743165383363850200] 1
[1743165383537031084] 1
[1743165383537179291] 1
[1743165383537227791] 1
[1743165383537259916] 1
[1743165383537281707] 1
[1743165383537308082] 1
[1743165383537399331] 1
[1743165383537427456] 1
[1743165383537488539] 1
[1743165383537531038] 1
[1743165384064886963] 1
[1743165384329840474] 1
[1743165384329949057] 1
[1743165384330145472] 1
[1743165384330262054] 1
[1743165384330347679] 1
[1743165384336660508] 1
[1743165384336798007] 1
[1743165384337299129] 1
[1743165384337697751] 1
[1743165384539432841] 1
[1743165384539599548] 1
[1743165384539692839] 1
[1743165384539714631] 1
[1743165384539737881] 1
[1743165384539818089] 1
[1743165384539860130] 1
[1743165384539888838] 1
[1743165384539905005] 1
[1743165384539922088] 1
[1743165385635365639] 1
[1743165385635524929] 1
[1743165385635684720] 1
[1743165385635769844] 1
[1743165385635944843] 1
[1743165385636062509] 1
[1743165385636115800] 1
[1743165385639392612] 1
[1743165385640170066] 1
[1743165385640263065] 1
[1743165386621983630] 1
[1743165386622118254] 1
[1743165386622203503] 1
[1743165386622414461] 1
[1743165386622491252] 1
[1743165386622550251] 1
[1743165386622752000] 1
[1743165386626322563] 1
[1743165386626473354] 1
[1743165386626787560] 1
[1743165387642121428] 1
[1743165387642299844] 1
[1743165387642437760] 1
[1743165387642519468] 1
[1743165387642596801] 1
[1743165387642657134] 1
[1743165387642786466] 1
[1743165387643170964] 1
[1743165387643368547] 1
[1743165387643668628] 1
[1743165388640336299] 1
[1743165388640535381] 1
[1743165388640855004] 1
[1743165388640931796] 1
[1743165388641029462] 1
[1743165388641090003] 1
[1743165388641177545] 1
[1743165388644873278] 1
[1743165388645009444] 1
[1743165388645500650] 1
[1743165389640782011] 1
[1743165389641136801] 1
[1743165389642356630] 1
[1743165389642713545] 1
[1743165389642786961] 1
[1743165389642912419] 1
[1743165389643036002] 1
[1743165389643138585] 1
[1743165389643229460] 1
[1743165389643313418] 1
[1743165390642857311] 1
[1743165390643088477] 1
[1743165390643175560] 1
[1743165390643266976] 1
[1743165390643322018] 1
[1743165390643391392] 1
[1743165390643449184] 1
[1743165390646671132] 1
[1743165390646836715] 1
[1743165390647373338] 1
[1743165391554927767] 1
[1743165391554979558] 1
[1743165391555051600] 1
[1743165391555078058] 1
[1743165391555106308] 1
[1743165391555117183] 1
[1743165391555128100] 1
[1743165391555165516] 1
[1743165391555242266] 1
[1743165391555251433] 1
[1743165392640160796] 1
[1743165392649933443] 1
[1743165392649996568] 1
[1743165392650176609] 1
[1743165392650251442] 1
[1743165392650313234] 1
[1743165392650393692] 1
[1743165392650784566] 1
[1743165392650901608] 1
[1743165392650968441] 1
[1743165393658808170] 1
[1743165393658879587] 1
[1743165393658979586] 1
[1743165393659075045] 1
[1743165393659120045] 1
[1743165393659254711] 1
[1743165393659327419] 1
[1743165393659405336] 1
[1743165393659784210] 1
[1743165393659867918] 1
[1743165394653287557] 1
[1743165394653371265] 1
[1743165394654707556] 1
[1743165394654823639] 1
[1743165394665345672] 1
[1743165394665407088] 1
[1743165394665676505] 1
[1743165394666149421] 1
[1743165394666323671] 1
[1743165394666400088] 1
[1743165395654142855] 1
[1743165395654275813] 1
[1743165395654398772] 1
[1743165395654499605] 1
[1743165395664832102] 1
[1743165395665093269] 1
[1743165395665325227] 1
[1743165395665957186] 1
[1743165395666062727] 1
[1743165395666106560] 1
[1743165396667797236] 1
[1743165396667891777] 1
[1743165396668005611] 1
[1743165396668092611] 1
[1743165396668303361] 1
[1743165396668384986] 1
[1743165396668521319] 1
[1743165396668589277] 1
[1743165396668645569] 1
[1743165396668884903] 1
[1743165397660547889] 1
[1743165397660734056] 1
[1743165397660792014] 1
[1743165397660869890] 1
[1743165397661142306] 1
[1743165397661236931] 1
[1743165397661300307] 1
[1743165397664685851] 1
[1743165397664939768] 1
[1743165397665295893] 1
[1743165398667698531] 1
[1743165398667821198] 1
[1743165398667896282] 1
[1743165398668113740] 1
[1743165398668193699] 1
[1743165398668260866] 1
[1743165398668342366] 1
[1743165398671329495] 1
[1743165398671411745] 1
[1743165398672055038] 1
[1743165399673827688] 1
[1743165399673899813] 1
[1743165399675200732] 1
[1743165399675316066] 1
[1743165399675389399] 1
[1743165399675502941] 1
[1743165399675646317] 1
[1743165399679174324] 1
[1743165399679247782] 1
[1743165399679912492] 1
[1743165400673229126] 1
[1743165400673339001] 1
[1743165400673425835] 1
[1743165400673555377] 1
[1743165400682842400] 1
[1743165400682939192] 1
[1743165400683083651] 1
[1743165400683674902] 1
[1743165400683828486] 1
[1743165400683926028] 1
[1743165401583340031] 1
[1743165401583482990] 1
[1743165401583506781] 1
[1743165401583523948] 1
[1743165401583542073] 1
[1743165401583593115] 1
[1743165401583643073] 1
[1743165401583661782] 1
[1743165401583680115] 1
[1743165401583696865] 1
[1743165402678243779] 1
[1743165402678330613] 1
[1743165402678445947] 1
[1743165402678518364] 1
[1743165402678605739] 1
[1743165402678670781] 1
[1743165402678723198] 1
[1743165402682715087] 1
[1743165402682904838] 1
[1743165402683604174] 1
[1743165403682694064] 1
[1743165403682864523] 1
[1743165403683096440] 1
[1743165403683193441] 1
[1743165403683357233] 1
[1743165403683437942] 1
[1743165403683510734] 1
[1743165403686570705] 1
[1743165403686655122] 1
[1743165403687193166] 1
[1743165404677803193] 1
[1743165404677950277] 1
[1743165404679153324] 1
[1743165404679261033] 1
[1743165404679355159] 1
[1743165404679457743] 1
[1743165404679533910] 1
[1743165404682998426] 1
[1743165404683170301] 1
[1743165404683764429] 1
[1743165405687380142] 1
[1743165405687460018] 1
[1743165405687623935] 1
[1743165405687740769] 1
[1743165405687831061] 1
[1743165405687895478] 1
[1743165405688126771] 1
[1743165405688202396] 1
[1743165405688273313] 1
[1743165405688349439] 1
[1743165406681129838] 1
[1743165406681279131] 1
[1743165406681362256] 1
[1743165406681617299] 1
[1743165406681705216] 1
[1743165406681788758] 1
[1743165406681848384] 1
[1743165406685296070] 1
[1743165406685434321] 1
[1743165406686276617] 1
[1743165407688407803] 1
[1743165407688485096] 1
[1743165407688624680] 1
[1743165407688672972] 1
[1743165407688712139] 1
[1743165407688737014] 1
[1743165407688772222] 1
[1743165407693140957] 1
[1743165407693270458] 1
[1743165407693929462] 1
[1743165408699157651] 1
[1743165408699282860] 1
[1743165408699333235] 1
[1743165408699443695] 1
[1743165408699536528] 1
[1743165408699674988] 1
[1743165408699785488] 1
[1743165408702749925] 1
[1743165408702863800] 1
[1743165408703454096] 1
[1743165409696671761] 1
[1743165409697007430] 1
[1743165409697116847] 1
[1743165409697180431] 1
[1743165409697232764] 1
[1743165409697293057] 1
[1743165409697345765] 1
[1743165409700635455] 1
[1743165409700885248] 1
[1743165409701314793] 1
[1743165410700387710] 1
[1743165410700561253] 1
[1743165410700613878] 1
[1743165410700729754] 1
[1743165410700912422] 1
[1743165410701038507] 1
[1743165410701196174] 1
[1743165410705380539] 1
[1743165410705516290] 1
[1743165410705987127] 1
[1743165411608048940] 1
[1743165411608165607] 1
[1743165411608204774] 1
[1743165411608241399] 1
[1743165411608276650] 1
[1743165411608289108] 1
[1743165411608326025] 1
[1743165411608360775] 1
[1743165411608389401] 1
[1743165411608416693] 1
[1743165412704008113] 1
[1743165412704113322] 1
[1743165412704196114] 1
[1743165412704274615] 1
[1743165412704437033] 1
[1743165412704510200] 1
[1743165412704582701] 1
[1743165412707575601] 1
[1743165412707667602] 1
[1743165412708207231] 1
[1743165413705417353] 1
[1743165413705515437] 1
[1743165413705579730] 1
[1743165413705632688] 1
[1743165413705684439] 1
[1743165413705738606] 1
[1743165413705803732] 1
[1743165413709889976] 1
[1743165413710053269] 1
[1743165413710526815] 1
[1743165414704159005] 1
[1743165414704254839] 1
[1743165414705430350] 1
[1743165414705525476] 1
[1743165414705606101] 1
[1743165414705680727] 1
[1743165414705788186] 1
[1743165414708793172] 1
[1743165414708876923] 1
[1743165414709471262] 1
[1743165415696198476] 1
[1743165415696376394] 1
[1743165415696533062] 1
[1743165415696711814] 1
[1743165415696791856] 1
[1743165415696954066] 1
[1743165415696998233] 1
[1743165415700266015] 1
[1743165415700345057] 1
[1743165415700947105] 1
[1743165416711459720] 1
[1743165416711601013] 1
[1743165416711869891] 1
[1743165416711957684] 1
[1743165416712026809] 1
[1743165416718064870] 1
[1743165416718106454] 1
[1743165416718263081] 1
[1743165416718752710] 1
[1743165416718900045] 1
[1743165417711435648] 1
[1743165417711531065] 1
[1743165417711704484] 1
[1743165417711833819] 1
[1743165417711908653] 1
[1743165417712156822] 1
[1743165417712251365] 1
[1743165417715419106] 1
[1743165417715715359] 1
[1743165417716207031] 1
[1743165418708208948] 1
[1743165418708295282] 1
[1743165418708385908] 1
[1743165418708468784] 1
[1743165418708680245] 1
[1743165418708795788] 1
[1743165418708906956] 1
[1743165418708991998] 1
[1743165418712517578] 1
[1743165418713188794] 1
[1743165419726218845] 1
[1743165419726284220] 1
[1743165419727666403] 1
[1743165419727731653] 1
[1743165419727790529] 1
[1743165419727848280] 1
[1743165419727885988] 1
[1743165419728326077] 1
[1743165419728483454] 1
[1743165419728562579] 1
[1743165420728148502] 1
[1743165420728312295] 1
[1743165420728381921] 1
[1743165420728560632] 1
[1743165420728812510] 1
[1743165420728864468] 1
[1743165420728958720] 1
[1743165420732140257] 1
[1743165420732214508] 1
[1743165420733017809] 1
[1743165421633101088] 1
[1743165421633309257] 1
[1743165421633346841] 1
[1743165421633382549] 1
[1743165421633425175] 1
[1743165421633460592] 1
[1743165421633541635] 1
[1743165421633586510] 1
[1743165421633663011] 1
[1743165421633699720] 1
[1743165422728863656] 1
[1743165422728961240] 1
[1743165422729017658] 1
[1743165422729066325] 1
[1743165422729169576] 1
[1743165422729260411] 1
[1743165422729443371] 1
[1743165422732457534] 1
[1743165422732529118] 1
[1743165422733102792] 1
[1743165423737773641] 1
[1743165423737872517] 1
[1743165423738128270] 1
[1743165423738205813] 1
[1743165423738273397] 1
[1743165423738319689] 1
[1743165423738613943] 1
[1743165423738729944] 1
[1743165423738832196] 1
[1743165423738916447] 1
[1743165424727909296] 1
[1743165424728075173] 1
[1743165424728301301] 1
[1743165424728436720] 1
[1743165424728517221] 1
[1743165424728835058] 1
[1743165424728887351] 1
[1743165424731986183] 1
[1743165424732084060] 1
[1743165424732687526] 1
[1743165425736187556] 1
[1743165425736267599] 1
[1743165425736358392] 1
[1743165425736464893] 1
[1743165425736539519] 1
[1743165425736644937] 1
[1743165425736849482] 1
[1743165425739842397] 1
[1743165425739937940] 1
[1743165425740484781] 1
[1743165426740967132] 1
[1743165426741078717] 1
[1743165426741124134] 1
[1743165426741150968] 1
[1743165426741248386] 1
[1743165426741311970] 1
[1743165426741417180] 1
[1743165426741647475] 1
[1743165426741832103] 1
[1743165426742030439] 1
[1743165427738631963] 1
[1743165427738709547] 1
[1743165427738824716] 1
[1743165427738894633] 1
[1743165427738946801] 1
[1743165427739074678] 1
[1743165427739203305] 1
[1743165427742634479] 1
[1743165427742953608] 1
[1743165427743094235] 1
[1743165428749670878] 1
[1743165428749743462] 1
[1743165428749813088] 1
[1743165428749932715] 1
[1743165428750043133] 1
[1743165428750104801] 1
[1743165428750178552] 1
[1743165428753119053] 1
[1743165428753203388] 1
[1743165428753751896] 1
[1743165429749952649] 1
[1743165429750017484] 1
[1743165429750189111] 1
[1743165429751303378] 1
[1743165429751355420] 1
[1743165429751403338] 1
[1743165429751463922] 1
[1743165429751629008] 1
[1743165429751732009] 1
[1743165429751803594] 1
[1743165430744037330] 1
[1743165430744146332] 1
[1743165430744322168] 1
[1743165430744436836] 1
[1743165430744551004] 1
[1743165430744727465] 1
[1743165430744924552] 1
[1743165430744985386] 1
[1743165430748244811] 1
[1743165430749161825] 1
[1743165431718820495] 1
[1743165431722729681] 1
[1743165431722824932] 1
[1743165431723084436] 1
[1743165431723218314] 1
[1743165431723274398] 1
[1743165431726845329] 1
[1743165431726903246] 1
[1743165431730746556] 1
[1743165431730816057] 1
[1743165432707526693] 1
[1743165432707668778] 1
[1743165432707767696] 1
[1743165432707848781] 1
[1743165432707924157] 1
[1743165432708175328] 1
[1743165432708301622] 1
[1743165432708779088] 1
[1743165432711683551] 1
[1743165432712801985] 1
[1743165433714431376] 1
[1743165433714544503] 1
[1743165433714782424] 1
[1743165433714854175] 1
[1743165433714930676] 1
[1743165433715106721] 1
[1743165433715166805] 1
[1743165433715443393] 1
[1743165433715523977] 1
[1743165433715735481] 1
[1743165434735730412] 1
[1743165434736102002] 1
[1743165434736310088] 1
[1743165434736640177] 1
[1743165434736949391] 1
[1743165434737026559] 1
[1743165434737286855] 1
[1743165434737465816] 1
[1743165434737569818] 1
[1743165434737851364] 1
[1743165435741612554] 1
[1743165435741721389] 1
[1743165435742059937] 1
[1743165435742161813] 1
[1743165435742372400] 1
[1743165435742502319] 1
[1743165435742597571] 1
[1743165435742694656] 1
[1743165435742860617] 1
[1743165435742948452] 1
[1743165436773116198] 1
[1743165436773321659] 1
[1743165436773735833] 1
[1743165436773905461] 1
[1743165436773991254] 1
[1743165436774465804] 1
[1743165436774554222] 1
[1743165436774810060] 1
[1743165436774929187] 1
[1743165436775232859] 1
[1743165437768699116] 1
[1743165437768863327] 1
[1743165437772943274] 1
[1743165437773019358] 1
[1743165437773066901] 1
[1743165437773576410] 1
[1743165437774046668] 1
[1743165437774113919] 1
[1743165437774300256] 1
[1743165437774495301] 1
[1743165438747524245] 1
[1743165438756284211] 1
[1743165438756789969] 1
[1743165438756886596] 1
[1743165438757171767] 1
[1743165438757391228] 1
[1743165438761600500] 1
[1743165438761772086] 1
[1743165438766003442] 1
[1743165438766065985] 1
[1743165439764621228] 1
[1743165439764823018] 1
[1743165439764926433] 1
[1743165439764992266] 1
[1743165439774596286] 1
[1743165439774655452] 1
[1743165439774888449] 1
[1743165439775235320] 1
[1743165439775626775] 1
[1743165439775698482] 1
[1743165440778465259] 1
[1743165440778653382] 1
[1743165440778867172] 1
[1743165440778929046] 1
[1743165440779232543] 1
[1743165440779280043] 1
[1743165440779384417] 1
[1743165440779481916] 1
[1743165440779816704] 1
[1743165440780038827] 1
[1743165441768838933] 1
[1743165441769251304] 1
[1743165441769360262] 1
[1743165441769426803] 1
[1743165441769531885] 1
[1743165441769612717] 1
[1743165441769797882] 1
[1743165441772786895] 1
[1743165441772874853] 1
[1743165441773417264] 1
[1743165442765583510] 1
[1743165442765692134] 1
[1743165442765966799] 1
[1743165442766005173] 1
[1743165442766084672] 1
[1743165442766125839] 1
[1743165442766313670] 1
[1743165442766629501] 1
[1743165442766971748] 1
[1743165442767032581] 1
[1743165443771598635] 1
[1743165443771666176] 1
[1743165443771727801] 1
[1743165443771942008] 1
[1743165443772032257] 1
[1743165443772085965] 1
[1743165443772155506] 1
[1743165443775048440] 1
[1743165443775184939] 1
[1743165443775741101] 1
[1743165444766697842] 1
[1743165444766772133] 1
[1743165444766861799] 1
[1743165444766933673] 1
[1743165444767000965] 1
[1743165444767052256] 1
[1743165444767107964] 1
[1743165444770041608] 1
[1743165444770124941] 1
[1743165444770697478] 1
[1743165445768185482] 1
[1743165445768286023] 1
[1743165445768423189] 1
[1743165445768583646] 1
[1743165445768636520] 1
[1743165445768702270] 1
[1743165445768758603] 1
[1743165445771913539] 1
[1743165445771999414] 1
[1743165445772737492] 1
[1743165446761967937] 1
[1743165446762374518] 1
[1743165446762867765] 1
[1743165446762934264] 1
[1743165446763064763] 1
[1743165446763129930] 1
[1743165446763268345] 1
[1743165446763391261] 1
[1743165446763435719] 1
[1743165446763567218] 1
[1743165447781886199] 1
[1743165447781954991] 1
[1743165447781984282] 1
[1743165447782032032] 1
[1743165447782126948] 1
[1743165447782244031] 1
[1743165447782361155] 1
[1743165447785239555] 1
[1743165447785309680] 1
[1743165447786021093] 1
[1743165448776145193] 1
[1743165448776243817] 1
[1743165448776443608] 1
[1743165448776530316] 1
[1743165448776672482] 1
[1743165448776898064] 1
[1743165448776940231] 1
[1743165448780590837] 1
[1743165448781264042] 1
[1743165448781652457] 1
[1743165449775803015] 1
[1743165449775974723] 1
[1743165449776067389] 1
[1743165449776123222] 1
[1743165449776221972] 1
[1743165449776314138] 1
[1743165449776409179] 1
[1743165449780691035] 1
[1743165449780791035] 1
[1743165449781360157] 1
[1743165450786271021] 1
[1743165450786350729] 1
[1743165450786538854] 1
[1743165450786793561] 1
[1743165450786870811] 1
[1743165450786934144] 1
[1743165450787014518] 1
[1743165450790646088] 1
[1743165450790794129] 1
[1743165450791294710] 1
[1743165451777918149] 1
[1743165451777998232] 1
[1743165451778192857] 1
[1743165451778266315] 1
[1743165451778452397] 1
[1743165451778538814] 1
[1743165451785836040] 1
[1743165451785962790] 1
[1743165451786715162] 1
[1743165452710787755] 1
[1743165452806277585] 1
[1743165452806520335] 1
[1743165452806616876] 1
[1743165452806674501] 1
[1743165452806788167] 1
[1743165452807004458] 1
[1743165452810137367] 1
[1743165452810183950] 1
[1743165452810789365] 1
[1743165453713514961] 1
[1743165453785334520] 1
[1743165453785414728] 1
[1743165453785513312] 1
[1743165453785562853] 1
[1743165453785586436] 1
[1743165453785608270] 1
[1743165453791593257] 1
[1743165453791825132] 1
[1743165454716722067] 1
[1743165454716874859] 1
[1743165454796078113] 1
[1743165454796171988] 1
[1743165454796386196] 1
[1743165454796476738] 1
[1743165454796621821] 1
[1743165454796680404] 1
[1743165454799729733] 1
[1743165455719278066] 1
[1743165455719382732] 1
[1743165455719410649] 1
[1743165455789640373] 1
[1743165455789700248] 1
[1743165455789745748] 1
[1743165455789774040] 1
[1743165455789854414] 1
[1743165455789979456] 1
[1743165455792959870] 1
[1743165456721861114] 1
[1743165456722222155] 1
[1743165456722311447] 1
[1743165456810784451] 1
[1743165456811111035] 1
[1743165456811204868] 1
[1743165456814364075] 1
[1743165456814408117] 1
[1743165456817473615] 1
[1743165456818101740] 1
[1743165457724977994] 1
[1743165457725118119] 1
[1743165457725160078] 1
[1743165457802918128] 1
[1743165457803117462] 1
[1743165457803222503] 1
[1743165457803288587] 1
[1743165457803364795] 1
[1743165457806702504] 1
[1743165458726490865] 1
[1743165458726734615] 1
[1743165458726795740] 1
[1743165458727029198] 1
[1743165458812053211] 1
[1743165458812221170] 1
[1743165458812326253] 1
[1743165458815419630] 1
[1743165458815482672] 1
[1743165458815593547] 1
[1743165459728957801] 1
[1743165459729167551] 1
[1743165459729235051] 1
[1743165459729276676] 1
[1743165459806839558] 1
[1743165459810002687] 1
[1743165459810058853] 1
[1743165459813151774] 1
[1743165459813208607] 1
[1743165460732339087] 1
[1743165460732654505] 1
[1743165460732688130] 1
[1743165460732916588] 1
[1743165460733170047] 1
[1743165460810442218] 1
[1743165460817885439] 1
[1743165460818056772] 1
[1743165460818116856] 1
[1743165460818395356] 1
[1743165461734398838] 1
[1743165461734745880] 1
[1743165461734792255] 1
[1743165461734824797] 1
[1743165461736276550] 1
[1743165461815348014] 1
[1743165461815435264] 1
[1743165461819095355] 1
[1743165461822533571] 1
[1743165462737687091] 1
[1743165462737838133] 1
[1743165462737871008] 1
[1743165462737906633] 1
[1743165462737954258] 1
[1743165462737987342] 1
[1743165462813084250] 1
[1743165462813201542] 1
[1743165462813252376] 1
[1743165462820088436] 1
[1743165463739886083] 1
[1743165463740075667] 1
[1743165463742276674] 1
[1743165463742335341] 1
[1743165463742434008] 1
[1743165463742755675] 1
[1743165463809778970] 1
[1743165463816501116] 1
[1743165463816549616] 1
[1743165464744447817] 1
[1743165464744601193] 1
[1743165464744638485] 1
[1743165464744689193] 1
[1743165464744739527] 1
[1743165464744768943] 1
[1743165464744800985] 1
[1743165464806949169] 1
[1743165464807059378] 1
[1743165464813525735] 1
[1743165465747392815] 1
[1743165465747600483] 1
[1743165465747643483] 1
[1743165465747689566] 1
[1743165465747725066] 1
[1743165465747770817] 1
[1743165465747803150] 1
[1743165465808191815] 1
[1743165465808455816] 1
[1743165466749657029] 1
[1743165466749829905] 1
[1743165466749878947] 1
[1743165466749921405] 1
[1743165466749961822] 1
[1743165466750000322] 1
[1743165466750851326] 1
[1743165466750926118] 1
[1743165466821096314] 1
[1743165466828337556] 1
[1743165467752969085] 1
[1743165467753132878] 1
[1743165467753192169] 1
[1743165467753247753] 1
[1743165467753282378] 1
[1743165467753317753] 1
[1743165467753347837] 1
[1743165467753377129] 1
[1743165467805313807] 1
[1743165468756023345] 1
[1743165468756212096] 1
[1743165468756259513] 1
[1743165468756299304] 1
[1743165468756425388] 1
[1743165468756501264] 1
[1743165468756544764] 1
[1743165468756578681] 1
[1743165468756612015] 1
[1743165468789930155] 1
[1743165469757904753] 1
[1743165469757996712] 1
[1743165469758034712] 1
[1743165469758053796] 1
[1743165469758081379] 1
[1743165469758113421] 1
[1743165469758134671] 1
[1743165469758156422] 1
[1743165469807494505] 1
[1743165469814992508] 1
[1743165470760962443] 1
[1743165470761160236] 1
[1743165470761201111] 1
[1743165470761353029] 1
[1743165470761391904] 1
[1743165470761459363] 1
[1743165470761976324] 1
[1743165470825531020] 1
[1743165470825604354] 1
[1743165470825837439] 1
[1743165471764313735] 1
[1743165471764586111] 1
[1743165471764658154] 1
[1743165471764759738] 1
[1743165471764812488] 1
[1743165471764861280] 1
[1743165471764903364] 1
[1743165471764952406] 1
[1743165471765425909] 1
[1743165472869283478] 1
[1743165472869804273] 1
[1743165472869835065] 1
[1743165472869900566] 1
[1743165472878532920] 1
[1743165472878598545] 1
[1743165472878658004] 1
[1743165472885601721] 1
[1743165472885719638] 1
[1743165472894724411] 1
[1743165473770842216] 1
[1743165473771083510] 1
[1743165473771133635] 1
[1743165473771190094] 1
[1743165473771227136] 1
[1743165473771260678] 1
[1743165473771299345] 1
[1743165473771390262] 1
[1743165473771496680] 1
[1743165473772206602] 1
[1743165474857901068] 1
[1743165474867183642] 1
[1743165474867265060] 1
[1743165474873914196] 1
[1743165474873988322] 1
[1743165474880261997] 1
[1743165474880356457] 1
[1743165474880398915] 1
[1743165474880452916] 1
[1743165474882214513] 1
[1743165475777721940] 1
[1743165475777849816] 1
[1743165475777880525] 1
[1743165475777919400] 1
[1743165475777971442] 1
[1743165475777993984] 1
[1743165475778020193] 1
[1743165475778044026] 1
[1743165475778075818] 1
[1743165475778114985] 1
[1743165476889335176] 1
[1743165476889392385] 1
[1743165476889464052] 1
[1743165476894441513] 1
[1743165476894510722] 1
[1743165476897427790] 1
[1743165476897464915] 1
[1743165476897496332] 1
[1743165476897584999] 1
[1743165476903355300] 1
[1743165477782692503] 1
[1743165477782815587] 1
[1743165477782853046] 1
[1743165477782879838] 1
[1743165477782917380] 1
[1743165477782967963] 1
[1743165477782997880] 1
[1743165477783051673] 1
[1743165477783169340] 1
[1743165477783201716] 1
[1743165478862689510] 1
[1743165478862759802] 1
[1743165478862806428] 1
[1743165478862871762] 1
[1743165478862908137] 1
[1743165478862951096] 1
[1743165478862991846] 1
[1743165478869122113] 1
[1743165478870884297] 1
[1743165478873599282] 1
[1743165479788254581] 1
[1743165479788548001] 1
[1743165479788622085] 1
[1743165479788669252] 1
[1743165479788774837] 1
[1743165479788794795] 1
[1743165479828738694] 1
[1743165479828914154] 1
[1743165479829191574] 1
[1743165479829860164] 1
[1743165480858637681] 1
[1743165480858688764] 1
[1743165480858731848] 1
[1743165480858807141] 1
[1743165480858933142] 1
[1743165480859045268] 1
[1743165480859099560] 1
[1743165480861868506] 1
[1743165480861966173] 1
[1743165480862588096] 1
[1743165501322504735] 1
[1743165501350884111] 1
[1743165501425872831] 1
[1743165501425964163] 1
[1743165501504302853] 1
[1743165501504401019] 1
[1743165501504477769] 1
[1743165501504532060] 1
[1743165501504577101] 1
[1743165501504641809] 1
[1743165501504760016] 1
[1743165501504826516] 1
[1743165501525137671] 1
[1743165501525262795] 1
[1743165501525316711] 1
[1743165501525366711] 1
[1743165501548270844] 1
[1743165501548333260] 1
[1743165501548390760] 1
[1743165501548419968] 1
[1743165501548471676] 1
[1743165501548513092] 1
[1743165501548830339] 1
[1743165501548944338] 1
[1743165501548980254] 1
[1743165501549012879] 1
[1743165501549080462] 1
[1743165501549116503] 1
[1743165501549167003] 1
[1743165501549296668] 1
[1743165501549373251] 1
[1743165501594265484] 1
[1743165501594338025] 1
[1743165501597787161] 1
[1743165501616833536] 1
[1743165501616893161] 1
[1743165501617092117] 1
[1743165501617217158] 1
[1743165501617331574] 1
[1743165501617374198] 1
[1743165501617650071] 1
[1743165501617718445] 1
[1743165501617844152] 1
[1743165501617873235] 1
[1743165501617916777] 1
[1743165501617976110] 1
[1743165501618024401] 1
[1743165501618050567] 1
[1743165501618495980] 1
[1743165501618558854] 1
[1743165501618608187] 1
[1743165501618666854] 1
[1743165501618700687] 1
[1743165501618753769] 1
[1743165501618782269] 1
[1743165501618934601] 1
[1743165501619043642] 1
[1743165501619132224] 1
[1743165501619167599] 1
[1743165501619210515] 1
[1743165501619239724] 1
[1743165501619273515] 1
[1743165501619304515] 1
[1743165501619352931] 1
[1743165501619385389] 1
[1743165501619781219] 1
[1743165501619994425] 1
[1743165501620336047] 1
[1743165501623454603] 1
[1743165501623498270] 1
[1743165501623538811] 1
[1743165501623583727] 1
[1743165501624073431] 1
[1743165501624134431] 1
[1743165501624299471] 1
[1743165501624440886] 1
[1743165501624540386] 1
[1743165501624586552] 1
[1743165501626097205] 1
[1743165501626491035] 1
[1743165501853153220] 1
[1743165501853240219] 1
[1743165501853306260] 1
[1743165501853351760] 1
[1743165501853426551] 1
[1743165501853464676] 1
[1743165501860419198] 1
[1743165501860479239] 1
[1743165501860511906] 1
[1743165501860541739] 1
[1743165502229979733] 1
[1743165502277414598] 1
[1743165502277492556] 1
[1743165502277962719] 1
[1743165502284590874] 1
[1743165502294435585] 1
[1743165502329639633] 1
[1743165502329859923] 1
[1743165502329950089] 1
[1743165502373226238] 1
[1743165502373340612] 1
[1743165502373769066] 1
[1743165502373854691] 1
[1743165502374026564] 1
[1743165502374196563] 1
[1743165502374281312] 1
[1743165502374427561] 1
[1743165502383255823] 1
[1743165502383376155] 1
[1743165502383503821] 1
[1743165502383689986] 1
[1743165502383768444] 1
[1743165502384014983] 1
[1743165502384500271] 1
[1743165502384630353] 1
[1743165502384775310] 1
[1743165502632148136] 1
[1743165502632389218] 1
[1743165502633580166] 1
[1743165502633854789] 1
[1743165502862575225] 1
[1743165502862666682] 1
[1743165502862709015] 1
[1743165502862768056] 1
[1743165502862834473] 1
[1743165502862872347] 1
[1743165502862897680] 1
[1743165502862938263] 1
[1743165502862987846] 1
[1743165502863041138] 1
[1743165503460295073] 1
[1743165503460518404] 1
[1743165503460661403] 1
[1743165503460851319] 1
[1743165503461157191] 1
[1743165503461482105] 1
[1743165503461546563] 1
[1743165503461619688] 1
[1743165503484928680] 1
[1743165503485028721] 1
[1743165503485115303] 1
[1743165503485183969] 1
[1743165503485235927] 1
[1743165503485324635] 1
[1743165503485381051] 1
[1743165503485525467] 1
[1743165503485574842] 1
[1743165503610285365] 1
[1743165503610576196] 1
[1743165503611267941] 1
[1743165503864916289] 1
[1743165503865120996] 1
[1743165503865176120] 1
[1743165503865242745] 1
[1743165503865311786] 1
[1743165503865367036] 1
[1743165503865415327] 1
[1743165503865466327] 1
[1743165503865632700] 1
[1743165503865707866] 1
[1743165504482171284] 1
[1743165504482333449] 1
[1743165504482403490] 1
[1743165504482486448] 1
[1743165504510062717] 1
[1743165504510167091] 1
[1743165504510395089] 1
[1743165504510476422] 1
[1743165504510577630] 1
[1743165504510715962] 1
[1743165504510859586] 1
[1743165504510930127] 1
[1743165504510989169] 1
[1743165504511043418] 1
[1743165504511488832] 1
[1743165504511578539] 1
[1743165504511680039] 1
[1743165504511718539] 1
[1743165504608956410] 1
[1743165504609772571] 1
[1743165504867163381] 1
[1743165504867285589] 1
[1743165504867537129] 1
[1743165504867736211] 1
[1743165504867764752] 1
[1743165504867793419] 1
[1743165504867912751] 1
[1743165504867963418] 1
[1743165504868003001] 1
[1743165504868027750] 1
[1743165505472485700] 1
[1743165505472673282] 1
[1743165505472773698] 1
[1743165505472855489] 1
[1743165505472938697] 1
[1743165505472988905] 1
[1743165505473120696] 1
[1743165505473320736] 1
[1743165505473438569] 1
[1743165505619912356] 1
[1743165505869830783] 1
[1743165505869986907] 1
[1743165505872164269] 1
[1743165505872242268] 1
[1743165505872279351] 1
[1743165505872342809] 1
[1743165505872443850] 1
[1743165505872491642] 1
[1743165505872532391] 1
[1743165505872593016] 1
[1743165506513060037] 1
[1743165506513240619] 1
[1743165506513334661] 1
[1743165506513399577] 1
[1743165506513461368] 1
[1743165506513596909] 1
[1743165506513974282] 1
[1743165506514069906] 1
[1743165506514144198] 1
[1743165506514236947] 1
[1743165506875425763] 1
[1743165506875821761] 1
[1743165506875908927] 1
[1743165506875976301] 1
[1743165506876044009] 1
[1743165506876176217] 1
[1743165506876230508] 1
[1743165506876278800] 1
[1743165506876437549] 1
[1743165506876622631] 1
[1743165507530826290] 1
[1743165507531007039] 1
[1743165507531140872] 1
[1743165507531316954] 1
[1743165507531467204] 1
[1743165507531623703] 1
[1743165507531742994] 1
[1743165507531831077] 1
[1743165507587593833] 1
[1743165507607634939] 1
[1743165507878267844] 1
[1743165507878408302] 1
[1743165507878449135] 1
[1743165507878472385] 1
[1743165507878526385] 1
[1743165507878551301] 1
[1743165507878579009] 1
[1743165507878632801] 1
[1743165507878659801] 1
[1743165507878749425] 1
[1743165508620459021] 1
[1743165508620702103] 1
[1743165508621210184] 1
[1743165508621366683] 1
[1743165508621540474] 1
[1743165508621730015] 1
[1743165508621818348] 1
[1743165508626868241] 1
[1743165508627049616] 1
[1743165508627207573] 1
[1743165508881235876] 1
[1743165508881349500] 1
[1743165508881382792] 1
[1743165508881428166] 1
[1743165508881487583] 1
[1743165508881513999] 1
[1743165508881532874] 1
[1743165508881563541] 1
[1743165508881595582] 1
[1743165508881615207] 1
[1743165509947981094] 1
[1743165509948044011] 1
[1743165509948116052] 1
[1743165509948193885] 1
[1743165509948259343] 1
[1743165509948318301] 1
[1743165509948392676] 1
[1743165509951622496] 1
[1743165509951728829] 1
[1743165509952342410] 1
[1743165510950288829] 1
[1743165510950366620] 1
[1743165510950561078] 1
[1743165510950636869] 1
[1743165510959226965] 1
[1743165510959279215] 1
[1743165510959324589] 1
[1743165510960385044] 1
[1743165510960549960] 1
[1743165510960622127] 1
[1743165511887619216] 1
[1743165511887798965] 1
[1743165511887824715] 1
[1743165511888026881] 1
[1743165511888136339] 1
[1743165511888174756] 1
[1743165511888213131] 1
[1743165511888238256] 1
[1743165511888262589] 1
[1743165511888294214] 1
[1743165512955283932] 1
[1743165512955362432] 1
[1743165512955525348] 1
[1743165512955633973] 1
[1743165512955896680] 1
[1743165512956033972] 1
[1743165512956115180] 1
[1743165512959149131] 1
[1743165512959238131] 1
[1743165512959752005] 1
[1743165513961372027] 1
[1743165513961539027] 1
[1743165513961625610] 1
[1743165513961717193] 1
[1743165513961805110] 1
[1743165513962103526] 1
[1743165513962175318] 1
[1743165513965022271] 1
[1743165513965198520] 1
[1743165513965709853] 1
[1743165514960750366] 1
[1743165514960831991] 1
[1743165514961121157] 1
[1743165514961280532] 1
[1743165514961395865] 1
[1743165514961488074] 1
[1743165514961669948] 1
[1743165514964567070] 1
[1743165514964659069] 1
[1743165514965257569] 1
[1743165515962225756] 1
[1743165515962313840] 1
[1743165515962434589] 1
[1743165515962482339] 1
[1743165515962573881] 1
[1743165515962628631] 1
[1743165515962757506] 1
[1743165515965931670] 1
[1743165515966034712] 1
[1743165515966604961] 1
[1743165516473923086] 1
[1743165516474107253] 1
[1743165516474451919] 1
[1743165516474568211] 1
[1743165516646526994] 1
[1743165516646861494] 1
[1743165516647098411] 1
[1743165516647311827] 1
[1743165516647490785] 1
[1743165516647671869] 1
[1743165516898381296] 1
[1743165516898844295] 1
[1743165516898890545] 1
[1743165516898932170] 1
[1743165516899040045] 1
[1743165516899668170] 1
[1743165516901759003] 1
[1743165516901802420] 1
[1743165516901840628] 1
[1743165516901878628] 1
[1743165517973173088] 1
[1743165517973356796] 1
[1743165517973441629] 1
[1743165517973555004] 1
[1743165517973775338] 1
[1743165517973876838] 1
[1743165517973936421] 1
[1743165517977120088] 1
[1743165517977249380] 1
[1743165517977824380] 1
[1743165518971207971] 1
[1743165518971291180] 1
[1743165518971469596] 1
[1743165518971704972] 1
[1743165518971960638] 1
[1743165518972019055] 1
[1743165518972131972] 1
[1743165518975126682] 1
[1743165518975211682] 1
[1743165518975892850] 1
[1743165519977135093] 1
[1743165519977560885] 1
[1743165519977701177] 1
[1743165519977761635] 1
[1743165519977825927] 1
[1743165519977891260] 1
[1743165519977952552] 1
[1743165519981124306] 1
[1743165519981311389] 1
[1743165519981858598] 1
[1743165520970936631] 1
[1743165520971047757] 1
[1743165520971167632] 1
[1743165520971232715] 1
[1743165520971345257] 1
[1743165520971511799] 1
[1743165520971599841] 1
[1743165520974650512] 1
[1743165520974790888] 1
[1743165520975638181] 1
[1743165521914637024] 1
[1743165521914865108] 1
[1743165521914897483] 1
[1743165521914931024] 1
[1743165521914958649] 1
[1743165521914994108] 1
[1743165521915023025] 1
[1743165521915255400] 1
[1743165521916006027] 1
[1743165521916091360] 1
[1743165522984971898] 1
[1743165522985068023] 1
[1743165522985344899] 1
[1743165522985404566] 1
[1743165522985452399] 1
[1743165522985500149] 1
[1743165522985658024] 1
[1743165522988702949] 1
[1743165522988756407] 1
[1743165522989431993] 1
[1743165523981042605] 1
[1743165523981146313] 1
[1743165523981353605] 1
[1743165523981426064] 1
[1743165523981673315] 1
[1743165523981751190] 1
[1743165523981866899] 1
[1743165523984659365] 1
[1743165523984753616] 1
[1743165523985383159] 1
[1743165524989960755] 1
[1743165524990244797] 1
[1743165524990347548] 1
[1743165524990621590] 1
[1743165524990676132] 1
[1743165524990718216] 1
[1743165524990751257] 1
[1743165524991278968] 1
[1743165524991416051] 1
[1743165524991493427] 1
[1743165525987180262] 1
[1743165525996026880] 1
[1743165525996132756] 1
[1743165525996381965] 1
[1743165525996451757] 1
[1743165525996540049] 1
[1743165525996595007] 1
[1743165525997144843] 1
[1743165525997544053] 1
[1743165525997626053] 1
[1743165527004748995] 1
[1743165527004818412] 1
[1743165527006012209] 1
[1743165527006085209] 1
[1743165527006192168] 1
[1743165527006396503] 1
[1743165527006492170] 1
[1743165527009496934] 1
[1743165527009695393] 1
[1743165527010195396] 1
[1743165527993055901] 1
[1743165527993129693] 1
[1743165527993188609] 1
[1743165527993293152] 1
[1743165527993360194] 1
[1743165527993433694] 1
[1743165527993528569] 1
[1743165527996351958] 1
[1743165527996437333] 1
[1743165527997148045] 1
[1743165528994911867] 1
[1743165528995349411] 1
[1743165528995598287] 1
[1743165528995685288] 1
[1743165528995790413] 1
[1743165528995886122] 1
[1743165528995964331] 1
[1743165528999776642] 1
[1743165528999869143] 1
[1743165529000573771] 1
[1743165530001802732] 1
[1743165530001887649] 1
[1743165530001984400] 1
[1743165530002080400] 1
[1743165530002159942] 1
[1743165530002312026] 1
[1743165530002358652] 1
[1743165530005681379] 1
[1743165530005792380] 1
[1743165530006410800] 1
[1743165530988544886] 1
[1743165530988666761] 1
[1743165530988749262] 1
[1743165530988800179] 1
[1743165530988871721] 1
[1743165530988924388] 1
[1743165530989188015] 1
[1743165530992796994] 1
[1743165530992968787] 1
[1743165530993417998] 1
[1743165551247986464] 1
[1743165551248198176] 1
[1743165551248348927] 1
[1743165551252114685] 1
[1743165551252299729] 1
[1743165551252805069] 1
[1743165551912114738] 1
[1743165551912203822] 1
[1743165551992209749] 1
[1743165551995163080] 1
[1743165551998483582] 1
[1743165551998512040] 1
[1743165551998530999] 1
[1743165551998548791] 1
[1743165551998574291] 1
[1743165552092628345] 1
[1743165552095583218] 1
[1743165552095635844] 1
[1743165552095708595] 1
[1743165552095753345] 1
[1743165552095905389] 1
[1743165552096024890] 1
[1743165552096124017] 1
[1743165552096189726] 1
[1743165552096335895] 1
[1743165552096387479] 1
[1743165552096447146] 1
[1743165552161045014] 1
[1743165552163928761] 1
[1743165552166766216] 1
[1743165552166890009] 1
[1743165552167040553] 1
[1743165552167183596] 1
[1743165552167247972] 1
[1743165552167296640] 1
[1743165552167342182] 1
[1743165552167432433] 1
[1743165552167472100] 1
[1743165552167510351] 1
[1743165552167539726] 1
[1743165552167576352] 1
[1743165552167616394] 1
[1743165552167642353] 1
[1743165552167681061] 1
[1743165552167720062] 1
[1743165552167761187] 1
[1743165552167789646] 1
[1743165552168147693] 1
[1743165552211580984] 1
[1743165552211637360] 1
[1743165552214429189] 1
[1743165552214504107] 1
[1743165552214562816] 1
[1743165552214606108] 1
[1743165552214678693] 1
[1743165552214721818] 1
[1743165552214765069] 1
[1743165552214825570] 1
[1743165552214875820] 1
[1743165552214937113] 1
[1743165552214984905] 1
[1743165552215033947] 1
[1743165552215179491] 1
[1743165552215339743] 1
[1743165552215398702] 1
[1743165552215442828] 1
[1743165552215588372] 1
[1743165552215639122] 1
[1743165552215673414] 1
[1743165552215901459] 1
[1743165552215984460] 1
[1743165552226269848] 1
[1743165552229286264] 1
[1743165552232097177] 1
[1743165552232138052] 1
[1743165552232169094] 1
[1743165552232252012] 1
[1743165552232323430] 1
[1743165552232403347] 1
[1743165552232539808] 1
[1743165552232603517] 1
[1743165552232648892] 1
[1743165552232691976] 1
[1743165552232823603] 1
[1743165552232915938] 1
[1743165552233005397] 1
[1743165552233040356] 1
[1743165552233403778] 1
[1743165552233452278] 1
[1743165552242914739] 1
[1743165552242969406] 1
[1743165552249561828] 1
[1743165552249654496] 1
[1743165552249833707] 1
[1743165552250316005] 1
[1743165552250392089] 1
[1743165552923181877] 1
[1743165552923303253] 1
[1743165552923598924] 1
[1743165552928960288] 1
[1743165552929015830] 1
[1743165552932172081] 1
[1743165552932387417] 1
[1743165552933049301] 1
[1743165552952539938] 1
[1743165552953292990] 1
[1743165552999343233] 1
[1743165552999381192] 1
[1743165552999418859] 1
[1743165552999440193] 1
[1743165552999452943] 1
[1743165552999475985] 1
[1743165552999492402] 1
[1743165552999503027] 1
[1743165552999513319] 1
[1743165552999561945] 1
[1743165553034645841] 1
[1743165553034778926] 1
[1743165553035252600] 1
[1743165553035588562] 1
[1743165553035722898] 1
[1743165553035859358] 1
[1743165553035975859] 1
[1743165553047285931] 1
[1743165553047658311] 1
[1743165553047732687] 1
[1743165553047789813] 1
[1743165553048023483] 1
[1743165553048576199] 1
[1743165553048642825] 1
[1743165553048800160] 1
[1743165553048936412] 1
[1743165553260354603] 1
[1743165553260496105] 1
[1743165553260643357] 1
[1743165553260814068] 1
[1743165554127794367] 1
[1743165554128180539] 1
[1743165554128257249] 1
[1743165554128316291] 1
[1743165554128346167] 1
[1743165554128383167] 1
[1743165554128415709] 1
[1743165554128448085] 1
[1743165554128476335] 1
[1743165554128523753] 1
[1743165554128557628] 1
[1743165554128817632] 1
[1743165554129084677] 1
[1743165554140612755] 1
[1743165554140694256] 1
[1743165554140781132] 1
[1743165554140842050] 1
[1743165554140993719] 1
[1743165554141067636] 1
[1743165554141182971] 1
[1743165554141290514] 1
[1743165554141368182] 1
[1743165554141526726] 1
[1743165554142187027] 1
[1743165554142259445] 1
[1743165554142333987] 1
[1743165554142357446] 1
[1743165554269243180] 1
[1743165554269390848] 1
[1743165554270153109] 1
[1743165555148890901] 1
[1743165555149006611] 1
[1743165555149055195] 1
[1743165555149093363] 1
[1743165555149124738] 1
[1743165555149167155] 1
[1743165555149207031] 1
[1743165555149242490] 1
[1743165555149270865] 1
[1743165555149574578] 1
[1743165555149679329] 1
[1743165555149726330] 1
[1743165555163936449] 1
[1743165555164015159] 1
[1743165555164151577] 1
[1743165555164242037] 1
[1743165555164316496] 1
[1743165555164418873] 1
[1743165555164540291] 1
[1743165555164704294] 1
[1743165555164796128] 1
[1743165555164980464] 1
[1743165555165532222] 1
[1743165555165881685] 1
[1743165555165927019] 1
[1743165555165952311] 1
[1743165555165972853] 1
[1743165555295703287] 1
[1743165555295868081] 1
[1743165555296456381] 1
[1743165556149827551] 1
[1743165556149990553] 1
[1743165556150072762] 1
[1743165556151744287] 1
[1743165556151884955] 1
[1743165556152034416] 1
[1743165556152152751] 1
[1743165556152205252] 1
[1743165556152287836] 1
[1743165556152401921] 1
[1743165556152455214] 1
[1743165556152536882] 1
[1743165556152637591] 1
[1743165556152695426] 1
[1743165556152739676] 1
[1743165556152849344] 1
[1743165556152949554] 1
[1743165556153086348] 1
[1743165556318802923] 1
[1743165556320271986] 1
[1743165557184906681] 1
[1743165557185128143] 1
[1743165557185215686] 1
[1743165557185326313] 1
[1743165557185384147] 1
[1743165557185529399] 1
[1743165557185872654] 1
[1743165557185933780] 1
[1743165557186013031] 1
[1743165557186055407] 1
[1743165557186089741] 1
[1743165557186122158] 1
[1743165557186161117] 1
[1743165557186203492] 1
[1743165557186642999] 1
[1743165557186781167] 1
[1743165557186861752] 1
[1743165557186927503] 1
[1743165557187100714] 1
[1743165557342515138] 1
[1743165558201128560] 1
[1743165558201189727] 1
[1743165558201231645] 1
[1743165558201353063] 1
[1743165558201609900] 1
[1743165558201699902] 1
[1743165558201817362] 1
[1743165558201945197] 1
[1743165558202146033] 1
[1743165558202269702] 1
[1743165558202395162] 1
[1743165558202496164] 1
[1743165558207988246] 1
[1743165558208037622] 1
[1743165558208123290] 1
[1743165558208187041] 1
[1743165558208339752] 1
[1743165558208421420] 1
[1743165558209347850] 1
[1743165558209415185] 1
[1743165559229308021] 1
[1743165559229380187] 1
[1743165559229529936] 1
[1743165559229586311] 1
[1743165559229618019] 1
[1743165559229661352] 1
[1743165559229696060] 1
[1743165559229753601] 1
[1743165559229889808] 1
[1743165559241649749] 1
[1743165559241770539] 1
[1743165559241851830] 1
[1743165559241905705] 1
[1743165559241972038] 1
[1743165559242025621] 1
[1743165559242147203] 1
[1743165559242940821] 1
[1743165559243055737] 1
[1743165559243119319] 1
[1743165559243225902] 1
[1743165560272955761] 1
[1743165560273036218] 1
[1743165560273108343] 1
[1743165560273157426] 1
[1743165560273183759] 1
[1743165560273261383] 1
[1743165560273324383] 1
[1743165560276445108] 1
[1743165560276565773] 1
[1743165560277085644] 1
[1743165561265963264] 1
[1743165561266032931] 1
[1743165561266178346] 1
[1743165561266248221] 1
[1743165561266280762] 1
[1743165561266344803] 1
[1743165561266395345] 1
[1743165561269537030] 1
[1743165561269606987] 1
[1743165561269995901] 1
[1743165562262891646] 1
[1743165562265049881] 1
[1743165562265133255] 1
[1743165562265183297] 1
[1743165562265274629] 1
[1743165562265418837] 1
[1743165562265475211] 1
[1743165562268345400] 1
[1743165562268517774] 1
[1743165562269273810] 1
[1743165563271713225] 1
[1743165563271765058] 1
[1743165563271800099] 1
[1743165563271879807] 1
[1743165563271956515] 1
[1743165563272023931] 1
[1743165563272156097] 1
[1743165563275174495] 1
[1743165563275254786] 1
[1743165563275714158] 1
[1743165564271779385] 1
[1743165564271829510] 1
[1743165564271857843] 1
[1743165564271883926] 1
[1743165564271937218] 1
[1743165564272007509] 1
[1743165564272071884] 1
[1743165564274883159] 1
[1743165564274943034] 1
[1743165564275653946] 1
[1743165565281026340] 1
[1743165565281094298] 1
[1743165565281233131] 1
[1743165565281289839] 1
[1743165565281342505] 1
[1743165565281377130] 1
[1743165565281409213] 1
[1743165565281765586] 1
[1743165565282281209] 1
[1743165565282445458] 1
[1743165566283781756] 1
[1743165566283908505] 1
[1743165566284039588] 1
[1743165566284193296] 1
[1743165566284277587] 1
[1743165566284328670] 1
[1743165566284460670] 1
[1743165566287411739] 1
[1743165566287484030] 1
[1743165566288055861] 1
[1743165567141928511] 1
[1743165567155434706] 1
[1743165567155654372] 1
[1743165567155790163] 1
[1743165567204548420] 1
[1743165567204595379] 1
[1743165567204616254] 1
[1743165567204632087] 1
[1743165567204641628] 1
[1743165567204664378] 1
[1743165567204677837] 1
[1743165567204732211] 1
[1743165567204761836] 1
[1743165567204773378] 1
[1743165568300041485] 1
[1743165568300213234] 1
[1743165568301285272] 1
[1743165568301373772] 1
[1743165568301426938] 1
[1743165568301479646] 1
[1743165568301537021] 1
[1743165568304760843] 1
[1743165568304812551] 1
[1743165568305467840] 1
[1743165569282665140] 1
[1743165569292940275] 1
[1743165569293017150] 1
[1743165569293167524] 1
[1743165569293257357] 1
[1743165569293306232] 1
[1743165569293335274] 1
[1743165569293879314] 1
[1743165569293998313] 1
[1743165569294219188] 1
[1743165570294616879] 1
[1743165570294683754] 1
[1743165570294752462] 1
[1743165570294869420] 1
[1743165570294932878] 1
[1743165570294987378] 1
[1743165570295023878] 1
[1743165570297990662] 1
[1743165570298067537] 1
[1743165570298552202] 1
[1743165571304886469] 1
[1743165571304968469] 1
[1743165571305045219] 1
[1743165571305132593] 1
[1743165571305317635] 1
[1743165571305609592] 1
[1743165571305731801] 1
[1743165571308836419] 1
[1743165571308957586] 1
[1743165571309683084] 1
[1743165572270499218] 1
[1743165572270702217] 1
[1743165572270844509] 1
[1743165572270938925] 1
[1743165572271030675] 1
[1743165572277347082] 1
[1743165572277604790] 1
[1743165572277659456] 1
[1743165572278556455] 1
[1743165572278630913] 1
[1743165573307110258] 1
[1743165573307407799] 1
[1743165573308512840] 1
[1743165573308610548] 1
[1743165573308707881] 1
[1743165573314929499] 1
[1743165573314985624] 1
[1743165573315074999] 1
[1743165573315719290] 1
[1743165573315837540] 1
[1743165574308638043] 1
[1743165574308854501] 1
[1743165574308935418] 1
[1743165574308988501] 1
[1743165574309169793] 1
[1743165574309567167] 1
[1743165574309741376] 1
[1743165574312695665] 1
[1743165574312919832] 1
[1743165574313345248] 1
[1743165575314011050] 1
[1743165575314094883] 1
[1743165575314267217] 1
[1743165575314327592] 1
[1743165575314447675] 1
[1743165575314607633] 1
[1743165575314881216] 1
[1743165575317938758] 1
[1743165575318053549] 1
[1743165575318566382] 1
[1743165576308462731] 1
[1743165576308560440] 1
[1743165576308733440] 1
[1743165576308780940] 1
[1743165576308884356] 1
[1743165576308942648] 1
[1743165576309060523] 1
[1743165576309604940] 1
[1743165576309713107] 1
[1743165576309795773] 1
[1743165577320314627] 1
[1743165577320384252] 1
[1743165577320715169] 1
[1743165577320786961] 1
[1743165577320849836] 1
[1743165577321162794] 1
[1743165577321327586] 1
[1743165577321399336] 1
[1743165577321475920] 1
[1743165577321553836] 1
[1743165578321859221] 1
[1743165578321925971] 1
[1743165578322225847] 1
[1743165578322308180] 1
[1743165578322397763] 1
[1743165578322543555] 1
[1743165578322582805] 1
[1743165578322605347] 1
[1743165578322835347] 1
[1743165578323032389] 1
[1743165579311020156] 1
[1743165579311117614] 1
[1743165579311172864] 1
[1743165579311293323] 1
[1743165579317659041] 1
[1743165579317703208] 1
[1743165579317778417] 1
[1743165579318011834] 1
[1743165579318460834] 1
[1743165579318632876] 1
[1743165580312565000] 1
[1743165580312640875] 1
[1743165580312742709] 1
[1743165580312795876] 1
[1743165580312853501] 1
[1743165580312936626] 1
[1743165580313017626] 1
[1743165580316199008] 1
[1743165580316391383] 1
[1743165580316796259] 1
[1743165581315084527] 1
[1743165581315208028] 1
[1743165581315260361] 1
[1743165581315451237] 1
[1743165581315670362] 1
[1743165581315820404] 1
[1743165581315876988] 1
[1743165581319055079] 1
[1743165581319185204] 1
[1743165581319702330] 1
[1743165582312770215] 1
[1743165582312828382] 1
[1743165582313014632] 1
[1743165582313132258] 1
[1743165582313344842] 1
[1743165582313420675] 1
[1743165582313474800] 1
[1743165582313673968] 1
[1743165582313989302] 1
[1743165582314094052] 1
[1743165583313386284] 1
[1743165583313713410] 1
[1743165583313877494] 1
[1743165583313988244] 1
[1743165583320594475] 1
[1743165583320657683] 1
[1743165583322033438] 1
[1743165583322203730] 1
[1743165583322711357] 1
[1743165584242344414] 1
[1743165584331234577] 1
[1743165584331667995] 1
[1743165584331747329] 1
[1743165584331856871] 1
[1743165584331913163] 1
[1743165584332031705] 1
[1743165584335176133] 1
[1743165584335448218] 1
[1743165584335926428] 1
[1743165585244319023] 1
[1743165585321486173] 1
[1743165585321612966] 1
[1743165585321689091] 1
[1743165585321803800] 1
[1743165585329087830] 1
[1743165585329154163] 1
[1743165585329378373] 1
[1743165585329462540] 1
[1743165586246938075] 1
[1743165586247100242] 1
[1743165586322307748] 1
[1743165586326256932] 1
[1743165586326350558] 1
[1743165586329303654] 1
[1743165586329365488] 1
[1743165586329858615] 1
[1743165587248882141] 1
[1743165587249078309] 1
[1743165587249135309] 1
[1743165587249214559] 1
[1743165587329607286] 1
[1743165587333102553] 1
[1743165587333361679] 1
[1743165587336594820] 1
[1743165587336706362] 1
[1743165587337017864] 1
[1743165588252330726] 1
[1743165588253171397] 1
[1743165588253408524] 1
[1743165588253589025] 1
[1743165588342659702] 1
[1743165588342773245] 1
[1743165588349798657] 1
[1743165588349852949] 1
[1743165588350068450] 1
[1743165589255249605] 1
[1743165589255663607] 1
[1743165589255768191] 1
[1743165589255850817] 1
[1743165589255927651] 1
[1743165589343571270] 1
[1743165589343756771] 1
[1743165589343840230] 1
[1743165589350096057] 1
[1743165590256973311] 1
[1743165590257141020] 1
[1743165590257192937] 1
[1743165590257243271] 1
[1743165590257331730] 1
[1743165590257379647] 1
[1743165590337508920] 1
[1743165590337642629] 1
[1743165590337845506] 1
[1743165591259208137] 1
[1743165591259371846] 1
[1743165591259440180] 1
[1743165591259481930] 1
[1743165591259527014] 1
[1743165591259591306] 1
[1743165591259626390] 1
[1743165591322189080] 1
[1743165591331261513] 1
[1743165592261284616] 1
[1743165592261394450] 1
[1743165592261494034] 1
[1743165592261528826] 1
[1743165592261550826] 1
[1743165592261571201] 1
[1743165592261590535] 1
[1743165592261748953] 1
[1743165592314465307] 1
[1743165592314581142] 1
[1743165593264422753] 1
[1743165593264606379] 1
[1743165593264654296] 1
[1743165593264700213] 1
[1743165593264745463] 1
[1743165593264791755] 1
[1743165593265188008] 1
[1743165593265242800] 1
[1743165593324129176] 1
[1743165593324211093] 1
[1743165594267242780] 1
[1743165594267486865] 1
[1743165594267517698] 1
[1743165594267593032] 1
[1743165594267637449] 1
[1743165594267780242] 1
[1743165594267817159] 1
[1743165594267846201] 1
[1743165595270601658] 1
[1743165595270734701] 1
[1743165595270776118] 1
[1743165595270814160] 1
[1743165595270871827] 1
[1743165595270963744] 1
[1743165595271008036] 1
[1743165595271083204] 1
[1743165595271122246] 1
[1743165595271441915] 1
[1743165596378920644] 1
[1743165596378993477] 1
[1743165596379044478] 1
[1743165596382290338] 1
[1743165596382338338] 1
[1743165596382367297] 1
[1743165596382406088] 1
[1743165596382450714] 1
[1743165596390356736] 1
[1743165596390415112] 1
[1743165597276636091] 1
[1743165597277049095] 1
[1743165597277142179] 1
[1743165597277194221] 1
[1743165597277240138] 1
[1743165597277365056] 1
[1743165597277415181] 1
[1743165597277505182] 1
[1743165597277591891] 1
[1743165597277689683] 1
[1743165598367509534] 1
[1743165598373076208] 1
[1743165598373151875] 1
[1743165598377017617] 1
[1743165598380008560] 1
[1743165598386167906] 1
[1743165598386242490] 1
[1743165598386321324] 1
[1743165598386403908] 1
[1743165598388460509] 1
[1743165599281057291] 1
[1743165599281197250] 1
[1743165599281258376] 1
[1743165599281288793] 1
[1743165599281352710] 1
[1743165599281390377] 1
[1743165599281431086] 1
[1743165599281464628] 1
[1743165599281721047] 1
[1743165599281937257] 1
[1743165600394005892] 1
[1743165600395909952] 1
[1743165600398780437] 1
[1743165600398823812] 1
[1743165600407923523] 1
[1743165600407980190] 1
[1743165600408039232] 1
[1743165600408194609] 1
[1743165600408362110] 1
[1743165600412771277] 1
[1743165601285540436] 1
[1743165601285573436] 1
[1743165601285582644] 1
[1743165601285607645] 1
[1743165601285649562] 1
[1743165601285661354] 1
[1743165601285675020] 1
[1743165601285686687] 1
[1743165601285710687] 1
[1743165601285720396] 1
[1743165602287048280] 1
[1743165602287085655] 1
[1743165602287096988] 1
[1743165602287104280] 1
[1743165602287110030] 1
[1743165602287115739] 1
[1743165602287411783] 1
[1743165602287424283] 1
[1743165602287429242] 1
[1743165602287432992] 1
[1743165603344978094] 1
[1743165603345111346] 1
[1743165603345167304] 1
[1743165603345211472] 1
[1743165603345264597] 1
[1743165603345314806] 1
[1743165603345401849] 1
[1743165603405681512] 1
[1743165603415739324] 1
[1743165603415793532] 1
[1743165604290934429] 1
[1743165604290983638] 1
[1743165604290994597] 1
[1743165604291005139] 1
[1743165604291014639] 1
[1743165604291030139] 1
[1743165604291046431] 1
[1743165604291056181] 1
[1743165604291066597] 1
[1743165604291076556] 1
[1743165605345806214] 1
[1743165605345883506] 1
[1743165605345978174] 1
[1743165605346010049] 1
[1743165605346108425] 1
[1743165605346170217] 1
[1743165605346354594] 1
[1743165605346697057] 1
[1743165605346752140] 1
[1743165605347726109] 1
[1743165606345702704] 1
[1743165606345853830] 1
[1743165606345991999] 1
[1743165606346068291] 1
[1743165606346116667] 1
[1743165606346176459] 1
[1743165606346234543] 1
[1743165606349070741] 1
[1743165606349327744] 1
[1743165606349726207] 1
[1743165607348557346] 1
[1743165607348692389] 1
[1743165607348733306] 1
[1743165607348767973] 1
[1743165607348790349] 1
[1743165607348848933] 1
[1743165607348891766] 1
[1743165607349363064] 1
[1743165607349870194] 1
[1743165607350038613] 1
[1743165608345642911] 1
[1743165608345696786] 1
[1743165608345780246] 1
[1743165608345857621] 1
[1743165608345893664] 1
[1743165608346245459] 1
[1743165608346325335] 1
[1743165608349216328] 1
[1743165608349328662] 1
[1743165608349971295] 1
[1743165609348948782] 1
[1743165609349035700] 1
[1743165609349305412] 1
[1743165609349395496] 1
[1743165609349481164] 1
[1743165609349582373] 1
[1743165609349644707] 1
[1743165609349804168] 1
[1743165609352783662] 1
[1743165609353494587] 1
[1743165610350389654] 1
[1743165610350527697] 1
[1743165610350699991] 1
[1743165610350839367] 1
[1743165610350939160] 1
[1743165610351048912] 1
[1743165610351178122] 1
[1743165610354045032] 1
[1743165610354223659] 1
[1743165610354657789] 1
[1743165611363041725] 1
[1743165611363119643] 1
[1743165611363337354] 1
[1743165611363443938] 1
[1743165611363508648] 1
[1743165611363608649] 1
[1743165611363664524] 1
[1743165611366995733] 1
[1743165611367184944] 1
[1743165611367723409] 1
[1743165612309701512] 1
[1743165612309977891] 1
[1743165612310045142] 1
[1743165612310100059] 1
[1743165612310148893] 1
[1743165612310187310] 1
[1743165612310239186] 1
[1743165612310324520] 1
[1743165612310365188] 1
[1743165612310573190] 1
[1743165613403829832] 1
[1743165613404042335] 1
[1743165613404207546] 1
[1743165613404367756] 1
[1743165613404462716] 1
[1743165613404573467] 1
[1743165613404688010] 1
[1743165613407715175] 1
[1743165613407821134] 1
[1743165613408336850] 1
[1743165614411932310] 1
[1743165614412005186] 1
[1743165614412097021] 1
[1743165614412152605] 1
[1743165614412405775] 1
[1743165614412481193] 1
[1743165614412534735] 1
[1743165614416414120] 1
[1743165614416587122] 1
[1743165614417074504] 1
[1743165615409618028] 1
[1743165615409692320] 1
[1743165615409868989] 1
[1743165615410003741] 1
[1743165615410058117] 1
[1743165615410292703] 1
[1743165615410359413] 1
[1743165615413781084] 1
[1743165615414002712] 1
[1743165615414462177] 1
[1743165616405108793] 1
[1743165616414908595] 1
[1743165616415007304] 1
[1743165616415104097] 1
[1743165616415264433] 1
[1743165616415314142] 1
[1743165616415350267] 1
[1743165616415802732] 1
[1743165616415865566] 1
[1743165616415978859] 1
[1743165617416753734] 1
[1743165617417073071] 1
[1743165617417156906] 1
[1743165617417236782] 1
[1743165617417323408] 1
[1743165617417523328] 1
[1743165617417612954] 1
[1743165617420717331] 1
[1743165617420826499] 1
[1743165617421456716] 1
[1743165618408923725] 1
[1743165618409065602] 1
[1743165618409140145] 1
[1743165618409196729] 1
[1743165618419038355] 1
[1743165618419084522] 1
[1743165618419306025] 1
[1743165618419872198] 1
[1743165618419954282] 1
[1743165618420007533] 1
[1743165619417834121] 1
[1743165619417906871] 1
[1743165619419181320] 1
[1743165619419265819] 1
[1743165619419405693] 1
[1743165619419489234] 1
[1743165619419639192] 1
[1743165619422511171] 1
[1743165619422749878] 1
[1743165619423206333] 1
[1743165620425286596] 1
[1743165620425368387] 1
[1743165620425482053] 1
[1743165620425657177] 1
[1743165620425723801] 1
[1743165620425913675] 1
[1743165620425969175] 1
[1743165620429060738] 1
[1743165620429183820] 1
[1743165620429719817] 1
[1743165621399798769] 1
[1743165621399904685] 1
[1743165621400073017] 1
[1743165621400283682] 1
[1743165621400354723] 1
[1743165621400494348] 1
[1743165621400531806] 1
[1743165621405139861] 1
[1743165621405258360] 1
[1743165621409585084] 1
[1743165622335917485] 1
[1743165622335960359] 1
[1743165622336010359] 1
[1743165622336027484] 1
[1743165622336038901] 1
[1743165622336053901] 1
[1743165622336082150] 1
[1743165622336093067] 1
[1743165622336098984] 1
[1743165622336113442] 1
[1743165623383770633] 1
[1743165623383844757] 1
[1743165623384011590] 1
[1743165623384097964] 1
[1743165623384173672] 1
[1743165623384644753] 1
[1743165623384768628] 1
[1743165623387638280] 1
[1743165623387717113] 1
[1743165623388313777] 1
[1743165624411881052] 1
[1743165624411972885] 1
[1743165624412116509] 1
[1743165624412738381] 1
[1743165624412816006] 1
[1743165624412984172] 1
[1743165624413033755] 1
[1743165624413214963] 1
[1743165624413291421] 1
[1743165624413402795] 1
[1743165625426199347] 1
[1743165625426630470] 1
[1743165625426724803] 1
[1743165625426775719] 1
[1743165625426872677] 1
[1743165625426999593] 1
[1743165625427074426] 1
[1743165625427129301] 1
[1743165625427573466] 1
[1743165625427645007] 1
[1743165626400309206] 1
[1743165626400487622] 1
[1743165626400642789] 1
[1743165626400872538] 1
[1743165626400940662] 1
[1743165626401128703] 1
[1743165626401215411] 1
[1743165626401342161] 1
[1743165626401428244] 1
[1743165626401549744] 1
[1743165627409303503] 1
[1743165627409643085] 1
[1743165627409783209] 1
[1743165627409954792] 1
[1743165627410003667] 1
[1743165627410192292] 1
[1743165627410274791] 1
[1743165627410555415] 1
[1743165627410616540] 1
[1743165627410663248] 1
[1743165628405880983] 1
[1743165628406025358] 1
[1743165628406103858] 1
[1743165628406248066] 1
[1743165628406326899] 1
[1743165628406557523] 1
[1743165628406714606] 1
[1743165628409783598] 1
[1743165628409862015] 1
[1743165628410276680] 1
[1743165629415236820] 1
[1743165629415317862] 1
[1743165629415565819] 1
[1743165629415661861] 1
[1743165629415756527] 1
[1743165629415835902] 1
[1743165629415915069] 1
[1743165629416081360] 1
[1743165629416192860] 1
[1743165629416333276] 1
[1743165630411337360] 1
[1743165630411543735] 1
[1743165630411664901] 1
[1743165630411734651] 1
[1743165630411815026] 1
[1743165630411865318] 1
[1743165630412067484] 1
[1743165630412136526] 1
[1743165630412766483] 1
[1743165630412855316] 1
[1743165631412016928] 1
[1743165631412112844] 1
[1743165631412396552] 1
[1743165631412456761] 1
[1743165631412507677] 1
[1743165631412638844] 1
[1743165631412695302] 1
[1743165631413144301] 1
[1743165631413199635] 1
[1743165631413404468] 1
[1743165651878828093] 1
[1743165651946772658] 1
[1743165651952994823] 1
[1743165652013608842] 1
[1743165652037071960] 1
[1743165652037341878] 1
[1743165652037437879] 1
[1743165652037485588] 1
[1743165652037585380] 1
[1743165652037694422] 1
[1743165652037738589] 1
[1743165652037797798] 1
[1743165652037861340] 1
[1743165652087419093] 1
[1743165652090444239] 1
[1743165652090554990] 1
[1743165652090708782] 1
[1743165652090927367] 1
[1743165652090997284] 1
[1743165652091059243] 1
[1743165652091179369] 1
[1743165652091338495] 1
[1743165652091420412] 1
[1743165652091764748] 1
[1743165652091820873] 1
[1743165652091903916] 1
[1743165652091991833] 1
[1743165652092106167] 1
[1743165652092225793] 1
[1743165652092309960] 1
[1743165652092378585] 1
[1743165652092451503] 1
[1743165652168999981] 1
[1743165652169085648] 1
[1743165652169131982] 1
[1743165652169182024] 1
[1743165652169303108] 1
[1743165652169536860] 1
[1743165652169587027] 1
[1743165652169658152] 1
[1743165652169734528] 1
[1743165652169893820] 1
[1743165652169999613] 1
[1743165652170047405] 1
[1743165652170280656] 1
[1743165652170372157] 1
[1743165652170415699] 1
[1743165652170490199] 1
[1743165652170639492] 1
[1743165652170744743] 1
[1743165652170795118] 1
[1743165652227873631] 1
[1743165652227935215] 1
[1743165652228000215] 1
[1743165652228142758] 1
[1743165652228328259] 1
[1743165652228382343] 1
[1743165652228463052] 1
[1743165652228568636] 1
[1743165652228716428] 1
[1743165652228924138] 1
[1743165652229077556] 1
[1743165652229179057] 1
[1743165652229291057] 1
[1743165652229486059] 1
[1743165652229625393] 1
[1743165652229695977] 1
[1743165652229771686] 1
[1743165652229868311] 1
[1743165652229973312] 1
[1743165652230099021] 1
[1743165652233226417] 1
[1743165652233319626] 1
[1743165652233486711] 1
[1743165652233580878] 1
[1743165652233655587] 1
[1743165652233816088] 1
[1743165652233888255] 1
[1743165652234042340] 1
[1743165652234573177] 1
[1743165652448889924] 1
[1743165652449152759] 1
[1743165652449234427] 1
[1743165652449394303] 1
[1743165652449476512] 1
[1743165652449590554] 1
[1743165652449654179] 1
[1743165652449755722] 1
[1743165652449842014] 1
[1743165652449922473] 1
[1743165652883807337] 1
[1743165652883936130] 1
[1743165652884029547] 1
[1743165652891079387] 1
[1743165652912136238] 1
[1743165652916327683] 1
[1743165652916425309] 1
[1743165652916491976] 1
[1743165652916531976] 1
[1743165652916844687] 1
[1743165652925973832] 1
[1743165652928421391] 1
[1743165653150823614] 1
[1743165653151017990] 1
[1743165653151185450] 1
[1743165653151349409] 1
[1743165653151470243] 1
[1743165653151728078] 1
[1743165653151826996] 1
[1743165653151914163] 1
[1743165653164828922] 1
[1743165653164923589] 1
[1743165653165010840] 1
[1743165653165107674] 1
[1743165653165175007] 1
[1743165653165437301] 1
[1743165653166112764] 1
[1743165653166613518] 1
[1743165653166669101] 1
[1743165653166828061] 1
[1743165653452965763] 1
[1743165653453197306] 1
[1743165653453264557] 1
[1743165653455122528] 1
[1743165653455217029] 1
[1743165653455315946] 1
[1743165653455388613] 1
[1743165653455451739] 1
[1743165653455631615] 1
[1743165653455737116] 1
[1743165653892363846] 1
[1743165653892507681] 1
[1743165653895479452] 1
[1743165654180884245] 1
[1743165654181092496] 1
[1743165654181221289] 1
[1743165654181495207] 1
[1743165654181665125] 1
[1743165654181918252] 1
[1743165654182024753] 1
[1743165654182286047] 1
[1743165654191677366] 1
[1743165654191775034] 1
[1743165654191989035] 1
[1743165654192090161] 1
[1743165654192166495] 1
[1743165654192463622] 1
[1743165654193070293] 1
[1743165654193207711] 1
[1743165654193317087] 1
[1743165654459017393] 1
[1743165654459470439] 1
[1743165654459659107] 1
[1743165654459722732] 1
[1743165654460097151] 1
[1743165654460214861] 1
[1743165654460294778] 1
[1743165654460409654] 1
[1743165654460683323] 1
[1743165654470112601] 1
[1743165654928895383] 1
[1743165654929055634] 1
[1743165654929169218] 1
[1743165654929335970] 1
[1743165654929388137] 1
[1743165655194788832] 1
[1743165655194953750] 1
[1743165655195100460] 1
[1743165655195258044] 1
[1743165655195336878] 1
[1743165655195427587] 1
[1743165655195523963] 1
[1743165655204953202] 1
[1743165655205071120] 1
[1743165655205179579] 1
[1743165655205356914] 1
[1743165655205494040] 1
[1743165655206048336] 1
[1743165655206748800] 1
[1743165655206824842] 1
[1743165655472353396] 1
[1743165655472661357] 1
[1743165655472881483] 1
[1743165655473036068] 1
[1743165655473098277] 1
[1743165655473220153] 1
[1743165655473302528] 1
[1743165655473510530] 1
[1743165655473603781] 1
[1743165655473716115] 1
[1743165656232877056] 1
[1743165656233066641] 1
[1743165656233169725] 1
[1743165656233241600] 1
[1743165656233376352] 1
[1743165656233466769] 1
[1743165656233651270] 1
[1743165656233761230] 1
[1743165656233839480] 1
[1743165656234216900] 1
[1743165656476161178] 1
[1743165656476416805] 1
[1743165656476473431] 1
[1743165656476523056] 1
[1743165656476611307] 1
[1743165656476776142] 1
[1743165656476834017] 1
[1743165656476876809] 1
[1743165656476924810] 1
[1743165656477018435] 1
[1743165657283411418] 1
[1743165657295000556] 1
[1743165657295158641] 1
[1743165657295301600] 1
[1743165657295706353] 1
[1743165657295798313] 1
[1743165657296916197] 1
[1743165657297015531] 1
[1743165657297121574] 1
[1743165657297176116] 1
[1743165657477990165] 1
[1743165657478123333] 1
[1743165657478173042] 1
[1743165657478208417] 1
[1743165657478238626] 1
[1743165657478293293] 1
[1743165657478321376] 1
[1743165657478340751] 1
[1743165657478375960] 1
[1743165657478420794] 1
[1743165658306595788] 1
[1743165658306776540] 1
[1743165658306866415] 1
[1743165658306923249] 1
[1743165658307007000] 1
[1743165658307090792] 1
[1743165658307167543] 1
[1743165658307438754] 1
[1743165658307612380] 1
[1743165658307773215] 1
[1743165658480241621] 1
[1743165658480391705] 1
[1743165658480422622] 1
[1743165658480454289] 1
[1743165658480477456] 1
[1743165658480518415] 1
[1743165658480536748] 1
[1743165658480560707] 1
[1743165658480616666] 1
[1743165658480659833] 1
[1743165659343925300] 1
[1743165659344173677] 1
[1743165659353009673] 1
[1743165659353150924] 1
[1743165659353269050] 1
[1743165659353549594] 1
[1743165659353672345] 1
[1743165659354638145] 1
[1743165659354792813] 1
[1743165659354918773] 1
[1743165659482368410] 1
[1743165659482462578] 1
[1743165659482488995] 1
[1743165659482508078] 1
[1743165659482530328] 1
[1743165659482574745] 1
[1743165659482597996] 1
[1743165659482634663] 1
[1743165659482663621] 1
[1743165659482678205] 1
[1743165660576004290] 1
[1743165660576111333] 1
[1743165660576190750] 1
[1743165660576236751] 1
[1743165660576267209] 1
[1743165660579740200] 1
[1743165660579928618] 1
[1743165660580016744] 1
[1743165660580080369] 1
[1743165660580659375] 1
[1743165661564445966] 1
[1743165661564573718] 1
[1743165661564799261] 1
[1743165661564851137] 1
[1743165661575783074] 1
[1743165661575861325] 1
[1743165661576048493] 1
[1743165661576898085] 1
[1743165661577023669] 1
[1743165661577153379] 1
[1743165702360481084] 1
[1743165702360566626] 1
[1743165702409310430] 1
[1743165702409424056] 1
[1743165702409462181] 1
[1743165702480215816] 1
[1743165702480288274] 1
[1743165702620960124] 1
[1743165702621065000] 1
[1743165702624129386] 1
[1743165702624212970] 1
[1743165702624286428] 1
[1743165702624334178] 1
[1743165702636807849] 1
[1743165702636902100] 1
[1743165702637013892] 1
[1743165702637211017] 1
[1743165702637278559] 1
[1743165702637329559] 1
[1743165702637393976] 1
[1743165702643724708] 1
[1743165702643780917] 1
[1743165702643813250] 1
[1743165702643864375] 1
[1743165702643930042] 1
[1743165702643962876] 1
[1743165702644010459] 1
[1743165702644048584] 1
[1743165702644276210] 1
[1743165702644336127] 1
[1743165702644374710] 1
[1743165702644404960] 1
[1743165702644434919] 1
[1743165702654194621] 1
[1743165702657318883] 1
[1743165702657411258] 1
[1743165702735448587] 1
[1743165702735520879] 1
[1743165702735628379] 1
[1743165702736311131] 1
[1743165702736366632] 1
[1743165702736464132] 1
[1743165702736566924] 1
[1743165702736606882] 1
[1743165702736668424] 1
[1743165702736748425] 1
[1743165702736808675] 1
[1743165702753740487] 1
[1743165702753814821] 1
[1743165702753889446] 1
[1743165702753965321] 1
[1743165702754020571] 1
[1743165702754083113] 1
[1743165702754120822] 1
[1743165702754154447] 1
[1743165702754187655] 1
[1743165702754224572] 1
[1743165702754254489] 1
[1743165702754378531] 1
[1743165702754481448] 1
[1743165702754566323] 1
[1743165702754652365] 1
[1743165702755168909] 1
[1743165702755324410] 1
[1743165702755459868] 1
[1743165702755591952] 1
[1743165702755688119] 1
[1743165702755785120] 1
[1743165702755876203] 1
[1743165702755977162] 1
[1743165702756074912] 1
[1743165702756197954] 1
[1743165702756297913] 1
[1743165702756973249] 1
[1743165702757058333] 1
[1743165702757163333] 1
[1743165702757246250] 1
[1743165702757316250] 1
[1743165702757401917] 1
[1743165702757470751] 1
[1743165702757534251] 1
[1743165702757617710] 1
[1743165702757804585] 1
[1743165702757898127] 1
[1743165702758112920] 1
[1743165702758778547] 1
[1743165702758891798] 1
[1743165702759306049] 1
[1743165702759423925] 1
[1743165702759512050] 1
[1743165702818056348] 1
[1743165702818131599] 1
[1743165702818162974] 1
[1743165702818195307] 1
[1743165702818243391] 1
[1743165702818268766] 1
[1743165702818331516] 1
[1743165702818372308] 1
[1743165702818400225] 1
[1743165702818423766] 1
[1743165703358331995] 1
[1743165703389802246] 1
[1743165703389924455] 1
[1743165703390009039] 1
[1743165703391855255] 1
[1743165703399973329] 1
[1743165703409329741] 1
[1743165703412931797] 1
[1743165703413021673] 1
[1743165703413113757] 1
[1743165703413228465] 1
[1743165703413296216] 1
[1743165703413758426] 1
[1743165703627121615] 1
[1743165703627296908] 1
[1743165703627460075] 1
[1743165703627542867] 1
[1743165703627797576] 1
[1743165703627994660] 1
[1743165703628135244] 1
[1743165703628289578] 1
[1743165703628522662] 1
[1743165703628658538] 1
[1743165703628825914] 1
[1743165703629270624] 1
[1743165703629522041] 1
[1743165703641047671] 1
[1743165703641158797] 1
[1743165703641286630] 1
[1743165703641364006] 1
[1743165703641758341] 1
[1743165703641866341] 1
[1743165703641955841] 1
[1743165703642042967] 1
[1743165703642277426] 1
[1743165703642397593] 1
[1743165703643053554] 1
[1743165703643201180] 1
[1743165703643542806] 1
[1743165703643660848] 1
[1743165703820795309] 1
[1743165703820994268] 1
[1743165703821098269] 1
[1743165703821169644] 1
[1743165703821239019] 1
[1743165703821303103] 1
[1743165703821352061] 1
[1743165703821413520] 1
[1743165703821477895] 1
[1743165703821582937] 1
[1743165704372369771] 1
[1743165704381639145] 1
[1743165704381771103] 1
[1743165704381859479] 1
[1743165704656733923] 1
[1743165704657029258] 1
[1743165704657210676] 1
[1743165704657422218] 1
[1743165704657580219] 1
[1743165704657662886] 1
[1743165704657782720] 1
[1743165704658085846] 1
[1743165704658297889] 1
[1743165704658461556] 1
[1743165704658880016] 1
[1743165704659009058] 1
[1743165704672504784] 1
[1743165704672599534] 1
[1743165704672690451] 1
[1743165704672835993] 1
[1743165704672981286] 1
[1743165704673058494] 1
[1743165704673147036] 1
[1743165704673377329] 1
[1743165704673487455] 1
[1743165704673778914] 1
[1743165704674297750] 1
[1743165704674494042] 1
[1743165704674553334] 1
[1743165704674598418] 1
[1743165704823427856] 1
[1743165704823545857] 1
[1743165704823606524] 1
[1743165704823656316] 1
[1743165704823694857] 1
[1743165704823767191] 1
[1743165704823817400] 1
[1743165704823873150] 1
[1743165704823910608] 1
[1743165704823954150] 1
[1743165705406817567] 1
[1743165705406980567] 1
[1743165705407082110] 1
[1743165705413312764] 1
[1743165705413378597] 1
[1743165705673340313] 1
[1743165705673523063] 1
[1743165705673651439] 1
[1743165705673953899] 1
[1743165705674108816] 1
[1743165705674202317] 1
[1743165705674362776] 1
[1743165705674851070] 1
[1743165705675049321] 1
[1743165705675252405] 1
[1743165705675444239] 1
[1743165705675625115] 1
[1743165705687352503] 1
[1743165705687493295] 1
[1743165705687734213] 1
[1743165705687850297] 1
[1743165705687931172] 1
[1743165705688074173] 1
[1743165705688191965] 1
[1743165705688282966] 1
[1743165705688533800] 1
[1743165705689020094] 1
[1743165705689175553] 1
[1743165705689234137] 1
[1743165705689306096] 1
[1743165705825922276] 1
[1743165705826007068] 1
[1743165705826034860] 1
[1743165705826081860] 1
[1743165705826117860] 1
[1743165705826148902] 1
[1743165705826176902] 1
[1743165705826216944] 1
[1743165705826257944] 1
[1743165705826301653] 1
[1743165706748512704] 1
[1743165706749378459] 1
[1743165706749606501] 1
[1743165706749897586] 1
[1743165706750059462] 1
[1743165706766328085] 1
[1743165706766473461] 1
[1743165706766687878] 1
[1743165706766873338] 1
[1743165706767019088] 1
[1743165706767131964] 1
[1743165706767238464] 1
[1743165706767386757] 1
[1743165706767844468] 1
[1743165706768158677] 1
[1743165706768697805] 1
[1743165706768980640] 1
[1743165706769152016] 1
[1743165706769189849] 1
[1743165706769230474] 1
[1743165706827201514] 1
[1743165706827281806] 1
[1743165706827309515] 1
[1743165706827334598] 1
[1743165706827961643] 1
[1743165706827984518] 1
[1743165706828005852] 1
[1743165706828022768] 1
[1743165706828041393] 1
[1743165706828060518] 1
[1743165707780128608] 1
[1743165707780377068] 1
[1743165707781168238] 1
[1743165707781495573] 1
[1743165707793260011] 1
[1743165707793390137] 1
[1743165707793512721] 1
[1743165707793560513] 1
[1743165707793707347] 1
[1743165707793858431] 1
[1743165707793996807] 1
[1743165707794345808] 1
[1743165707794874645] 1
[1743165707795034270] 1
[1743165707795183896] 1
[1743165707795526231] 1
[1743165707796049734] 1
[1743165707796284735] 1
[1743165707796405444] 1
[1743165707796609904] 1
[1743165707829088577] 1
[1743165707829161869] 1
[1743165707829187077] 1
[1743165707829216494] 1
[1743165707829233702] 1
[1743165707829252369] 1
[1743165707829271952] 1
[1743165707829294244] 1
[1743165707829313578] 1
[1743165707829340745] 1
[1743165708801480580] 1
[1743165708802224626] 1
[1743165708802413419] 1
[1743165708802559128] 1
[1743165708817795339] 1
[1743165708817978757] 1
[1743165708818082215] 1
[1743165708818256300] 1
[1743165708818452634] 1
[1743165708818587468] 1
[1743165708818749719] 1
[1743165708818850470] 1
[1743165708818970179] 1
[1743165708819082096] 1
[1743165708819319181] 1
[1743165708820017310] 1
[1743165708820588938] 1
[1743165708820704647] 1
[1743165708820811647] 1
[1743165708820872314] 1
[1743165708830263867] 1
[1743165708830291784] 1
[1743165708830309534] 1
[1743165708830324326] 1
[1743165708830335743] 1
[1743165708830352826] 1
[1743165708830365743] 1
[1743165708830396618] 1
[1743165708830417118] 1
[1743165708830429118] 1
[1743165709479643296] 1
[1743165709739544214] 1
[1743165709739756341] 1
[1743165709740043467] 1
[1743165709740188635] 1
[1743165709740419553] 1
[1743165709740624221] 1
[1743165709740857680] 1
[1743165709741053682] 1
[1743165709754532970] 1
[1743165709754692263] 1
[1743165709755203807] 1
[1743165709755287558] 1
[1743165709755367475] 1
[1743165709755434309] 1
[1743165709755747602] 1
[1743165709756181146] 1
[1743165709756309480] 1
[1743165709756454815] 1
[1743165709756588440] 1
[1743165709831174675] 1
[1743165709831245467] 1
[1743165709831277259] 1
[1743165709831303842] 1
[1743165709831320009] 1
[1743165709831965305] 1
[1743165709832007847] 1
[1743165709832032305] 1
[1743165709832060514] 1
[1743165709832081389] 1
[1743165710520407883] 1
[1743165710520677802] 1
[1743165710520851219] 1
[1743165710712900168] 1
[1743165710713182712] 1
[1743165710713312004] 1
[1743165710713556256] 1
[1743165710713692381] 1
[1743165710717056694] 1
[1743165710717715407] 1
[1743165710834313343] 1
[1743165710834397093] 1
[1743165710834445594] 1
[1743165710834473969] 1
[1743165710834516136] 1
[1743165710834543344] 1
[1743165710834569094] 1
[1743165710834604803] 1
[1743165710834627470] 1
[1743165710834648470] 1
[1743165711548172961] 1
[1743165711548416963] 1
[1743165711551429316] 1
[1743165711551653234] 1
[1743165711745559127] 1
[1743165711745833504] 1
[1743165711745900463] 1
[1743165711749746488] 1
[1743165711750120699] 1
[1743165711754290309] 1
[1743165711835819593] 1
[1743165711835870218] 1
[1743165711835883343] 1
[1743165711835897635] 1
[1743165711835912093] 1
[1743165711835924218] 1
[1743165711835935635] 1
[1743165711835962719] 1
[1743165711835980052] 1
[1743165711835992844] 1
[1743165712545028850] 1
[1743165712545348852] 1
[1743165712549610090] 1
[1743165712553475033] 1
[1743165712557946647] 1
[1743165712562174467] 1
[1743165712732895801] 1
[1743165712733122719] 1
[1743165712733319804] 1
[1743165712736119448] 1
[1743165712837618725] 1
[1743165712837669059] 1
[1743165712837687559] 1
[1743165712837700809] 1
[1743165712837716476] 1
[1743165712837737726] 1
[1743165712837760809] 1
[1743165712837774809] 1
[1743165712837783935] 1
[1743165712837794018] 1
[1743165713558648273] 1
[1743165713559014900] 1
[1743165713559203902] 1
[1743165713559666030] 1
[1743165713566477912] 1
[1743165713566522162] 1
[1743165713567245959] 1
[1743165713753942997] 1
[1743165713754187916] 1
[1743165713757474189] 1
[1743165713840041861] 1
[1743165713840109278] 1
[1743165713840126403] 1
[1743165713840140112] 1
[1743165713840159778] 1
[1743165713840180945] 1
[1743165713840197570] 1
[1743165713840212237] 1
[1743165713840239279] 1
[1743165713840262737] 1
[1743165714598692228] 1
[1743165714598950772] 1
[1743165714599294358] 1
[1743165714599502818] 1
[1743165714599980988] 1
[1743165714600167656] 1
[1743165714600330949] 1
[1743165714600482075] 1
[1743165714600699452] 1
[1743165714773206438] 1
[1743165714841855239] 1
[1743165714841962364] 1
[1743165714841987781] 1
[1743165714842016490] 1
[1743165714842032657] 1
[1743165714842047740] 1
[1743165714842063323] 1
[1743165714842082365] 1
[1743165714842103032] 1
[1743165714842127324] 1
[1743165715628240034] 1
[1743165715628507119] 1
[1743165715628681620] 1
[1743165715628888330] 1
[1743165715629041165] 1
[1743165715629285042] 1
[1743165715629502877] 1
[1743165715629680753] 1
[1743165715629842879] 1
[1743165715629960505] 1
[1743165715842980643] 1
[1743165715843060769] 1
[1743165715843078894] 1
[1743165715843095936] 1
[1743165715843115811] 1
[1743165715843138936] 1
[1743165715843154061] 1
[1743165715843179478] 1
[1743165715843195437] 1
[1743165715843222645] 1
[1743165716646860587] 1
[1743165716647165840] 1
[1743165716647372092] 1
[1743165716647654052] 1
[1743165716647921221] 1
[1743165716648076680] 1
[1743165716648195765] 1
[1743165716648383058] 1
[1743165716648530809] 1
[1743165716648637727] 1
[1743165716844384286] 1
[1743165716844447370] 1
[1743165716844463412] 1
[1743165716844477329] 1
[1743165716844491787] 1
[1743165716844517329] 1
[1743165716844528829] 1
[1743165716844556412] 1
[1743165716844573621] 1
[1743165716844586788] 1
[1743165717668341199] 1
[1743165717668877828] 1
[1743165717669052913] 1
[1743165717669185956] 1
[1743165717669304165] 1
[1743165717669451041] 1
[1743165717669571125] 1
[1743165717669771710] 1
[1743165717669909628] 1
[1743165717670018671] 1
[1743165717846023038] 1
[1743165717846078913] 1
[1743165717846092788] 1
[1743165717846111705] 1
[1743165717846538917] 1
[1743165717846551375] 1
[1743165717846558334] 1
[1743165717846571250] 1
[1743165717846597917] 1
[1743165717846610459] 1
[1743165718900026754] 1
[1743165718900108129] 1
[1743165718900240464] 1
[1743165718900315131] 1
[1743165718900442466] 1
[1743165718900532091] 1
[1743165718900692551] 1
[1743165718901154513] 1
[1743165718901335348] 1
[1743165718901457391] 1
[1743165719920650220] 1
[1743165719920726512] 1
[1743165719921890731] 1
[1743165719921945731] 1
[1743165719932343281] 1
[1743165719932405990] 1
[1743165719932583950] 1
[1743165719933292622] 1
[1743165719933370706] 1
[1743165719933438707] 1
[1743165720941039538] 1
[1743165720941147663] 1
[1743165720941221789] 1
[1743165720941479541] 1
[1743165720951022461] 1
[1743165720951083087] 1
[1743165720951562549] 1
[1743165720952068970] 1
[1743165720952263431] 1
[1743165720952322848] 1
[1743165721860256849] 1
[1743165721860551976] 1
[1743165721860656644] 1
[1743165721860745853] 1
[1743165721860804437] 1
[1743165721860877729] 1
[1743165721860964772] 1
[1743165721861033898] 1
[1743165721861118357] 1
[1743165721861615653] 1
[1743165722956774728] 1
[1743165722956952938] 1
[1743165722957046105] 1
[1743165722957107064] 1
[1743165722957223190] 1
[1743165722957310566] 1
[1743165722957378109] 1
[1743165722960909517] 1
[1743165722961003352] 1
[1743165722961503815] 1
[1743165723964856954] 1
[1743165723964953497] 1
[1743165723965063831] 1
[1743165723965113207] 1
[1743165723965202583] 1
[1743165723968522115] 1
[1743165723968583324] 1
[1743165723968689659] 1
[1743165723968776701] 1
[1743165723969374165] 1
[1743165724964244883] 1
[1743165724964328842] 1
[1743165724965503479] 1
[1743165724965563771] 1
[1743165724965611605] 1
[1743165724968672219] 1
[1743165724968745261] 1
[1743165724968826970] 1
[1743165724968878054] 1
[1743165724969430685] 1
[1743165725969726863] 1
[1743165725970084992] 1
[1743165725970129743] 1
[1743165725970243535] 1
[1743165725970458163] 1
[1743165725970514788] 1
[1743165725970562747] 1
[1743165725973700946] 1
[1743165725973871906] 1
[1743165725974274035] 1
[1743165726966522450] 1
[1743165726966642743] 1
[1743165726966705160] 1
[1743165726966878745] 1
[1743165726966942954] 1
[1743165726967049039] 1
[1743165726967114373] 1
[1743165726970152071] 1
[1743165726970304990] 1
[1743165726970672285] 1
[1743165727979069103] 1
[1743165727979142146] 1
[1743165727979448607] 1
[1743165727979486274] 1
[1743165727979685485] 1
[1743165727979769652] 1
[1743165727979810486] 1
[1743165727979942863] 1
[1743165727980220366] 1
[1743165727980356284] 1
[1743165728974780181] 1
[1743165728975199103] 1
[1743165728975752317] 1
[1743165728975845151] 1
[1743165728981926885] 1
[1743165728982103387] 1
[1743165728982286639] 1
[1743165728982378098] 1
[1743165728982945729] 1
[1743165728983005272] 1
[1743165729985745154] 1
[1743165729985843030] 1
[1743165729985913280] 1
[1743165729985972364] 1
[1743165729986039782] 1
[1743165729986163158] 1
[1743165729986466995] 1
[1743165729986633997] 1
[1743165729986734498] 1
[1743165729986863999] 1
[1743165730983193948] 1
[1743165730983292949] 1
[1743165730983493285] 1
[1743165730983730579] 1
[1743165730993499816] 1
[1743165730993598359] 1
[1743165730993862820] 1
[1743165730994334284] 1
[1743165730994541203] 1
[1743165730994595662] 1
[1743165731510470534] 1
[1743165731510943289] 1
[1743165731511303127] 1
[1743165731511591380] 1
[1743165731511844675] 1
[1743165731512054052] 1
[1743165731512250554] 1
[1743165731512416181] 1
[1743165731512610975] 1
[1743165731524448613] 1
[1743165731524784659] 1
[1743165731525023370] 1
[1743165731525267289] 1
[1743165731525465291] 1
[1743165731525706628] 1
[1743165731526288759] 1
[1743165731527094644] 1
[1743165731527386355] 1
[1743165731527628483] 1
[1743165731527829861] 1
[1743165731543139080] 0 : Request cancelled by client due to FailedTimeout
[1743165731553636161] 0 : Request cancelled by client due to FailedTimeout
[1743165731563355524] 0 : Request cancelled by client due to FailedTimeout
[1743165731574038356] 0 : Request cancelled by client due to FailedTimeout
[1743165731584575146] 0 : Request cancelled by client due to FailedTimeout
[1743165731596327991] 0 : Request cancelled by client due to FailedTimeout
[1743165731606626985] 0 : Request cancelled by client due to FailedTimeout
[1743165731617972201] 0 : Request cancelled by client due to FailedTimeout
[1743165731628354363] 0 : Request cancelled by client due to FailedTimeout
[1743165731640188126] 0 : Request cancelled by client due to FailedTimeout
[1743165731895789056] 1
[1743165731895929058] 1
[1743165731895959433] 1
[1743165731895984559] 1
[1743165731896028101] 1
[1743165731896074476] 1
[1743165731896119852] 1
[1743165731896155061] 1
[1743165731896211061] 1
[1743165731896435772] 1
[1743165732988967231] 1
[1743165732989057607] 1
[1743165732989145191] 1
[1743165732989346152] 1
[1743165732989418278] 1
[1743165732995835271] 1
[1743165732995880729] 1
[1743165732996125941] 1
[1743165732996705906] 1
[1743165732996830616] 1
[1743165733594833365] 1
[1743165733595168702] 1
[1743165733595457748] 1
[1743165733595695167] 1
[1743165733595885919] 1
[1743165733596508677] 1
[1743165733596729971] 1
[1743165733596944390] 1
[1743165733597130268] 1
[1743165733597310145] 1
[1743165733604532899] 1
[1743165733604839611] 1
[1743165733605066072] 1
[1743165733605276366] 1
[1743165733605523827] 1
[1743165733605783955] 1
[1743165733607911398] 1
[1743165733608569031] 1
[1743165733608815117] 1
[1743165733609019703] 1
[1743165733901175600] 1
[1743165733901415228] 1
[1743165733901873025] 1
[1743165733901945651] 1
[1743165733901989568] 1
[1743165733902271696] 1
[1743165733902318863] 1
[1743165733947385698] 1
[1743165733947688785] 1
[1743165733948172291] 1
[1743165734984724950] 1
[1743165734984814451] 1
[1743165734984874243] 1
[1743165734984928619] 1
[1743165734985162913] 1
[1743165734985284373] 1
[1743165734985359457] 1
[1743165734988346536] 1
[1743165734988464329] 1
[1743165734988997252] 1
[1743165735583175491] 1
[1743165735583605371] 1
[1743165735584723885] 1
[1743165735584984680] 1
[1743165735591080881] 1
[1743165735591623929] 1
[1743165735591851682] 1
[1743165735592123436] 1
[1743165735592715943] 1
[1743165735592954571] 1
[1743165735993944279] 1
[1743165735994050363] 1
[1743165735994144906] 1
[1743165735994507911] 1
[1743165735994555203] 1
[1743165735994602245] 1
[1743165735994641704] 1
[1743165735997695659] 1
[1743165735998624379] 1
[1743165735999198261] 1
[1743165737001080704] 1
[1743165737001158913] 1
[1743165737001209830] 1
[1743165737001304415] 1
[1743165737011060790] 1
[1743165737011184208] 1
[1743165737011588838] 1
[1743165737011881926] 1
[1743165737011967885] 1
[1743165737012126470] 1
[1743165737998037407] 1
[1743165737998301286] 1
[1743165737998506747] 1
[1743165737998690707] 1
[1743165738008280123] 1
[1743165738008346666] 1
[1743165738008613128] 1
[1743165738009060634] 1
[1743165738009243428] 1
[1743165738009396513] 1
[1743165739000562466] 1
[1743165739000615800] 1
[1743165739000736718] 1
[1743165739000798219] 1
[1743165739000868136] 1
[1743165739001115139] 1
[1743165739001363684] 1
[1743165739005031661] 1
[1743165739005112702] 1
[1743165739005716574] 1
[1743165739999650226] 1
[1743165739999725601] 1
[1743165739999788267] 1
[1743165739999959767] 1
[1743165740000230682] 1
[1743165740000307807] 1
[1743165740000582681] 1
[1743165740003717834] 1
[1743165740003818875] 1
[1743165740004413831] 1
[1743165741002263279] 1
[1743165741002447279] 1
[1743165741003978564] 1
[1743165741004063106] 1
[1743165741004150564] 1
[1743165741004208355] 1
[1743165741004239814] 1
[1743165741007527844] 1
[1743165741007639801] 1
[1743165741008196633] 1
[1743165741997597627] 1
[1743165741997750209] 1
[1743165741997809376] 1
[1743165741997842292] 1
[1743165741997874417] 1
[1743165741998042125] 1
[1743165741998105667] 1
[1743165742001554654] 1
[1743165742001713195] 1
[1743165742002248360] 1
[1743165743001770077] 1
[1743165743001829493] 1
[1743165743001880868] 1
[1743165743001952534] 1
[1743165743002066117] 1
[1743165743002283492] 1
[1743165743002433741] 1
[1743165743005532982] 1
[1743165743005709732] 1
[1743165743006295855] 1
[1743165744013655016] 1
[1743165744013742600] 1
[1743165744013795224] 1
[1743165744013852349] 1
[1743165744013895599] 1
[1743165744013939349] 1
[1743165744020444043] 1
[1743165744020593417] 1
[1743165744021092166] 1
[1743165744021304874] 1
[1743165745017905185] 1
[1743165745017977560] 1
[1743165745018025144] 1
[1743165745018236268] 1
[1743165745018306851] 1
[1743165745018415268] 1
[1743165745018515268] 1
[1743165745021402721] 1
[1743165745021483137] 1
[1743165745022294469] 1
[1743165746021347640] 1
[1743165746021493057] 1
[1743165746021899765] 1
[1743165746022006015] 1
[1743165746022094556] 1
[1743165746022139973] 1
[1743165746022262306] 1
[1743165746025212093] 1
[1743165746025326135] 1
[1743165746025991300] 1
[1743165747022971875] 1
[1743165747023043542] 1
[1743165747023207125] 1
[1743165747023446041] 1
[1743165747023673124] 1
[1743165747023790749] 1
[1743165747023874624] 1
[1743165747026960412] 1
[1743165747027060662] 1
[1743165747027613953] 1
[1743165748024564880] 1
[1743165748024633213] 1
[1743165748024685338] 1
[1743165748024841296] 1
[1743165748025016129] 1
[1743165748025127296] 1
[1743165748025215588] 1
[1743165748028366627] 1
[1743165748028479127] 1
[1743165748029042335] 1
[1743165749025392565] 1
[1743165749025464857] 1
[1743165749025571482] 1
[1743165749025619565] 1
[1743165749025671148] 1
[1743165749025740107] 1
[1743165749025834440] 1
[1743165749026224731] 1
[1743165749026281648] 1
[1743165749026359773] 1
[1743165750024702841] 1
[1743165750024786466] 1
[1743165750024836341] 1
[1743165750025038257] 1
[1743165750025140216] 1
[1743165750025193174] 1
[1743165750025347382] 1
[1743165750028316966] 1
[1743165750028406966] 1
[1743165750028985591] 1
[1743165751022589032] 1
[1743165751022665241] 1
[1743165751022980491] 1
[1743165751023043782] 1
[1743165751023130782] 1
[1743165751023196324] 1
[1743165751023233241] 1
[1743165751026283450] 1
[1743165751026399409] 1
[1743165751026939201] 1
[1743165752022257927] 1
[1743165752022444135] 1
[1743165752022512385] 1
[1743165752022681719] 1
[1743165752022958677] 1
[1743165752023039927] 1
[1743165752023173969] 1
[1743165752023438636] 1
[1743165752023506094] 1
[1743165752023567219] 1
[1743165752991221029] 1
[1743165752991295279] 1
[1743165752991354654] 1
[1743165752991418696] 1
[1743165752991774321] 1
[1743165752991840154] 1
[1743165752991867071] 1
[1743165752996436658] 1
[1743165752996507991] 1
[1743165752996826492] 1
[1743165753998022017] 1
[1743165753998129267] 1
[1743165753998217934] 1
[1743165753998273226] 1
[1743165753998335309] 1
[1743165753998414726] 1
[1743165753998483435] 1
[1743165753998851060] 1
[1743165753998914768] 1
[1743165753998991977] 1
[1743165754995189182] 1
[1743165754995312182] 1
[1743165754995363641] 1
[1743165754995414433] 1
[1743165754995491349] 1
[1743165754995646350] 1
[1743165754995721641] 1
[1743165754998714521] 1
[1743165754998814688] 1
[1743165754999486689] 1
[1743165755994148779] 1
[1743165755994311279] 1
[1743165755994399279] 1
[1743165755994461946] 1
[1743165755994640988] 1
[1743165755994758697] 1
[1743165756000723333] 1
[1743165756000895375] 1
[1743165756001497834] 1
[1743165756951838501] 1
[1743165757024382959] 1
[1743165757024711752] 1
[1743165757025135211] 1
[1743165757025217003] 1
[1743165757025355503] 1
[1743165757025449837] 1
[1743165757025608795] 1
[1743165757025704004] 1
[1743165757025951296] 1
[1743165757954154186] 1
[1743165758050113487] 1
[1743165758050246487] 1
[1743165758050648197] 1
[1743165758050748614] 1
[1743165758050801239] 1
[1743165758050838697] 1
[1743165758051338199] 1
[1743165758051481783] 1
[1743165758956256663] 1
[1743165758956299580] 1
[1743165759040687541] 1
[1743165759047235104] 1
[1743165759047281937] 1
[1743165759047337646] 1
[1743165759047377688] 1
[1743165759047498355] 1
[1743165759047586813] 1
[1743165759047635814] 1
[1743165759957937881] 1
[1743165759958013673] 1
[1743165760017568243] 1
[1743165760017640660] 1
[1743165760029977619] 1
[1743165760030169287] 1
[1743165760030238787] 1
[1743165760030377871] 1
[1743165760031228874] 1
[1743165760960039424] 1
[1743165760960232591] 1
[1743165760960646301] 1
[1743165761051450093] 1
[1743165761051522218] 1
[1743165761051578302] 1
[1743165761051675510] 1
[1743165761051763636] 1
[1743165761058233952] 1
[1743165761058911413] 1
[1743165761962530285] 1
[1743165761962657160] 1
[1743165761962693410] 1
[1743165762036940580] 1
[1743165762037385873] 1
[1743165762037632458] 1
[1743165762043449982] 1
[1743165762043509565] 1
[1743165762043860442] 1
[1743165762965508544] 1
[1743165762965703337] 1
[1743165762965770920] 1
[1743165762965828379] 1
[1743165763050776328] 1
[1743165763050862578] 1
[1743165763050978245] 1
[1743165763057892026] 1
[1743165763057943276] 1
[1743165763968263819] 1
[1743165763968452986] 1
[1743165763968503237] 1
[1743165763968601529] 1
[1743165763968672904] 1
[1743165764062283796] 1
[1743165764065555311] 1
[1743165764065610645] 1
[1743165764065747770] 1
[1743165764971019647] 1
[1743165764971174272] 1
[1743165764971215439] 1
[1743165764971323898] 1
[1743165764971357565] 1
[1743165764971389648] 1
[1743165765022840523] 1
[1743165765022926232] 1
[1743165765030173227] 1
[1743165765973382979] 1
[1743165765973606230] 1
[1743165765973674939] 1
[1743165765973730023] 1
[1743165765973809565] 1
[1743165765973937565] 1
[1743165765974447568] 1
[1743165766051517762] 1
[1743165766055746326] 1
[1743165766977799241] 1
[1743165766977992701] 1
[1743165766978031076] 1
[1743165766978902247] 1
[1743165766981019758] 1
[1743165766981080134] 1
[1743165766981119342] 1
[1743165766981158759] 1
[1743165767032847835] 1
[1743165767036621231] 1
[1743165767983329966] 1
[1743165767983434300] 1
[1743165767983465634] 1
[1743165767983483925] 1
[1743165767983501301] 1
[1743165767983532967] 1
[1743165767983582718] 1
[1743165767983600593] 1
[1743165768031198201] 1
[1743165768031269327] 1
[1743165768986106670] 1
[1743165768986314171] 1
[1743165768986377963] 1
[1743165768986434088] 1
[1743165768986710340] 1
[1743165768986828257] 1
[1743165768986864257] 1
[1743165768986905883] 1
[1743165769059488368] 1
[1743165769993685391] 1
[1743165769993953518] 1
[1743165769994004851] 1
[1743165769994047560] 1
[1743165769995984155] 1
[1743165769996061531] 1
[1743165769996222573] 1
[1743165769996302990] 1
[1743165769996351324] 1
[1743165771116704417] 1
[1743165771127795408] 1
[1743165771127887117] 1
[1743165771128028243] 1
[1743165771134170659] 1
[1743165771134219826] 1
[1743165771142762759] 1
[1743165771142860926] 1
[1743165771142909010] 1
[1743165771143891850] 1
[1743165772001875952] 1
[1743165772003929591] 1
[1743165772004181384] 1
[1743165772004265135] 1
[1743165772004330094] 1
[1743165772004361802] 1
[1743165772004391469] 1
[1743165772005975439] 1
[1743165772006035647] 1
[1743165772006067523] 1
[1743165782376245237] 1
[1743165782376321029] 1
[1743165782419577354] 1
[1743165782446959570] 1
[1743165782447016112] 1
[1743165782447053279] 1
[1743165782447082071] 1
[1743165782450344227] 1
[1743165782450398686] 1
[1743165782450439561] 1
[1743165782450525646] 1
[1743165782450583271] 1
[1743165782450662605] 1
[1743165782450849732] 1
[1743165782450914274] 1
[1743165782450954066] 1
[1743165782450985900] 1
[1743165782466561255] 1
[1743165782469707243] 1
[1743165782472551062] 1
[1743165782472629937] 1
[1743165782472681688] 1
[1743165782484978845] 1
[1743165782487777872] 1
[1743165782487832956] 1
[1743165782496854791] 1
[1743165782496897916] 1
[1743165782503154683] 1
[1743165782503217017] 1
[1743165782503280268] 1
[1743165782503356810] 1
[1743165782503403977] 1
[1743165782513003443] 1
[1743165782513158736] 1
[1743165782513326946] 1
[1743165782513415072] 1
[1743165782513508531] 1
[1743165782513588740] 1
[1743165782519435045] 1
[1743165782522644742] 1
[1743165782527331661] 1
[1743165782533985349] 1
[1743165782534047183] 1
[1743165782538351140] 1
[1743165782542376845] 1
[1743165782543799942] 1
[1743165782546842720] 1
[1743165782548116649] 1
[1743165782552066394] 1
[1743165782559387005] 1
[1743165782560476349] 1
[1743165782567902169] 1
[1743165782575670992] 1
[1743165782579637904] 1
[1743165782584138572] 1
[1743165782584658368] 1
[1743165782588622531] 1
[1743165782592589277] 1
[1743165782596570272] 1
[1743165782600397683] 1
[1743165783032562014] 1
[1743165783032818766] 1
[1743165783032934309] 1
[1743165783033032851] 1
[1743165783033188603] 1
[1743165783033305646] 1
[1743165783033410272] 1
[1743165783033493731] 1
[1743165783033581648] 1
[1743165783033693899] 1
[1743165783312699550] 1
[1743165783398152250] 1
[1743165783398261876] 1
[1743165783401538658] 1
[1743165783401726826] 1
[1743165783404716897] 1
[1743165783420257047] 1
[1743165783427000820] 1
[1743165783427108488] 1
[1743165783428497626] 1
[1743165783432627125] 1
[1743165783443683523] 1
[1743165783445715126] 1
[1743165783446301590] 1
[1743165783446411633] 1
[1743165783446585843] 1
[1743165783446656302] 1
[1743165783446830928] 1
[1743165783447204015] 1
[1743165783447308475] 1
[1743165784036594377] 1
[1743165784036864922] 1
[1743165784036995965] 1
[1743165784037110091] 1
[1743165784037216758] 1
[1743165784037320968] 1
[1743165784037398469] 1
[1743165784037497261] 1
[1743165784037635388] 1
[1743165784038437437] 1
[1743165784479336581] 1
[1743165784484528090] 1
[1743165784497226757] 1
[1743165784497416093] 1
[1743165784501195380] 1
[1743165784502314433] 1
[1743165784506218804] 1
[1743165784506384223] 1
[1743165784506638017] 1
[1743165784506924478] 1
[1743165785041110842] 1
[1743165785041363345] 1
[1743165785041451179] 1
[1743165785041510430] 1
[1743165785041581514] 1
[1743165785041734765] 1
[1743165785041840350] 1
[1743165785041931851] 1
[1743165785042015893] 1
[1743165785042072060] 1
[1743165785515075998] 1
[1743165785515200041] 1
[1743165785515905048] 1
[1743165785515957591] 1
[1743165785516056633] 1
[1743165785516150134] 1
[1743165785516463762] 1
[1743165785516676806] 1
[1743165785516742890] 1
[1743165785516848141] 1
[1743165786043917425] 1
[1743165786044104677] 1
[1743165786044187095] 1
[1743165786044250262] 1
[1743165786044402847] 1
[1743165786044505931] 1
[1743165786044564265] 1
[1743165786044734100] 1
[1743165786044825268] 1
[1743165786044874768] 1
[1743165787136287538] 1
[1743165787136419040] 1
[1743165787136494874] 1
[1743165787136595250] 1
[1743165787136697501] 1
[1743165787136829919] 1
[1743165787136980837] 1
[1743165787140142912] 1
[1743165787140357748] 1
[1743165787140851420] 1
[1743165788143646030] 1
[1743165788143721447] 1
[1743165788143859282] 1
[1743165788143960867] 1
[1743165788144064243] 1
[1743165788144247786] 1
[1743165788144478164] 1
[1743165788147627156] 1
[1743165788147731365] 1
[1743165788148146245] 1
[1743165789148603537] 1
[1743165789148703247] 1
[1743165789148757872] 1
[1743165789148824165] 1
[1743165789148893999] 1
[1743165789148955291] 1
[1743165789149007792] 1
[1743165789151900490] 1
[1743165789152013741] 1
[1743165789152680332] 1
[1743165790149573455] 1
[1743165790149651331] 1
[1743165790150808719] 1
[1743165790150907803] 1
[1743165790151024305] 1
[1743165790151072222] 1
[1743165790151147056] 1
[1743165790154070880] 1
[1743165790154173173] 1
[1743165790155190101] 1
[1743165791149605355] 1
[1743165791149667814] 1
[1743165791149763273] 1
[1743165791149804482] 1
[1743165791149865816] 1
[1743165791149923275] 1
[1743165791149988192] 1
[1743165791153813986] 1
[1743165791153930279] 1
[1743165791154389492] 1
[1743165792066025780] 1
[1743165792066334200] 1
[1743165792066405326] 1
[1743165792066482201] 1
[1743165792066567994] 1
[1743165792066627370] 1
[1743165792066700704] 1
[1743165792066762663] 1
[1743165792066804455] 1
[1743165792066882831] 1
[1743165832153035011] 1
[1743165832153272429] 1
[1743165832153388597] 1
[1743165832153498056] 1
[1743165832153706390] 1
[1743165832153902017] 1
[1743165832154069643] 1
[1743165832154170310] 1
[1743165832154253019] 1
[1743165832154588730] 1
[1743165832154775065] 1
[1743165832154940149] 1
[1743165832155123901] 1
[1743165832167177695] 1
[1743165832167440947] 1
[1743165832167528114] 1
[1743165832167637448] 1
[1743165832167704199] 1
[1743165832167856075] 1
[1743165832167980534] 1
[1743165832168062701] 1
[1743165832168383912] 1
[1743165832168474037] 1
[1743165832168807956] 1
[1743165832169353627] 1
[1743165832169474086] 1
[1743165832169608587] 1
[1743165832169724338] 1
[1743165832929381293] 1
[1743165832958006747] 1
[1743165833168246368] 1
[1743165833168315535] 1
[1743165833168406827] 1
[1743165833171257348] 1
[1743165833171342557] 1
[1743165833171389516] 1
[1743165833171447933] 1
[1743165833175323837] 1
[1743165833175390004] 1
[1743165833175452629] 1
[1743165833175581922] 1
[1743165833175690881] 1
[1743165833201750365] 1
[1743165833201865824] 1
[1743165833201946241] 1
[1743165833201982741] 1
[1743165833202394744] 1
[1743165833202482620] 1
[1743165833202541245] 1
[1743165833202693621] 1
[1743165833202759872] 1
[1743165833202850831] 1
[1743165833202878706] 1
[1743165833202966415] 1
[1743165833203022457] 1
[1743165833203065916] 1
[1743165833203130208] 1
[1743165833203387127] 1
[1743165833203467252] 1
[1743165833203598753] 1
[1743165833211396519] 1
[1743165833215255797] 1
[1743165833297386110] 1
[1743165833297572862] 1
[1743165833297676446] 1
[1743165833297735280] 1
[1743165833297791738] 1
[1743165833297853405] 1
[1743165833297964448] 1
[1743165833298104657] 1
[1743165833298173408] 1
[1743165833298215075] 1
[1743165833298271408] 1
[1743165833298479243] 1
[1743165833298538619] 1
[1743165833298604578] 1
[1743165833298652745] 1
[1743165833298700912] 1
[1743165833298888996] 1
[1743165833298974872] 1
[1743165833299031206] 1
[1743165833299370500] 1
[1743165833299427542] 1
[1743165833299498418] 1
[1743165833299601460] 1
[1743165833299660710] 1
[1743165833299847420] 1
[1743165833299900254] 1
[1743165833300861053] 1
[1743165833301030387] 1
[1743165833301535974] 1
[1743165833301665600] 1
[1743165833301701934] 1
[1743165833301745684] 1
[1743165833302139395] 1
[1743165833302187479] 1
[1743165833302926901] 1
[1743165833303071694] 1
[1743165833303209487] 1
[1743165833303468572] 1
[1743165833303679865] 1
[1743165833303805699] 1
[1743165833303991492] 1
[1743165833304458371] 1
[1743165833304633830] 1
[1743165833304685122] 1
[1743165833304841540] 1
[1743165833304881707] 1
[1743165833304952708] 1
[1743165833304991125] 1
[1743165833305040167] 1
[1743165833305087625] 1
[1743165833305125417] 1
[1743165833305146959] 1
[1743165833305166334] 1
[1743165833305207293] 1
[1743165833305255168] 1
[1743165833305307710] 1
[1743165833344139663] 1
[1743165833344194122] 1
[1743165833344214455] 1
[1743165833344236997] 1
[1743165833344259747] 1
[1743165833344280622] 1
[1743165833344302331] 1
[1743165833344331164] 1
[1743165833344364373] 1
[1743165833346607681] 1
[1743165833955419122] 1
[1743165833955647873] 1
[1743165833955870500] 1
[1743165833955968709] 1
[1743165833956058293] 1
[1743165833971487073] 1
[1743165833971754742] 1
[1743165833971804367] 1
[1743165833971847118] 1
[1743165833971943452] 1
[1743165833973077835] 1
[1743165833973272337] 1
[1743165833973372129] 1
[1743165833973432754] 1
[1743165833973479005] 1
[1743165834173896645] 1
[1743165834174153439] 1
[1743165834174316023] 1
[1743165834174575692] 1
[1743165834174698734] 1
[1743165834175292114] 1
[1743165834175411906] 1
[1743165834175523532] 1
[1743165834175651992] 1
[1743165834175757409] 1
[1743165834175866827] 1
[1743165834175937660] 1
[1743165834188639674] 1
[1743165834188756549] 1
[1743165834188861884] 1
[1743165834188950051] 1
[1743165834189024218] 1
[1743165834189182303] 1
[1743165834189320554] 1
[1743165834189413513] 1
[1743165834189611139] 1
[1743165834190110018] 1
[1743165834190246852] 1
[1743165834190755773] 1
[1743165834190863107] 1
[1743165834348534513] 1
[1743165834348640639] 1
[1743165834348691473] 1
[1743165834348743056] 1
[1743165834348789223] 1
[1743165834348845557] 1
[1743165834348895391] 1
[1743165834348958683] 1
[1743165834349006767] 1
[1743165834350329318] 1
[1743165834948302693] 1
[1743165834948562820] 1
[1743165834948647279] 1
[1743165834948708196] 1
[1743165834948772988] 1
[1743165834949140283] 1
[1743165835211604949] 1
[1743165835211735367] 1
[1743165835211848201] 1
[1743165835211995660] 1
[1743165835212122828] 1
[1743165835212218495] 1
[1743165835212312329] 1
[1743165835212813292] 1
[1743165835213004376] 1
[1743165835213107252] 1
[1743165835213197461] 1
[1743165835213352296] 1
[1743165835213477755] 1
[1743165835216379945] 1
[1743165835216458154] 1
[1743165835216544071] 1
[1743165835216697114] 1
[1743165835216887240] 1
[1743165835217016825] 1
[1743165835217106159] 1
[1743165835217499703] 1
[1743165835217689621] 1
[1743165835217920373] 1
[1743165835218504711] 1
[1743165835351630753] 1
[1743165835351735420] 1
[1743165835351780046] 1
[1743165835351819462] 1
[1743165835351859963] 1
[1743165835351902338] 1
[1743165835351940338] 1
[1743165835351985130] 1
[1743165835352033548] 1
[1743165835352073256] 1
[1743165835978100946] 1
[1743165835978334698] 1
[1743165835978745992] 1
[1743165835978870410] 1
[1743165835982120894] 1
[1743165835982294562] 1
[1743165835982418146] 1
[1743165835982624106] 1
[1743165836210460894] 1
[1743165836210705396] 1
[1743165836210911397] 1
[1743165836211054982] 1
[1743165836211188316] 1
[1743165836211307650] 1
[1743165836211456943] 1
[1743165836211623028] 1
[1743165836211755821] 1
[1743165836211938864] 1
[1743165836223709917] 1
[1743165836223985544] 1
[1743165836224128837] 1
[1743165836224231921] 1
[1743165836224302338] 1
[1743165836224372964] 1
[1743165836224450423] 1
[1743165836224795426] 1
[1743165836225393014] 1
[1743165836225631641] 1
[1743165836225749892] 1
[1743165836225900060] 1
[1743165836355114308] 1
[1743165836355281684] 1
[1743165836355319976] 1
[1743165836355357893] 1
[1743165836355397227] 1
[1743165836355437061] 1
[1743165836355474728] 1
[1743165836355517353] 1
[1743165836355610020] 1
[1743165836355660312] 1
[1743165836983764451] 1
[1743165836983965619] 1
[1743165836984113579] 1
[1743165837210681240] 1
[1743165837210899784] 1
[1743165837211065993] 1
[1743165837211228703] 1
[1743165837211345912] 1
[1743165837211476872] 1
[1743165837211607123] 1
[1743165837223679764] 1
[1743165837223869558] 1
[1743165837223981434] 1
[1743165837224138810] 1
[1743165837224244186] 1
[1743165837224583564] 1
[1743165837225395070] 1
[1743165837225556155] 1
[1743165837225678698] 1
[1743165837225874533] 1
[1743165837356826449] 1
[1743165837356951533] 1
[1743165837357633997] 1
[1743165837357674789] 1
[1743165837357710706] 1
[1743165837357746165] 1
[1743165837357782665] 1
[1743165837357822290] 1
[1743165837357856124] 1
[1743165837357893583] 1
[1743165838005153603] 1
[1743165838005393313] 1
[1743165838005761483] 1
[1743165838012774293] 1
[1743165838234144797] 1
[1743165838234441966] 1
[1743165838234663968] 1
[1743165838234829719] 1
[1743165838235053555] 1
[1743165838235322224] 1
[1743165838235483350] 1
[1743165838246938114] 1
[1743165838247048990] 1
[1743165838247164949] 1
[1743165838247247908] 1
[1743165838247494285] 1
[1743165838247917372] 1
[1743165838248328959] 1
[1743165838248430418] 1
[1743165838248533794] 1
[1743165838360102241] 1
[1743165838360177533] 1
[1743165838360208242] 1
[1743165838360236242] 1
[1743165838360262492] 1
[1743165838360288784] 1
[1743165838360315326] 1
[1743165838360342826] 1
[1743165838360370118] 1
[1743165838360399202] 1
[1743165839031308695] 1
[1743165839031545072] 1
[1743165839031879450] 1
[1743165839032087202] 1
[1743165839032241453] 1
[1743165839032394746] 1
[1743165839256266819] 1
[1743165839256472321] 1
[1743165839256650698] 1
[1743165839256873075] 1
[1743165839256984576] 1
[1743165839257195161] 1
[1743165839266596993] 1
[1743165839266714285] 1
[1743165839267250457] 1
[1743165839267367083] 1
[1743165839267616543] 1
[1743165839267976588] 1
[1743165839268171465] 1
[1743165839268239590] 1
[1743165839362292326] 1
[1743165839362378993] 1
[1743165839362412202] 1
[1743165839362447619] 1
[1743165839362468660] 1
[1743165839362491494] 1
[1743165839362512452] 1
[1743165839362538119] 1
[1743165839362564203] 1
[1743165839362855539] 1
[1743165840062782726] 1
[1743165840063031687] 1
[1743165840071517804] 1
[1743165840071767932] 1
[1743165840072271103] 1
[1743165840073156611] 1
[1743165840073395738] 1
[1743165840073699824] 1
[1743165840231718941] 1
[1743165840232419781] 1
[1743165840232744783] 1
[1743165840233017828] 1
[1743165840364657876] 1
[1743165840364759710] 1
[1743165840364813752] 1
[1743165840364866086] 1
[1743165840364914378] 1
[1743165840364961504] 1
[1743165840365010004] 1
[1743165840365055880] 1
[1743165840365102588] 1
[1743165840365150130] 1
[1743165841075667730] 1
[1743165841075877315] 1
[1743165841087036667] 1
[1743165841087293127] 1
[1743165841088262011] 1
[1743165841088720557] 1
[1743165841088938434] 1
[1743165841089116102] 1
[1743165841245487779] 1
[1743165841246478788] 1
[1743165841367083347] 1
[1743165841367163514] 1
[1743165841367201973] 1
[1743165841367242432] 1
[1743165841367282182] 1
[1743165841367319057] 1
[1743165841367350516] 1
[1743165841367398100] 1
[1743165841367438100] 1
[1743165841367473559] 1
[1743165842102959956] 1
[1743165842103194999] 1
[1743165842114930984] 1
[1743165842115141653] 1
[1743165842116120120] 1
[1743165842116432123] 1
[1743165842116631958] 1
[1743165842116843085] 1
[1743165842270751896] 1
[1743165842271679571] 1
[1743165842368688309] 1
[1743165842368796769] 1
[1743165842368833019] 1
[1743165842368865936] 1
[1743165842368899145] 1
[1743165842368934478] 1
[1743165842368971270] 1
[1743165842369005146] 1
[1743165842369036771] 1
[1743165842369067563] 1
[1743165843142981935] 1
[1743165843143172354] 1
[1743165843143365814] 1
[1743165843143645150] 1
[1743165843147047932] 1
[1743165843147280976] 1
[1743165843147428269] 1
[1743165843147571229] 1
[1743165843148467654] 1
[1743165843289008202] 1
[1743165843369761180] 1
[1743165843369852930] 1
[1743165843369897264] 1
[1743165843369926431] 1
[1743165843369978973] 1
[1743165843370020307] 1
[1743165843370059182] 1
[1743165843370100141] 1
[1743165843370141725] 1
[1743165843370181267] 1
[1743165844161256254] 1
[1743165844173148703] 1
[1743165844173348330] 1
[1743165844173512956] 1
[1743165844173646957] 1
[1743165844173780459] 1
[1743165844174895636] 1
[1743165844175092680] 1
[1743165844175251015] 1
[1743165844175413433] 1
[1743165844372757394] 1
[1743165844373026272] 1
[1743165844373118106] 1
[1743165844373266358] 1
[1743165844373383859] 1
[1743165844373465735] 1
[1743165844373539360] 1
[1743165844373657445] 1
[1743165844373735654] 1
[1743165844373862864] 1
[1743165845190731013] 1
[1743165845202358879] 1
[1743165845202536005] 1
[1743165845202688674] 1
[1743165845202795300] 1
[1743165845202896509] 1
[1743165845203926644] 1
[1743165845204256439] 1
[1743165845204410691] 1
[1743165845204530234] 1
[1743165845376178687] 1
[1743165845376315688] 1
[1743165845376366147] 1
[1743165845376408148] 1
[1743165845376445606] 1
[1743165845376487482] 1
[1743165845376528065] 1
[1743165845376565107] 1
[1743165845377473325] 1
[1743165845377525200] 1
[1743165846224169645] 1
[1743165846224363730] 1
[1743165846224561649] 1
[1743165846224862943] 1
[1743165846225413699] 1
[1743165846231810222] 1
[1743165846231964598] 1
[1743165846232404436] 1
[1743165846233484489] 1
[1743165846233626532] 1
[1743165846379129671] 1
[1743165846379191838] 1
[1743165846379215213] 1
[1743165846379236755] 1
[1743165846379261047] 1
[1743165846379282589] 1
[1743165846379303547] 1
[1743165846379327506] 1
[1743165846379347923] 1
[1743165846379371590] 1
[1743165847248731806] 1
[1743165847260371592] 1
[1743165847260585261] 1
[1743165847260744971] 1
[1743165847260869806] 1
[1743165847260990015] 1
[1743165847262072360] 1
[1743165847262271904] 1
[1743165847262518698] 1
[1743165847262679074] 1
[1743165847380728041] 1
[1743165847380807042] 1
[1743165847380830500] 1
[1743165847380851042] 1
[1743165847380870167] 1
[1743165847380889501] 1
[1743165847380910001] 1
[1743165847380930293] 1
[1743165847380954335] 1
[1743165847380972793] 1
[1743165848465425722] 1
[1743165848465599599] 1
[1743165848465714892] 1
[1743165848465820768] 1
[1743165848465926394] 1
[1743165848466023812] 1
[1743165848466112438] 1
[1743165848469611141] 1
[1743165848469785643] 1
[1743165848470325648] 1
[1743165849460829875] 1
[1743165849460934626] 1
[1743165849461193962] 1
[1743165849461689217] 1
[1743165849468691042] 1
[1743165849468800918] 1
[1743165849468897336] 1
[1743165849469076504] 1
[1743165849469492926] 1
[1743165849469802512] 1
[1743165850461791102] 1
[1743165850461883103] 1
[1743165850461953229] 1
[1743165850462020063] 1
[1743165850468085087] 1
[1743165850468236130] 1
[1743165850468354965] 1
[1743165850468557134] 1
[1743165850469161932] 1
[1743165850469371059] 1
[1743165851450996046] 1
[1743165851451129339] 1
[1743165851451275049] 1
[1743165851451450551] 1
[1743165851457516826] 1
[1743165851457704328] 1
[1743165851457781537] 1
[1743165851458175041] 1
[1743165851458806798] 1
[1743165851459011676] 1
[1743165852450130690] 1
[1743165852450400234] 1
[1743165852450546069] 1
[1743165852450630320] 1
[1743165852450812781] 1
[1743165852451041617] 1
[1743165852451301369] 1
[1743165852479925857] 1
[1743165852484370365] 1
[1743165852488563579] 1
[1743165853460963849] 1
[1743165853461387812] 1
[1743165853461969235] 1
[1743165853462048236] 1
[1743165853462134112] 1
[1743165853462262738] 1
[1743165853462354573] 1
[1743165853462488741] 1
[1743165853462577784] 1
[1743165853495084362] 1
[1743165854450990025] 1
[1743165854451083110] 1
[1743165854451182194] 1
[1743165854451245987] 1
[1743165854459583750] 1
[1743165854459753252] 1
[1743165854459830128] 1
[1743165854460001588] 1
[1743165854460683179] 1
[1743165854460804097] 1
[1743165855453499597] 1
[1743165855453586306] 1
[1743165855453786517] 1
[1743165855453833684] 1
[1743165855453881851] 1
[1743165855453934144] 1
[1743165855453973061] 1
[1743165855454350857] 1
[1743165855454528151] 1
[1743165855454608401] 1
[1743165856450968942] 1
[1743165856451068234] 1
[1743165856451164361] 1
[1743165856451239528] 1
[1743165856451374905] 1
[1743165856451571157] 1
[1743165856451639033] 1
[1743165856454420441] 1
[1743165856454622860] 1
[1743165856455143783] 1
[1743165857452309995] 1
[1743165857452431663] 1
[1743165857452625874] 1
[1743165857452720375] 1
[1743165857452901377] 1
[1743165857453040837] 1
[1743165857453114297] 1
[1743165857455840204] 1
[1743165857456072916] 1
[1743165857456504254] 1
[1743165858453984704] 1
[1743165858454063288] 1
[1743165858454130789] 1
[1743165858454245915] 1
[1743165858454301124] 1
[1743165858454363708] 1
[1743165858454428459] 1
[1743165858457173739] 1
[1743165858457317115] 1
[1743165858457815579] 1
[1743165859457613347] 1
[1743165859457697514] 1
[1743165859457834930] 1
[1743165859458010472] 1
[1743165859458118096] 1
[1743165859458198346] 1
[1743165859458271846] 1
[1743165859461126882] 1
[1743165859461324215] 1
[1743165859461817630] 1
[1743165860507011621] 1
[1743165860507145412] 1
[1743165860510115074] 1
[1743165860510278449] 1
[1743165860513531401] 1
[1743165860513658109] 1
[1743165860513717318] 1
[1743165860513778734] 1
[1743165860513838484] 1
[1743165860513900651] 1
[1743165860514321233] 1
[1743165860514663941] 1
[1743165860517647102] 1
[1743165860518365185] 1
[1743165860518694642] 1
[1743165860518900184] 1
[1743165860519079350] 1
[1743165860519247350] 1
[1743165860519397349] 1
[1743165860521448888] 1
[1743165861468382699] 1
[1743165861468585824] 1
[1743165861468746991] 1
[1743165861468815365] 1
[1743165861468905699] 1
[1743165861468968199] 1
[1743165861469027615] 1
[1743165861469088490] 1
[1743165861469272698] 1
[1743165861469342406] 1
[1743165862550291894] 1
[1743165862550381477] 1
[1743165862550426393] 1
[1743165862550497310] 1
[1743165862604839629] 1
[1743165862604936212] 1
[1743165862604997087] 1
[1743165862605217962] 1
[1743165862605291420] 1
[1743165862605638378] 1
[1743165862606005086] 1
[1743165862606339252] 1
[1743165862606569169] 1
[1743165862606765627] 1
[1743165862606949085] 1
[1743165862607125085] 1
[1743165862607295335] 1
[1743165862607368293] 1
[1743165862607408876] 1
[1743165862607575209] 1
[1743165862610873206] 1
[1743165862611176706] 1
[1743165862611449039] 1
[1743165862611682663] 1
[1743165862611886788] 1
[1743165862612078205] 1
[1743165862612276413] 1
[1743165862612470954] 1
[1743165862612780537] 1
[1743165862613352995] 1
[1743165863516374819] 1
[1743165863516474486] 1
[1743165863516538069] 1
[1743165863516764778] 1
[1743165863516815278] 1
[1743165863516862652] 1
[1743165863517739444] 1
[1743165863517816652] 1
[1743165863517864568] 1
[1743165863518093443] 1
[1743165864511611386] 1
[1743165864511751511] 1
[1743165864511846969] 1
[1743165864513449885] 1
[1743165864513520427] 1
[1743165864513563219] 1
[1743165864513653969] 1
[1743165864516659468] 1
[1743165864516794176] 1
[1743165864517385092] 1
[1743165864570700073] 1
[1743165864571001823] 1
[1743165864571335323] 1
[1743165864571610781] 1
[1743165864578821946] 1
[1743165864579064279] 1
[1743165864579292737] 1
[1743165864579538820] 1
[1743165864580067112] 1
[1743165864580391528] 1
[1743165865516721366] 1
[1743165865516774450] 1
[1743165865516821950] 1
[1743165865516947116] 1
[1743165865517102866] 1
[1743165865517191408] 1
[1743165865517270658] 1
[1743165865520702991] 1
[1743165865520822241] 1
[1743165865521269575] 1
[1743165866517545428] 1
[1743165866517759095] 1
[1743165866517860553] 1
[1743165866517947428] 1
[1743165866517999928] 1
[1743165866524299013] 1
[1743165866524370722] 1
[1743165866524650888] 1
[1743165866525033680] 1
[1743165866525109930] 1
[1743165867524636110] 1
[1743165867524914735] 1
[1743165867524961110] 1
[1743165867525007652] 1
[1743165867525094568] 1
[1743165867525170568] 1
[1743165867525435943] 1
[1743165867525503777] 1
[1743165867525681235] 1
[1743165867525763485] 1
[1743165868523846438] 1
[1743165868523911313] 1
[1743165868524336855] 1
[1743165868524469105] 1
[1743165868533575197] 1
[1743165868533654197] 1
[1743165868533869406] 1
[1743165868534616156] 1
[1743165868534677448] 1
[1743165868534741740] 1
[1743165869521713621] 1
[1743165869521860163] 1
[1743165869522060121] 1
[1743165869522117371] 1
[1743165869522160830] 1
[1743165869522273580] 1
[1743165869522415247] 1
[1743165869525441876] 1
[1743165869525712793] 1
[1743165869526081626] 1
[1743165870517616735] 1
[1743165870517824694] 1
[1743165870517908736] 1
[1743165870517994903] 1
[1743165870518064986] 1
[1743165870518210778] 1
[1743165870518287070] 1
[1743165870521586783] 1
[1743165870521675242] 1
[1743165870522078076] 1
[1743165871532365270] 1
[1743165871532478562] 1
[1743165871532547312] 1
[1743165871532656937] 1
[1743165871532725604] 1
[1743165871532788396] 1
[1743165871532956313] 1
[1743165871536255694] 1
[1743165871536406027] 1
[1743165871536845487] 1
[1743165942576969908] 1
[1743165942577414702] 1
[1743165942577685745] 1
[1743165942577895871] 1
[1743165942578827959] 1
[1743165942579173127] 1
[1743165942579420129] 1
[1743165942579988548] 1
[1743165942580248008] 1
[1743165942580457092] 1
[1743165942580636385] 1
[1743165942580820261] 1
[1743165942580970678] 1
[1743165942581123679] 1
[1743165942581299888] 1
[1743165942581492764] 1
[1743165942581610515] 1
[1743165942581721016] 1
[1743165942581834683] 1
[1743165942581941183] 1
[1743165942582035767] 1
[1743165942582667104] 1
[1743165942582845688] 1
[1743165942582966980] 1
[1743165942607292606] 1
[1743165942607417065] 1
[1743165942607602191] 1
[1743165942607735108] 1
[1743165942607817150] 1
[1743165942607938943] 1
[1743165942608007735] 1
[1743165942608097402] 1
[1743165942608172069] 1
[1743165942608520612] 1
[1743165942608595738] 1
[1743165942608662113] 1
[1743165942608971365] 1
[1743165942609200574] 1
[1743165942609399742] 1
[1743165942609594243] 1
[1743165942609786452] 1
[1743165942611006375] 1
[1743165942611270627] 1
[1743165942611345710] 1
[1743165942611430044] 1
[1743165942611499003] 1
[1743165942611655545] 1
[1743165942611738337] 1
[1743165942611962714] 1
[1743165942612022339] 1
[1743165943165553779] 1
[1743165943165657529] 1
[1743165943165754113] 1
[1743165943165876155] 1
[1743165943298447162] 1
[1743165943298553288] 1
[1743165943330856420] 1
[1743165943343691781] 1
[1743165943343789532] 1
[1743165943343905574] 1
[1743165943343961075] 1
[1743165943344016783] 1
[1743165943344055533] 1
[1743165943344100950] 1
[1743165943344221743] 1
[1743165943344459994] 1
[1743165943374238946] 1
[1743165943377397713] 1
[1743165943380441980] 1
[1743165943380625397] 1
[1743165943380719023] 1
[1743165943380770732] 1
[1743165943380807190] 1
[1743165943386322595] 1
[1743165943386386887] 1
[1743165943386447012] 1
[1743165943386663763] 1
[1743165943386757097] 1
[1743165943386818056] 1
[1743165943386907515] 1
[1743165943386965765] 1
[1743165943466181609] 1
[1743165943466244234] 1
[1743165943466283193] 1
[1743165943466327693] 1
[1743165943466422194] 1
[1743165943477658796] 1
[1743165943477720130] 1
[1743165943477870297] 1
[1743165943478380925] 1
[1743165943478430175] 1
[1743165943478471800] 1
[1743165943478507051] 1
[1743165943478571676] 1
[1743165943478612218] 1
[1743165943478667593] 1
[1743165943478712135] 1
[1743165943478775177] 1
[1743165943478861886] 1
[1743165943478924344] 1
[1743165943479112595] 1
[1743165943479189429] 1
[1743165943479234096] 1
[1743165943479348972] 1
[1743165943479395014] 1
[1743165943479746932] 1
[1743165943479804974] 1
[1743165943525881056] 1
[1743165943525951182] 1
[1743165943526003848] 1
[1743165943526040474] 1
[1743165943526242308] 1
[1743165943560495076] 1
[1743165943560554952] 1
[1743165943560586243] 1
[1743165943560630494] 1
[1743165943560660494] 1
[1743165943560759286] 1
[1743165943560814911] 1
[1743165943560852037] 1
[1743165943561056288] 1
[1743165943561121580] 1
[1743165943561235372] 1
[1743165943561284747] 1
[1743165943561312997] 1
[1743165943561350831] 1
[1743165943561383331] 1
[1743165943562133252] 1
[1743165943563768677] 1
[1743165943564074262] 1
[1743165943564269305] 1
[1743165943564471681] 1
[1743165943564534140] 1
[1743165943564589765] 1
[1743165943564735141] 1
[1743165943565375103] 1
[1743165943565559770] 1
[1743165943565684688] 1
[1743165943565845647] 1
[1743165943565947314] 1
[1743165943983288733] 1
[1743165943983393067] 1
[1743165943983462692] 1
[1743165943983517817] 1
[1743165943983605484] 1
[1743165943983670651] 1
[1743165943983727777] 1
[1743165943989514308] 1
[1743165943989617392] 1
[1743165943989677267] 1
[1743165944235100435] 1
[1743165944240811675] 1
[1743165944246664666] 1
[1743165944246734875] 1
[1743165944246790292] 1
[1743165944252123864] 1
[1743165944252189239] 1
[1743165944252334198] 1
[1743165944252427532] 1
[1743165944252490199] 1
[1743165944252558783] 1
[1743165944255617717] 1
[1743165944261364541] 1
[1743165944636255230] 1
[1743165944636683774] 1
[1743165944637448112] 1
[1743165944637687905] 1
[1743165944637854656] 1
[1743165944638022032] 1
[1743165944638200158] 1
[1743165944638362701] 1
[1743165944638522660] 1
[1743165944638989954] 1
[1743165944639149705] 1
[1743165944639323081] 1
[1743165944639516874] 1
[1743165944639751458] 1
[1743165944639852667] 1
[1743165944640015085] 1
[1743165944640254878] 1
[1743165944640424754] 1
[1743165944640542713] 1
[1743165944640943340] 1
[1743165944641073507] 1
[1743165944641226508] 1
[1743165944641347051] 1
[1743165944658017769] 1
[1743165944658212479] 1
[1743165944658456522] 1
[1743165944658587064] 1
[1743165944658669815] 1
[1743165944658742857] 1
[1743165944658795315] 1
[1743165944658860691] 1
[1743165944658928524] 1
[1743165944658986733] 1
[1743165944659036567] 1
[1743165944659610070] 1
[1743165944659823696] 1
[1743165944659992739] 1
[1743165944660141406] 1
[1743165944660286990] 1
[1743165944660448616] 1
[1743165944660593659] 1
[1743165944661234037] 1
[1743165944661792582] 1
[1743165944661974792] 1
[1743165944662125709] 1
[1743165944662183334] 1
[1743165944662306960] 1
[1743165944992279939] 1
[1743165944992408107] 1
[1743165944993467529] 1
[1743165944993561530] 1
[1743165944993634905] 1
[1743165944993719531] 1
[1743165944993775198] 1
[1743165944994554869] 1
[1743165944994610744] 1
[1743165944994667453] 1
[1743165945247412468] 1
[1743165945247706053] 1
[1743165945247830762] 1
[1743165945253990881] 1
[1743165945255167472] 1
[1743165945255346514] 1
[1743165945542288273] 1
[1743165945542510899] 1
[1743165945542754401] 1
[1743165945542964194] 1
[1743165945543090194] 1
[1743165945543226070] 1
[1743165945543481322] 1
[1743165945543669989] 1
[1743165945543820199] 1
[1743165945543949699] 1
[1743165945544156492] 1
[1743165945556171729] 1
[1743165945556298646] 1
[1743165945556406272] 1
[1743165945556529731] 1
[1743165945556603606] 1
[1743165945556662565] 1
[1743165945556727774] 1
[1743165945556929692] 1
[1743165945556980442] 1
[1743165945557483987] 1
[1743165945557678488] 1
[1743165945557731613] 1
[1743165945557883531] 1
[1743165945997145637] 1
[1743165945997354096] 1
[1743165945997418513] 1
[1743165945997470805] 1
[1743165945997534264] 1
[1743165945997585598] 1
[1743165945997638473] 1
[1743165945997686932] 1
[1743165945997744557] 1
[1743165945997793891] 1
[1743165946276360409] 1
[1743165946277538041] 1
[1743165946277783293] 1
[1743165946280896020] 1
[1743165946281111896] 1
[1743165946281166438] 1
[1743165946281250147] 1
[1743165946281637650] 1
[1743165946657850386] 1
[1743165946658214013] 1
[1743165946658669349] 1
[1743165946659084393] 1
[1743165946659404645] 1
[1743165946660043774] 1
[1743165946660334734] 1
[1743165946660561902] 1
[1743165946660756987] 1
[1743165946660959155] 1
[1743165946661504491] 1
[1743165946661721909] 1
[1743165946661924535] 1
[1743165946662139787] 1
[1743165946662332496] 1
[1743165946662472289] 1
[1743165946662633748] 1
[1743165946662736290] 1
[1743165946662843541] 1
[1743165946662998584] 1
[1743165946663124293] 1
[1743165946674889781] 1
[1743165946675048406] 1
[1743165946675190866] 1
[1743165946675308825] 1
[1743165946675405409] 1
[1743165946675507034] 1
[1743165946675631993] 1
[1743165946675709786] 1
[1743165946675771578] 1
[1743165946675834703] 1
[1743165946676067204] 1
[1743165946676302997] 1
[1743165946676588957] 1
[1743165946677046585] 1
[1743165946677585380] 1
[1743165946677856548] 1
[1743165946678266176] 1
[1743165946678991597] 1
[1743165946679107348] 1
[1743165946679255307] 1
[1743165946679296849] 1
[1743165946999845706] 1
[1743165946999938415] 1
[1743165946999985749] 1
[1743165947000036374] 1
[1743165947000079541] 1
[1743165947000153583] 1
[1743165947000201584] 1
[1743165947000254834] 1
[1743165947002100220] 1
[1743165947002203387] 1
[1743165947275467683] 1
[1743165947275765393] 1
[1743165947285289411] 1
[1743165947575852482] 1
[1743165947576852488] 1
[1743165947578054871] 1
[1743165947578307789] 1
[1743165947579364754] 1
[1743165947579839007] 1
[1743165947580664554] 1
[1743165947580913722] 1
[1743165947591286829] 1
[1743165947591488372] 1
[1743165947591703207] 1
[1743165947591841332] 1
[1743165947592031959] 1
[1743165947592303002] 1
[1743165947593170382] 1
[1743165947593583677] 1
[1743165947593805511] 1
[1743165948003952749] 1
[1743165948004047583] 1
[1743165948004114833] 1
[1743165948004162458] 1
[1743165948004208750] 1
[1743165948005544884] 1
[1743165948005657676] 1
[1743165948005710135] 1
[1743165948005770510] 1
[1743165948005838511] 1
[1743165948314272133] 1
[1743165948314493510] 1
[1743165948321204262] 1
[1743165948321403721] 1
[1743165948690475028] 1
[1743165948690893864] 1
[1743165948691263242] 1
[1743165948691541660] 1
[1743165948691768703] 1
[1743165948692010538] 1
[1743165948692578625] 1
[1743165948692788210] 1
[1743165948692981295] 1
[1743165948693174504] 1
[1743165948693358130] 1
[1743165948693593548] 1
[1743165948693781758] 1
[1743165948693996801] 1
[1743165948694433054] 1
[1743165948694551305] 1
[1743165948694665264] 1
[1743165948694764264] 1
[1743165948704954330] 1
[1743165948705081081] 1
[1743165948705189624] 1
[1743165948705367083] 1
[1743165948705534542] 1
[1743165948705641335] 1
[1743165948706275381] 1
[1743165948706607341] 1
[1743165948706836509] 1
[1743165948707016177] 1
[1743165948707208970] 1
[1743165948707398180] 1
[1743165948707622181] 1
[1743165948708171810] 1
[1743165948708234685] 1
[1743165948708869397] 1
[1743165948708986523] 1
[1743165948709018023] 1
[1743165949007415623] 1
[1743165949007481416] 1
[1743165949007532708] 1
[1743165949008605048] 1
[1743165949008728799] 1
[1743165949008773216] 1
[1743165949008816383] 1
[1743165949008854133] 1
[1743165949008895300] 1
[1743165949008940884] 1
[1743165949339857178] 1
[1743165949340082347] 1
[1743165949349840495] 1
[1743165949350066580] 1
[1743165949350587208] 1
[1743165949599735915] 1
[1743165949599865124] 1
[1743165949600077709] 1
[1743165949600245919] 1
[1743165949600355628] 1
[1743165949600476337] 1
[1743165949600595713] 1
[1743165949610135068] 1
[1743165949610373778] 1
[1743165949610526071] 1
[1743165949610616238] 1
[1743165949610751780] 1
[1743165949611295701] 1
[1743165949611426285] 1
[1743165949611522244] 1
[1743165950010637871] 1
[1743165950010759580] 1
[1743165950011382584] 1
[1743165950011495418] 1
[1743165950011568211] 1
[1743165950011934963] 1
[1743165950011973422] 1
[1743165950012032130] 1
[1743165950012078464] 1
[1743165950012131048] 1
[1743165950367670996] 1
[1743165950367932873] 1
[1743165950368142707] 1
[1743165950378253652] 1
[1743165950378453487] 1
[1743165950378516696] 1
[1743165950663161822] 1
[1743165950663594200] 1
[1743165950664008078] 1
[1743165950664236913] 1
[1743165950664515123] 1
[1743165950664741375] 1
[1743165950664946168] 1
[1743165950665121544] 1
[1743165950665284545] 1
[1743165950665394254] 1
[1743165950665497422] 1
[1743165950677986008] 1
[1743165950678313802] 1
[1743165950678601179] 1
[1743165950679228724] 1
[1743165950679517935] 1
[1743165950679747145] 1
[1743165950680116106] 1
[1743165950680356191] 1
[1743165950680666026] 1
[1743165950681264530] 1
[1743165950681553449] 1
[1743165950681786742] 1
[1743165950681981952] 1
[1743165951013548570] 1
[1743165951013661321] 1
[1743165951013705946] 1
[1743165951015143165] 1
[1743165951015312124] 1
[1743165951015362791] 1
[1743165951015426417] 1
[1743165951015497042] 1
[1743165951015576335] 1
[1743165951015630127] 1
[1743165951389719194] 1
[1743165951390018821] 1
[1743165951398877425] 1
[1743165951399953308] 1
[1743165951400199643] 1
[1743165951400245102] 1
[1743165951595358609] 1
[1743165951595578611] 1
[1743165951595703695] 1
[1743165951596146740] 1
[1743165952017076975] 1
[1743165952017144267] 1
[1743165952017190684] 1
[1743165952017233643] 1
[1743165952017273101] 1
[1743165952017304935] 1
[1743165952018192566] 1
[1743165952018302734] 1
[1743165952018366193] 1
[1743165952018401109] 1
[1743165952423153599] 1
[1743165952423584477] 1
[1743165952423811395] 1
[1743165952432570459] 1
[1743165952433527466] 1
[1743165952433743176] 1
[1743165952433790843] 1
[1743165952701102456] 1
[1743165952701596460] 1
[1743165952701944420] 1
[1743165952702194714] 1
[1743165952702418132] 1
[1743165952702742843] 1
[1743165952702928178] 1
[1743165952703095304] 1
[1743165952703288805] 1
[1743165952703456265] 1
[1743165952703639099] 1
[1743165952715333310] 1
[1743165952715715521] 1
[1743165952715990439] 1
[1743165952716219399] 1
[1743165952716440109] 1
[1743165952716633611] 1
[1743165952717100322] 1
[1743165952717402241] 1
[1743165952717913870] 1
[1743165952718197205] 1
[1743165952718446041] 1
[1743165952718646417] 1
[1743165953020039157] 1
[1743165953020105365] 1
[1743165953020138866] 1
[1743165953020169366] 1
[1743165953020199866] 1
[1743165953020228658] 1
[1743165953020264117] 1
[1743165953020306992] 1
[1743165953020332492] 1
[1743165953021217040] 1
[1743165953456334210] 1
[1743165953456639129] 1
[1743165953467255708] 1
[1743165953467467418] 1
[1743165953468646927] 1
[1743165953469162639] 1
[1743165953469351765] 1
[1743165953639825748] 1
[1743165953640094375] 1
[1743165953640550462] 1
[1743165954022337611] 1
[1743165954022399362] 1
[1743165954022456195] 1
[1743165954022486654] 1
[1743165954023390828] 1
[1743165954023431036] 1
[1743165954023457328] 1
[1743165954023491578] 1
[1743165954023590287] 1
[1743165954023626621] 1
[1743165954491973128] 1
[1743165954492177630] 1
[1743165954498764764] 1
[1743165954498994765] 1
[1743165954499178017] 1
[1743165954499577145] 1
[1743165954500396818] 1
[1743165954500568361] 1
[1743165954752972504] 1
[1743165954753334090] 1
[1743165954753626842] 1
[1743165954753837302] 1
[1743165954754080179] 1
[1743165954754274181] 1
[1743165954754444182] 1
[1743165954754734892] 1
[1743165954755004020] 1
[1743165954755475481] 1
[1743165954755770234] 1
[1743165954761683196] 1
[1743165954762043699] 1
[1743165954762353326] 1
[1743165954762600911] 1
[1743165954762833330] 1
[1743165954763041998] 1
[1743165954763339333] 1
[1743165954763803420] 1
[1743165954764017547] 1
[1743165954764846470] 1
[1743165954765089597] 1
[1743165955024813800] 1
[1743165955024885217] 1
[1743165955024913843] 1
[1743165955024988510] 1
[1743165955025011927] 1
[1743165955025041135] 1
[1743165955025064177] 1
[1743165955025093927] 1
[1743165955025130636] 1
[1743165955025155970] 1
[1743165955523444133] 1
[1743165955535181975] 1
[1743165955535379393] 1
[1743165955535526061] 1
[1743165955535963440] 1
[1743165955536791363] 1
[1743165955536956697] 1
[1743165955537132324] 1
[1743165955537157699] 1
[1743165955671473129] 1
[1743165956027183760] 1
[1743165956027312636] 1
[1743165956027364928] 1
[1743165956027398470] 1
[1743165956027427804] 1
[1743165956027466929] 1
[1743165956027500471] 1
[1743165956027529221] 1
[1743165956027593805] 1
[1743165956027631764] 1
[1743165956546119806] 1
[1743165956546605602] 1
[1743165956559107494] 1
[1743165956559316246] 1
[1743165956559510331] 1
[1743165956559682915] 1
[1743165956560512464] 1
[1743165956560810716] 1
[1743165956560964092] 1
[1743165956561004301] 1
[1743165956784443722] 1
[1743165956784817433] 1
[1743165956785231687] 1
[1743165956785490814] 1
[1743165956786212236] 1
[1743165956786520197] 1
[1743165956786774116] 1
[1743165956786973826] 1
[1743165956787189577] 1
[1743165956787411996] 1
[1743165956797087949] 1
[1743165956797346992] 1
[1743165956797605911] 1
[1743165956797777954] 1
[1743165956797947956] 1
[1743165956798113624] 1
[1743165956798409334] 1
[1743165956799009006] 1
[1743165956799331050] 1
[1743165956799605927] 1
[1743165957029314195] 1
[1743165957029371320] 1
[1743165957029394487] 1
[1743165957029428863] 1
[1743165957029476780] 1
[1743165957029508447] 1
[1743165957030136952] 1
[1743165957030174327] 1
[1743165957030194036] 1
[1743165957030210827] 1
[1743165957577813162] 1
[1743165957578100664] 1
[1743165957578433209] 1
[1743165957578583877] 1
[1743165957578760753] 1
[1743165957585147431] 1
[1743165957585391933] 1
[1743165957585576059] 1
[1743165957586485900] 1
[1743165957586631484] 1
[1743165958032437946] 1
[1743165958032534488] 1
[1743165958032567030] 1
[1743165958032624156] 1
[1743165958032703073] 1
[1743165958032754073] 1
[1743165958032795365] 1
[1743165958032826157] 1
[1743165958032856616] 1
[1743165958032892616] 1
[1743165958887520252] 1
[1743165958888677387] 1
[1743165958889085057] 1
[1743165958889372060] 1
[1743165958904373852] 1
[1743165958904817398] 1
[1743165958905071483] 1
[1743165958905355944] 1
[1743165958905628029] 1
[1743165958905824531] 1
[1743165958906259535] 1
[1743165958906468453] 1
[1743165958906676288] 1
[1743165958906862623] 1
[1743165958907156376] 1
[1743165958907784381] 1
[1743165958908049175] 1
[1743165958908373719] 1
[1743165958908424511] 1
[1743165958908453428] 1
[1743165959033810653] 1
[1743165959033854778] 1
[1743165959033868779] 1
[1743165959033880487] 1
[1743165959033903946] 1
[1743165959033918404] 1
[1743165959033933654] 1
[1743165959034590868] 1
[1743165959034614827] 1
[1743165959034628535] 1
[1743165960171417853] 1
[1743165960171819898] 1
[1743165960172068275] 1
[1743165960174446796] 1
[1743165960174498463] 1
[1743165960174553088] 1
[1743165960174606297] 1
[1743165960174645131] 1
[1743165960174689673] 1
[1743165960174739382] 1
[1743165960922819926] 1
[1743165960923705517] 1
[1743165960924087562] 1
[1743165960924327439] 1
[1743165960924539691] 1
[1743165960924781943] 1
[1743165960925036987] 1
[1743165960925265156] 1
[1743165960928616977] 1
[1743165960928855770] 1
[1743165960936118334] 1
[1743165960936353711] 1
[1743165960936672797] 1
[1743165960936896007] 1
[1743165960937391887] 1
[1743165960937425637] 1
[1743165960937454596] 1
[1743165960938014017] 1
[1743165960938312062] 1
[1743165960938530230] 1
[1743165961037775478] 1
[1743165961037820437] 1
[1743165961037834270] 1
[1743165961037846187] 1
[1743165961037857646] 1
[1743165961037872979] 1
[1743165961037898271] 1
[1743165961037918854] 1
[1743165961037932646] 1
[1743165961037945646] 1
[1743165962039669294] 1
[1743165962039722753] 1
[1743165962039789004] 1
[1743165962039815962] 1
[1743165962039840046] 1
[1743165962039862504] 1
[1743165962039890671] 1
[1743165962042932032] 1
[1743165962042958491] 1
[1743165962042985033] 1
[1743165963018094687] 1
[1743165963018487816] 1
[1743165963018753985] 1
[1743165963018957320] 1
[1743165963022142392] 1
[1743165963022449811] 1
[1743165963043290837] 1
[1743165963043327171] 1
[1743165963043348921] 1
[1743165963043376671] 1
[1743165963043412088] 1
[1743165963043430922] 1
[1743165963043447505] 1
[1743165963043464422] 1
[1743165963043480839] 1
[1743165963043496172] 1
[1743165963064365157] 1
[1743165963064840620] 1
[1743165963065132664] 1
[1743165963068830407] 1
[1743165963069202160] 1
[1743165963069517330] 1
[1743165963069565080] 1
[1743165963069607831] 1
[1743165963069679748] 1
[1743165963069736249] 1
[1743165963071845560] 1
[1743165963071951269] 1
[1743165963071996561] 1
[1743165963073369032] 1
[1743165964164233901] 1
[1743165964164426611] 1
[1743165964164833407] 1
[1743165964164978533] 1
[1743165964165269369] 1
[1743165964165409371] 1
[1743165964165549497] 1
[1743165964165577580] 1
[1743165964165938417] 1
[1743165964166032501] 1
[1743165965104698563] 1
[1743165965105177485] 1
[1743165965105222860] 1
[1743165965105261777] 1
[1743165965105287736] 1
[1743165965105667823] 1
[1743165965106035660] 1
[1743165965109438817] 1
[1743165965110593078] 1
[1743165965110844206] 1
[1743165965110897081] 1
[1743165965110951873] 1
[1743165965110987540] 1
[1743165965111086041] 1
[1743165965111118167] 1
[1743165965111146917] 1
[1743165965111360836] 1
[1743165965111437378] 1
[1743165965111495420] 1
[1743165965111532712] 1
[1743165965111605755] 1
[1743165965111652255] 1
[1743165965111800298] 1
[1743165965111893091] 1
[1743165965111935966] 1
[1743165965111995967] 1
[1743165965112046175] 1
[1743165965112082967] 1
[1743165965112109634] 1
[1743165965112235302] 1
[1743165966157019997] 1
[1743165966157419543] 1
[1743165966157785254] 1
[1743165966157856880] 1
[1743165966157903839] 1
[1743165966158137300] 1
[1743165966158191550] 1
[1743165966158378177] 1
[1743165966158489428] 1
[1743165966158544637] 1
[1743165967160998710] 1
[1743165967161113961] 1
[1743165967161228795] 1
[1743165967161286546] 1
[1743165967161342588] 1
[1743165967161394714] 1
[1743165967162134721] 1
[1743165967162248264] 1
[1743165967162310639] 1
[1743165967162718727] 1
[1743165967163021688] 1
[1743165967163221065] 1
[1743165967163469567] 1
[1743165967163718612] 1
[1743165967164036865] 1
[1743165967164327951] 1
[1743165967164576370] 1
[1743165967164866331] 1
[1743165967167945612] 1
[1743165967168190031] 1
[1743165967168427991] 1
[1743165967168681661] 1
[1743165967168895788] 1
[1743165967169121707] 1
[1743165967169336125] 1
[1743165967169557878] 1
[1743165967169736129] 1
[1743165967169949631] 1
[1743165967170129050] 1
[1743165967170177217] 1
[1743165968160383741] 1
[1743165968160520034] 1
[1743165968160765536] 1
[1743165968160844287] 1
[1743165968160911871] 1
[1743165968161311959] 1
[1743165968161458877] 1
[1743165968161536836] 1
[1743165968161672379] 1
[1743165968161720838] 1
[1743165969211140114] 1
[1743165969211516743] 1
[1743165969211565785] 1
[1743165969211592827] 1
[1743165969211616786] 1
[1743165969211651536] 1
[1743165969213018092] 1
[1743165969213101843] 1
[1743165969215699577] 1
[1743165969215736911] 1
[1743165969215825370] 1
[1743165969215880329] 1
[1743165969216244500] 1
[1743165969216310917] 1
[1743165969216466127] 1
[1743165969216650129] 1
[1743165969216705004] 1
[1743165969216754171] 1
[1743165969216825964] 1
[1743165969217530054] 1
[1743165969217601763] 1
[1743165969217638805] 1
[1743165969217684764] 1
[1743165969217772390] 1
[1743165969217908475] 1
[1743165969217976934] 1
[1743165969218038810] 1
[1743165969218091060] 1
[1743165969218117769] 1
[1743165969218146852] 1
[1743165970183685427] 1
[1743165970183798470] 1
[1743165970183949139] 1
[1743165970183982931] 1
[1743165970184052181] 1
[1743165970184092765] 1
[1743165970184167474] 1
[1743165970184210183] 1
[1743165970184252642] 1
[1743165970184824898] 1
[1743165971227610795] 1
[1743165971227702505] 1
[1743165971227985049] 1
[1743165971228056925] 1
[1743165971228119426] 1
[1743165971228156343] 1
[1743165971228508805] 1
[1743165971229016143] 1
[1743165971229837319] 1
[1743165971229896736] 1
[1743165971229954612] 1
[1743165971229999237] 1
[1743165971230045946] 1
[1743165971232984518] 1
[1743165971233548691] 1
[1743165971233915236] 1
[1743165971234157447] 1
[1743165971234352116] 1
[1743165971234557035] 1
[1743165971234760745] 1
[1743165971235023165] 1
[1743165971235288376] 1
[1743165971235933299] 1
[1743165971238968998] 1
[1743165971243168292] 1
[1743165971246224157] 1
[1743165971249588567] 1
[1743165971257466942] 1
[1743165971261160897] 1
[1743165971270437661] 1
[1743165972120831469] 1
[1743165972120869303] 1
[1743165972120879012] 1
[1743165972120910637] 1
[1743165972120924845] 1
[1743165972120937846] 1
[1743165972120947679] 1
[1743165972120966971] 1
[1743165972120984138] 1
[1743165972121011096] 1
[1743165972236550949] 0 : Request cancelled by client due to FailedTimeout
[1743165972246724433] 0 : Request cancelled by client due to FailedTimeout
[1743165972257095334] 0 : Request cancelled by client due to FailedTimeout
[1743165972271484321] 0 : Request cancelled by client due to FailedTimeout
[1743165972279998870] 0 : Request cancelled by client due to FailedTimeout
[1743165972291252447] 0 : Request cancelled by client due to FailedTimeout
[1743165972303108032] 0 : Request cancelled by client due to FailedTimeout
[1743165972312845135] 0 : Request cancelled by client due to FailedTimeout
[1743165972325830357] 0 : Request cancelled by client due to FailedTimeout
[1743165972336216592] 0 : Request cancelled by client due to FailedTimeout
[1743165973123570019] 1
[1743165973123616562] 1
[1743165973123632437] 1
[1743165973123649645] 1
[1743165973123660354] 1
[1743165973123672062] 1
[1743165973123741313] 1
[1743165973123758355] 1
[1743165973123764980] 1
[1743165973123780022] 1
[1743165982588440659] 1
[1743165982588522867] 1
[1743165982588768325] 1
[1743165982588835075] 1
[1743165982621345931] 1
[1743165982624241725] 1
[1743165982624339058] 1
[1743165982627400227] 1
[1743165982627775477] 1
[1743165982627839519] 1
[1743165982650936993] 1
[1743165982650987785] 1
[1743165982651117035] 1
[1743165982651162285] 1
[1743165982651199535] 1
[1743165982651287493] 1
[1743165982651494368] 1
[1743165982651580285] 1
[1743165982672485091] 1
[1743165982672545341] 1
[1743165982675337718] 1
[1743165982675394301] 1
[1743165982675457135] 1
[1743165982675509843] 1
[1743165982675542968] 1
[1743165982675616093] 1
[1743165982675674427] 1
[1743165982675838468] 1
[1743165982675919093] 1
[1743165982675959594] 1
[1743165982676008885] 1
[1743165982676049010] 1
[1743165982676106135] 1
[1743165982676157219] 1
[1743165982676201052] 1
[1743165982676231510] 1
[1743165982676411469] 1
[1743165982676529302] 1
[1743165982676596427] 1
[1743165982676644802] 1
[1743165982676684052] 1
[1743165982677495970] 1
[1743165982677568720] 1
[1743165982677638386] 1
[1743165982677773011] 1
[1743165982677883595] 1
[1743165982677931012] 1
[1743165982678278678] 1
[1743165982678313137] 1
[1743165983145059455] 1
[1743165983145139038] 1
[1743165983145161330] 1
[1743165983466042848] 1
[1743165983531982036] 1
[1743165983532057411] 1
[1743165983534972456] 1
[1743165983535052664] 1
[1743165983535098248] 1
[1743165983535165164] 1
[1743165983543002714] 1
[1743165983550705846] 1
[1743165983550756179] 1
[1743165983554072391] 1
[1743165983554119058] 1
[1743165983554183308] 1
[1743165983554225141] 1
[1743165983562994441] 1
[1743165983563082025] 1
[1743165983563132775] 1
[1743165983563204566] 1
[1743165983563289941] 1
[1743165983566443028] 1
[1743165983566497570] 1
[1743165983571973741] 1
[1743165983572057783] 1
[1743165983572099533] 1
[1743165983572210867] 1
[1743165983573003534] 1
[1743165983573067159] 1
[1743165983573470910] 1
[1743165984147231919] 1
[1743165984147282919] 1
[1743165984147301336] 1
[1743165984147313419] 1
[1743165984147339544] 1
[1743165984147353586] 1
[1743165984147372003] 1
[1743165984147380794] 1
[1743165984147388003] 1
[1743165984147399086] 1
[1743165984718248127] 1
[1743165984718385336] 1
[1743165984729993642] 1
[1743165984730116642] 1
[1743165984730192225] 1
[1743165984730560684] 1
[1743165984731439393] 1
[1743165984731519935] 1
[1743165984731745894] 1
[1743165984731824686] 1
[1743165985149580243] 1
[1743165985149629785] 1
[1743165985149647410] 1
[1743165985149681910] 1
[1743165985149691410] 1
[1743165985149698244] 1
[1743165985149705285] 1
[1743165985149730244] 1
[1743165985149746160] 1
[1743165985149757535] 1
[1743165985723767944] 1
[1743165985736118421] 1
[1743165985736441088] 1
[1743165985736540630] 1
[1743165985736612422] 1
[1743165985736751297] 1
[1743165985737566257] 1
[1743165985737648923] 1
[1743165985737751882] 1
[1743165985737803715] 1
[1743165986150874045] 1
[1743165986150923879] 1
[1743165986150939087] 1
[1743165986150956629] 1
[1743165986150963212] 1
[1743165986150977921] 1
[1743165986150987587] 1
[1743165986150998879] 1
[1743165986151037546] 1
[1743165986151049837] 1
[1743165987238101122] 1
[1743165987238254831] 1
[1743165987238493706] 1
[1743165987239349041] 1
[1743165987239457166] 1
[1743165987239501250] 1
[1743165987239536833] 1
[1743165987239602167] 1
[1743165987239719875] 1
[1743165987239765417] 1
[1743165988247441285] 1
[1743165988247508994] 1
[1743165988247780328] 1
[1743165988247980245] 1
[1743165988248865414] 1
[1743165988248938164] 1
[1743165988249044831] 1
[1743165988249125123] 1
[1743165988249386748] 1
[1743165988249726999] 1
[1743165989247179103] 1
[1743165989247267687] 1
[1743165989247535562] 1
[1743165989247685813] 1
[1743165989247833230] 1
[1743165989247875772] 1
[1743165989247995855] 1
[1743165989248355856] 1
[1743165989248454940] 1
[1743165989248953983] 1
[1743165990248546137] 1
[1743165990248672054] 1
[1743165990248761137] 1
[1743165990248850804] 1
[1743165990248969888] 1
[1743165990249128597] 1
[1743165990249723807] 1
[1743165990249819974] 1
[1743165990250035557] 1
[1743165990250111474] 1
[1743165991253252555] 1
[1743165991253690390] 1
[1743165991253775015] 1
[1743165991253879557] 1
[1743165991254126516] 1
[1743165991254195642] 1
[1743165991254243933] 1
[1743165991254319267] 1
[1743165991254395309] 1
[1743165991254466809] 1
[1743165992164689956] 1
[1743165992164763539] 1
[1743165992164790581] 1
[1743165992164822414] 1
[1743165992164838540] 1
[1743165992164870206] 1
[1743165992164906123] 1
[1743165992164943415] 1
[1743165992164985957] 1
[1743165992165009873] 1
[1743165993263114883] 1
[1743165993263632010] 1
[1743165993263713635] 1
[1743165993263789844] 1
[1743165993264234637] 1
[1743165993264538847] 1
[1743165993264638014] 1
[1743165993264683389] 1
[1743165993264773347] 1
[1743165993264843264] 1
[1743165994258232789] 1
[1743165994258366664] 1
[1743165994258570540] 1
[1743165994258783833] 1
[1743165994259157042] 1
[1743165994259200793] 1
[1743165994259297126] 1
[1743165994259415335] 1
[1743165994259475085] 1
[1743165994259645253] 1
[1743165995263674760] 1
[1743165995263826760] 1
[1743165995264061719] 1
[1743165995264448096] 1
[1743165995264637722] 1
[1743165995264759472] 1
[1743165995264842473] 1
[1743165995264909348] 1
[1743165995265068973] 1
[1743165995265257933] 1
[1743165996276953454] 1
[1743165996277369789] 1
[1743165996277421456] 1
[1743165996278045709] 1
[1743165996278108459] 1
[1743165996278466544] 1
[1743165996278561503] 1
[1743165996278649461] 1
[1743165996278698795] 1
[1743165996279969134] 1
[1743165997273841726] 1
[1743165997273945851] 1
[1743165997274125310] 1
[1743165997274669313] 1
[1743165997274755855] 1
[1743165997274824313] 1
[1743165997274943564] 1
[1743165997275013606] 1
[1743165997275166107] 1
[1743165997275202398] 1
[1743165998272580727] 1
[1743165998272922521] 1
[1743165998272973021] 1
[1743165998273480982] 1
[1743165998273515440] 1
[1743165998273562274] 1
[1743165998273972942] 1
[1743165998274040651] 1
[1743165998274110735] 1
[1743165998274161277] 1
[1743165999280373159] 1
[1743165999280467077] 1
[1743165999280682494] 1
[1743165999280734744] 1
[1743165999280859287] 1
[1743165999281109246] 1
[1743165999281327164] 1
[1743165999281442290] 1
[1743165999281616457] 1
[1743165999281760624] 1
[1743166000273979489] 1
[1743166000274185365] 1
[1743166000274582450] 1
[1743166000274815034] 1
[1743166000274928910] 1
[1743166000275064119] 1
[1743166000275145619] 1
[1743166000275587038] 1
[1743166000275744164] 1
[1743166000276474710] 1
[1743166001317524960] 1
[1743166001318144630] 1
[1743166001318329214] 1
[1743166001318456464] 1
[1743166001318510673] 1
[1743166001318573257] 1
[1743166001318625132] 1
[1743166001318685424] 1
[1743166001318893050] 1
[1743166001318960092] 1
[1743166002189065543] 1
[1743166002189113085] 1
[1743166002189125543] 1
[1743166002189144751] 1
[1743166002189167502] 1
[1743166002189180002] 1
[1743166002189191543] 1
[1743166002189201085] 1
[1743166002189216252] 1
[1743166002189251294] 1
[1743166003298542558] 1
[1743166003299174061] 1
[1743166003299570064] 1
[1743166003299683356] 1
[1743166003299865024] 1
[1743166003299959066] 1
[1743166003300042191] 1
[1743166003300121692] 1
[1743166003300408277] 1
[1743166003300475819] 1
[1743166003609519462] 0 : Request cancelled by client due to FailedTimeout
[1743166003654543553] 0 : Request cancelled by client due to FailedTimeout
[1743166003655140265] 0 : Request cancelled by client due to FailedTimeout
[1743166003655546975] 0 : Request cancelled by client due to FailedTimeout
[1743166003655873727] 0 : Request cancelled by client due to FailedTimeout
[1743166003675129837] 0 : Request cancelled by client due to FailedTimeout
[1743166003691815766] 0 : Request cancelled by client due to FailedTimeout
[1743166003692205560] 0 : Request cancelled by client due to FailedTimeout
[1743166003703918294] 0 : Request cancelled by client due to FailedTimeout
[1743166003709545826] 0 : Request cancelled by client due to FailedTimeout
[1743166004193170797] 1
[1743166004193807968] 1
[1743166004193838051] 1
[1743166004193889552] 1
[1743166004193900302] 1
[1743166004193908593] 1
[1743166004193941968] 1
[1743166004193955844] 1
[1743166004193962844] 1
[1743166004193975135] 1
[1743166004623618180] 0 : Request cancelled by client due to FailedTimeout
[1743166004667450481] 0 : Request cancelled by client due to FailedTimeout
[1743166004668143443] 0 : Request cancelled by client due to FailedTimeout
[1743166004668589863] 0 : Request cancelled by client due to FailedTimeout
[1743166004692771339] 0 : Request cancelled by client due to FailedTimeout
[1743166004692805923] 0 : Request cancelled by client due to FailedTimeout
[1743166004692816715] 0 : Request cancelled by client due to FailedTimeout
[1743166004710261318] 0 : Request cancelled by client due to FailedTimeout
[1743166004724560736] 0 : Request cancelled by client due to FailedTimeout
[1743166004724581528] 0 : Request cancelled by client due to FailedTimeout
[1743166005196483402] 1
[1743166005196541069] 1
[1743166005196566986] 1
[1743166005196576320] 1
[1743166005196587736] 1
[1743166005196604653] 1
[1743166005196614945] 1
[1743166005196625445] 1
[1743166005196652570] 1
[1743166005196663112] 1
[1743166005638002646] 0 : Request cancelled by client due to FailedTimeout
[1743166005698545016] 0 : Request cancelled by client due to FailedTimeout
[1743166005699060145] 0 : Request cancelled by client due to FailedTimeout
[1743166005699423980] 0 : Request cancelled by client due to FailedTimeout
[1743166005699722565] 0 : Request cancelled by client due to FailedTimeout
[1743166005699991359] 0 : Request cancelled by client due to FailedTimeout
[1743166005723376210] 0 : Request cancelled by client due to FailedTimeout
[1743166005723416210] 0 : Request cancelled by client due to FailedTimeout
[1743166005739107681] 0 : Request cancelled by client due to FailedTimeout
[1743166005739610309] 0 : Request cancelled by client due to FailedTimeout
[1743166006198684032] 1
[1743166006198742949] 1
[1743166006198753824] 1
[1743166006198774366] 1
[1743166006198784074] 1
[1743166006198822908] 1
[1743166006198863241] 1
[1743166006198876658] 1
[1743166006198894950] 1
[1743166006198907242] 1
[1743166007299002953] 1
[1743166007299398580] 1
[1743166007299498956] 1
[1743166007299570373] 1
[1743166007299639915] 1
[1743166007299729957] 1
[1743166007299778166] 1
[1743166007300585005] 1
[1743166007300661463] 1
[1743166007300798714] 1
[1743166008307320570] 1
[1743166008307425987] 1
[1743166008307867198] 1
[1743166008308121158] 1
[1743166008308499702] 1
[1743166008308636287] 1
[1743166008308733412] 1
[1743166008308978622] 1
[1743166008309090790] 1
[1743166008309195832] 1
[1743166009316098130] 1
[1743166009316239381] 1
[1743166009316304590] 1
[1743166009316340882] 1
[1743166009316777052] 1
[1743166009316872552] 1
[1743166009316957220] 1
[1743166009317116012] 1
[1743166009317307472] 1
[1743166009317373806] 1
[1743166010311546618] 1
[1743166010311925538] 1
[1743166010312297957] 1
[1743166010312372666] 1
[1743166010312927336] 1
[1743166010313005212] 1
[1743166010313068504] 1
[1743166010313134754] 1
[1743166010313207713] 1
[1743166010313503590] 1
[1743166011314194255] 1
[1743166011314517883] 1
[1743166011314660884] 1
[1743166011315085470] 1
[1743166011315266263] 1
[1743166011315609724] 1
[1743166011315792142] 1
[1743166011315957101] 1
[1743166011316018685] 1
[1743166011316122686] 1
[1743166012329500791] 1
[1743166012329860877] 1
[1743166012330341297] 1
[1743166012330458298] 1
[1743166012330834968] 1
[1743166012331281429] 1
[1743166012331371097] 1
[1743166012331615140] 1
[1743166012331780766] 1
[1743166012332077727] 1
[1743166043390321848] 1
[1743166043390510640] 1
[1743166043584869281] 1
[1743166043585019198] 1
[1743166043587906952] 1
[1743166043588004911] 1
[1743166043588100744] 1
[1743166043588389620] 1
[1743166043588518661] 1
[1743166043588635370] 1
[1743166043588699078] 1
[1743166043588770495] 1
[1743166043588901370] 1
[1743166043588950954] 1
[1743166043614171535] 1
[1743166043614240452] 1
[1743166043614654869] 1
[1743166043614846245] 1
[1743166043614989370] 1
[1743166043615088120] 1
[1743166043615240745] 1
[1743166043632113439] 1
[1743166043632266731] 1
[1743166043632586648] 1
[1743166043632663023] 1
[1743166043632707898] 1
[1743166043632759773] 1
[1743166043632856982] 1
[1743166043632927148] 1
[1743166043632972523] 1
[1743166043633017398] 1
[1743166043633075857] 1
[1743166043633256149] 1
[1743166043633669358] 1
[1743166043633806608] 1
[1743166043633999025] 1
[1743166043634227525] 1
[1743166043634325192] 1
[1743166043634510692] 1
[1743166043634605109] 1
[1743166043634816610] 1
[1743166043634929443] 1
[1743166043635002152] 1
[1743166043635112610] 1
[1743166043635235194] 1
[1743166043635454736] 1
[1743166043635597819] 1
[1743166043635680528] 1
[1743166043635866695] 1
[1743166043636006528] 1
[1743166043636121278] 1
[1743166043636207570] 1
[1743166043636336654] 1
[1743166043653265139] 1
[1743166043653331681] 1
[1743166043653386681] 1
[1743166043653442222] 1
[1743166043653490347] 1
[1743166043653544014] 1
[1743166043653946015] 1
[1743166043654020098] 1
[1743166043654073348] 1
[1743166043654132973] 1
[1743166043654299224] 1
[1743166043654330682] 1
[1743166043654377849] 1
[1743166043654426807] 1
[1743166043654528432] 1
[1743166043655092433] 1
[1743166043655147267] 1
[1743166043655193767] 1
[1743166043655263934] 1
[1743166043655343309] 1
[1743166043655463726] 1
[1743166043655498559] 1
[1743166043655539517] 1
[1743166043655615559] 1
[1743166043655656601] 1
[1743166043655985643] 1
[1743166043656021060] 1
[1743166043656072643] 1
[1743166043656162393] 1
[1743166043656298060] 1
[1743166043656389977] 1
[1743166043656436977] 1
[1743166043657093895] 1
[1743166043657294520] 1
[1743166043657361770] 1
[1743166043657415104] 1
[1743166043657463604] 1
[1743166044239688125] 1
[1743166044298751441] 1
[1743166044310737255] 1
[1743166044310826546] 1
[1743166044310874380] 1
[1743166044369525487] 1
[1743166044369630446] 1
[1743166044369739446] 1
[1743166044369849946] 1
[1743166044370190405] 1
[1743166044370256072] 1
[1743166044370423072] 1
[1743166044370535322] 1
[1743166044370615031] 1
[1743166044370706114] 1
[1743166044370927948] 1
[1743166044371054073] 1
[1743166044371142448] 1
[1743166044371497782] 1
[1743166044371988367] 1
[1743166044372339742] 1
[1743166044372435909] 1
[1743166044372641326] 1
[1743166044372721493] 1
[1743166044372781035] 1
[1743166044372836285] 1
[1743166044518300093] 1
[1743166044518561802] 1
[1743166044518741552] 1
[1743166044519156219] 1
[1743166044519364678] 1
[1743166044519439262] 1
[1743166044519458428] 1
[1743166044519487595] 1
[1743166044519519012] 1
[1743166044519544012] 1
[1743166044519589929] 1
[1743166044519616512] 1
[1743166044519637345] 1
[1743166044519653679] 1
[1743166045392925873] 1
[1743166045393118707] 1
[1743166045393517916] 1
[1743166045393664833] 1
[1743166045393921125] 1
[1743166045394015792] 1
[1743166045394287709] 1
[1743166045417194715] 1
[1743166045417339715] 1
[1743166045417443382] 1
[1743166045417510716] 1
[1743166045417585466] 1
[1743166045417654549] 1
[1743166045417704299] 1
[1743166045417740966] 1
[1743166045417920466] 1
[1743166045524842897] 1
[1743166045524900855] 1
[1743166045524921855] 1
[1743166045524988814] 1
[1743166045525007314] 1
[1743166045525058106] 1
[1743166045525073564] 1
[1743166045525089022] 1
[1743166045525105106] 1
[1743166045525126689] 1
[1743166045536938797] 1
[1743166045537205964] 1
[1743166045540559679] 1
[1743166045541262139] 1
[1743166046425194285] 1
[1743166046425351910] 1
[1743166046425520577] 1
[1743166046425811286] 1
[1743166046425993787] 1
[1743166046426268704] 1
[1743166046426389496] 1
[1743166046426521705] 1
[1743166046449907926] 1
[1743166046450016093] 1
[1743166046450141218] 1
[1743166046450246176] 1
[1743166046450299177] 1
[1743166046450405635] 1
[1743166046450539969] 1
[1743166046450641219] 1
[1743166046450732053] 1
[1743166046526552103] 1
[1743166046526866562] 1
[1743166046526885437] 1
[1743166046526905104] 1
[1743166046526922687] 1
[1743166046526939854] 1
[1743166046526976063] 1
[1743166046527006146] 1
[1743166046527023854] 1
[1743166046527050854] 1
[1743166046558485886] 1
[1743166046558677219] 1
[1743166046558865095] 1
[1743166047417834726] 1
[1743166047418049685] 1
[1743166047418247436] 1
[1743166047418399644] 1
[1743166047418509478] 1
[1743166047418600853] 1
[1743166047418803062] 1
[1743166047418927354] 1
[1743166047528970552] 1
[1743166047529036094] 1
[1743166047529057761] 1
[1743166047529075761] 1
[1743166047529165011] 1
[1743166047529196094] 1
[1743166047529217469] 1
[1743166047529255261] 1
[1743166047529275136] 1
[1743166047529296928] 1
[1743166047583215816] 1
[1743166047583958651] 1
[1743166048477402672] 1
[1743166048477687797] 1
[1743166048477860756] 1
[1743166048478022382] 1
[1743166048478134299] 1
[1743166048478292716] 1
[1743166048478422008] 1
[1743166048478640550] 1
[1743166048478769550] 1
[1743166048502193824] 1
[1743166048502368575] 1
[1743166048502540783] 1
[1743166048502656284] 1
[1743166048502731576] 1
[1743166048502798159] 1
[1743166048502878201] 1
[1743166048502971076] 1
[1743166048503142368] 1
[1743166048503331827] 1
[1743166048530400486] 1
[1743166048530474903] 1
[1743166048530498611] 1
[1743166048530535403] 1
[1743166048530552445] 1
[1743166048530565153] 1
[1743166048530581070] 1
[1743166048530643112] 1
[1743166048530658987] 1
[1743166048530682320] 1
[1743166048598666677] 1
[1743166049526822513] 1
[1743166049527771308] 1
[1743166049527894225] 1
[1743166049528060684] 1
[1743166049528638436] 1
[1743166049539884678] 1
[1743166049540071720] 1
[1743166049540213387] 1
[1743166049540440471] 1
[1743166049540988556] 1
[1743166049541150848] 1
[1743166049541303141] 1
[1743166049541425224] 1
[1743166049541525141] 1
[1743166049541672558] 1
[1743166049541902851] 1
[1743166049541938809] 1
[1743166049541950143] 1
[1743166049541958518] 1
[1743166049541989726] 1
[1743166049542008351] 1
[1743166049542039101] 1
[1743166049542055309] 1
[1743166049542068226] 1
[1743166049542085018] 1
[1743166049542129893] 1
[1743166049542327685] 1
[1743166049542473227] 1
[1743166049542542019] 1
[1743166049542741187] 1
[1743166050554111618] 1
[1743166050554178785] 1
[1743166050554233077] 1
[1743166050554285411] 1
[1743166050554335494] 1
[1743166050554375703] 1
[1743166050554432078] 1
[1743166050554472286] 1
[1743166050554819787] 1
[1743166050554929621] 1
[1743166050555181414] 1
[1743166050555915499] 1
[1743166050556093708] 1
[1743166050556209209] 1
[1743166050556293667] 1
[1743166050556432001] 1
[1743166050565026071] 1
[1743166050565140321] 1
[1743166050565353572] 1
[1743166050565611531] 1
[1743166050565772906] 1
[1743166050565900073] 1
[1743166050566287200] 1
[1743166050566414533] 1
[1743166050566570659] 1
[1743166050566705326] 1
[1743166050566925493] 1
[1743166050567345995] 1
[1743166050567517787] 1
[1743166050567637704] 1
[1743166051524564305] 1
[1743166051524765347] 1
[1743166051525017389] 1
[1743166051525260765] 1
[1743166051525957643] 1
[1743166051545517877] 1
[1743166051545745545] 1
[1743166051545937170] 1
[1743166051546092046] 1
[1743166051546251505] 1
[1743166051555207911] 1
[1743166051555236286] 1
[1743166051555276578] 1
[1743166051555288578] 1
[1743166051555304370] 1
[1743166051555319995] 1
[1743166051555336120] 1
[1743166051555357703] 1
[1743166051555371953] 1
[1743166051555388870] 1
[1743166052564126330] 1
[1743166052564192081] 1
[1743166052564624374] 1
[1743166052564757291] 1
[1743166052564824291] 1
[1743166052564979834] 1
[1743166052565071334] 1
[1743166052565294251] 1
[1743166052565518210] 1
[1743166052565735753] 1
[1743166052571628566] 1
[1743166052571881317] 1
[1743166052572094443] 1
[1743166052572382861] 1
[1743166052572625487] 1
[1743166052572794446] 1
[1743166052572839446] 1
[1743166052572886779] 1
[1743166052573615532] 1
[1743166052574105701] 1
[1743166053596260438] 1
[1743166053596587023] 1
[1743166053597762069] 1
[1743166053597957570] 1
[1743166053598081654] 1
[1743166053598504072] 1
[1743166053598669073] 1
[1743166053598730031] 1
[1743166053599023032] 1
[1743166053599072241] 1
[1743166053599139824] 1
[1743166053599205991] 1
[1743166053599339659] 1
[1743166053600108662] 1
[1743166053600175245] 1
[1743166053600354246] 1
[1743166053600425996] 1
[1743166053600583580] 1
[1743166053600636289] 1
[1743166053600677039] 1
[1743166054609911906] 1
[1743166054609990532] 1
[1743166054610106449] 1
[1743166054610325325] 1
[1743166054610557159] 1
[1743166054610970286] 1
[1743166054611123911] 1
[1743166054611266120] 1
[1743166054611415454] 1
[1743166054611569247] 1
[1743166054611723914] 1
[1743166054611860331] 1
[1743166054617746980] 1
[1743166054617887731] 1
[1743166054617993773] 1
[1743166054618065815] 1
[1743166054618176024] 1
[1743166054618291858] 1
[1743166054619169528] 1
[1743166054619235987] 1
[1743166055275725168] 1
[1743166055626886981] 1
[1743166055626967940] 1
[1743166055627253983] 1
[1743166055627323566] 1
[1743166055627618276] 1
[1743166055627706776] 1
[1743166055627778652] 1
[1743166055627859485] 1
[1743166055642715383] 1
[1743166055643050426] 1
[1743166055643271927] 1
[1743166055643679221] 1
[1743166055643728221] 1
[1743166055643770929] 1
[1743166055644639725] 1
[1743166055644907226] 1
[1743166055644970560] 1
[1743166055645045560] 1
[1743166055645113352] 1
[1743166056305042107] 1
[1743166056306079820] 1
[1743166056660611346] 1
[1743166056660732805] 1
[1743166056661075682] 1
[1743166056661127724] 1
[1743166056661303308] 1
[1743166056661446809] 1
[1743166056661601101] 1
[1743166056661728268] 1
[1743166056661920686] 1
[1743166056662173145] 1
[1743166056662382688] 1
[1743166056667126959] 1
[1743166056667194960] 1
[1743166056667237460] 1
[1743166056667387877] 1
[1743166056667518920] 1
[1743166056667693379] 1
[1743166056668063714] 1
[1743166057342326845] 1
[1743166057343181307] 1
[1743166057344062311] 1
[1743166057667670472] 1
[1743166057667766389] 1
[1743166057667794597] 1
[1743166057667822639] 1
[1743166057668112932] 1
[1743166057668470225] 1
[1743166057668703602] 1
[1743166057668894686] 1
[1743166057669354813] 1
[1743166057669557897] 1
[1743166057675378425] 1
[1743166057675446967] 1
[1743166057675485050] 1
[1743166057675648218] 1
[1743166057675890636] 1
[1743166057676339929] 1
[1743166057676426930] 1
[1743166058347215514] 1
[1743166058347630683] 1
[1743166058348023226] 1
[1743166058348550979] 1
[1743166058688088658] 1
[1743166058688147783] 1
[1743166058688342034] 1
[1743166058688391535] 1
[1743166058688790412] 1
[1743166058688989746] 1
[1743166058689123830] 1
[1743166058689248622] 1
[1743166058689368706] 1
[1743166058698137416] 1
[1743166058698206333] 1
[1743166058698252958] 1
[1743166058698294042] 1
[1743166058698455918] 1
[1743166058699218630] 1
[1743166058699264213] 1
[1743166059734854812] 1
[1743166059734939188] 1
[1743166059735253439] 1
[1743166059735374273] 1
[1743166059735464232] 1
[1743166059735603441] 1
[1743166059735705733] 1
[1743166059735971401] 1
[1743166059736038152] 1
[1743166059736128485] 1
[1743166060722515364] 1
[1743166060722721907] 1
[1743166060722840949] 1
[1743166060723072867] 1
[1743166060723152784] 1
[1743166060723191368] 1
[1743166060723287743] 1
[1743166060726320134] 1
[1743166060726414926] 1
[1743166060727078680] 1
[1743166061682518617] 1
[1743166061682596742] 1
[1743166061682659118] 1
[1743166061682727035] 1
[1743166061682792077] 1
[1743166061682835660] 1
[1743166061682872202] 1
[1743166061683374622] 1
[1743166061683856999] 1
[1743166061683922875] 1
[1743166062740286353] 1
[1743166062744560794] 1
[1743166062744636086] 1
[1743166062748652609] 1
[1743166062748811443] 1
[1743166062748891735] 1
[1743166062749078403] 1
[1743166062749219487] 1
[1743166062753099217] 1
[1743166062753190926] 1
[1743166063762823046] 1
[1743166063762904755] 1
[1743166063764154137] 1
[1743166063764270471] 1
[1743166063764369805] 1
[1743166063764426389] 1
[1743166063764608723] 1
[1743166063764669807] 1
[1743166063764739433] 1
[1743166063767596616] 1
[1743166064752159104] 1
[1743166064752272063] 1
[1743166064752404481] 1
[1743166064752469481] 1
[1743166064752591357] 1
[1743166064752802817] 1
[1743166064752917109] 1
[1743166064752980359] 1
[1743166064753033360] 1
[1743166064753370653] 1
[1743166065787243834] 1
[1743166065787344293] 1
[1743166065791154233] 1
[1743166065791288901] 1
[1743166065791686278] 1
[1743166065792047614] 1
[1743166065792224073] 1
[1743166065792627992] 1
[1743166065792686493] 1
[1743166065792786743] 1
[1743166066753720561] 1
[1743166066753819062] 1
[1743166066753925104] 1
[1743166066754050896] 1
[1743166066754434274] 1
[1743166066754573900] 1
[1743166066758063631] 1
[1743166066758157006] 1
[1743166066758215923] 1
[1743166066758691510] 1
[1743166067755062015] 1
[1743166067759009958] 1
[1743166067759108500] 1
[1743166067759159917] 1
[1743166067759440461] 1
[1743166067759613712] 1
[1743166067759722879] 1
[1743166067763776448] 1
[1743166067763993449] 1
[1743166067764069283] 1
[1743166068726095061] 1
[1743166068726172228] 1
[1743166068726373229] 1
[1743166068726685690] 1
[1743166068726801441] 1
[1743166068726854066] 1
[1743166068726941150] 1
[1743166068730066421] 1
[1743166068730159755] 1
[1743166068730691050] 1
[1743166069733301226] 1
[1743166069733394060] 1
[1743166069733535061] 1
[1743166069733767646] 1
[1743166069733856813] 1
[1743166069733898063] 1
[1743166069733945105] 1
[1743166069734203982] 1
[1743166069734269483] 1
[1743166069734559068] 1
[1743166070730603240] 1
[1743166070730697407] 1
[1743166070730782907] 1
[1743166070730881242] 1
[1743166070730931242] 1
[1743166070730955242] 1
[1743166070730974742] 1
[1743166070731313745] 1
[1743166070731659622] 1
[1743166070731716289] 1
[1743166071680119735] 1
[1743166071680216277] 1
[1743166071680233194] 1
[1743166071680243444] 1
[1743166071680250361] 1
[1743166071680260611] 1
[1743166071680273986] 1
[1743166071680290986] 1
[1743166071680395695] 1
[1743166071680406112] 1
[1743166072731701885] 1
[1743166072731899803] 1
[1743166072732072305] 1
[1743166072732154764] 1
[1743166072732239806] 1
[1743166072732332057] 1
[1743166072732491558] 1
[1743166072732736060] 1
[1743166072732787977] 1
[1743166072732850852] 1
[1743166082781624547] 1
[1743166082781861508] 1
[1743166082781962550] 1
[1743166082788019813] 1
[1743166082788348440] 1
[1743166082788475233] 1
[1743166082789034280] 1
[1743166082789184698] 1
[1743166083703401738] 1
[1743166083833135580] 1
[1743166083833202122] 1
[1743166083836008272] 1
[1743166083836094773] 1
[1743166083836174815] 1
[1743166083894166507] 1
[1743166083894245591] 1
[1743166083894312717] 1
[1743166083894394801] 1
[1743166083894481927] 1
[1743166083894678137] 1
[1743166083894759638] 1
[1743166083894810930] 1
[1743166083894870680] 1
[1743166083894912139] 1
[1743166083930223000] 1
[1743166083930356627] 1
[1743166083933326945] 1
[1743166083965521487] 1
[1743166083965563904] 1
[1743166083965622363] 1
[1743166083965704655] 1
[1743166083968569181] 1
[1743166083968619765] 1
[1743166083968661432] 1
[1743166083968688599] 1
[1743166083968713641] 1
[1743166083969153770] 1
[1743166083969248020] 1
[1743166083969297521] 1
[1743166083969778567] 1
[1743166083969852943] 1
[1743166083969899485] 1
[1743166083969955568] 1
[1743166083969988569] 1
[1743166083970021819] 1
[1743166083970056111] 1
[1743166083970108862] 1
[1743166083970140528] 1
[1743166083970231113] 1
[1743166083980353121] 1
[1743166083980668374] 1
[1743166083980719458] 1
[1743166083984793328] 1
[1743166083989806998] 1
[1743166083989894791] 1
[1743166083989922208] 1
[1743166083990018208] 1
[1743166083990065542] 1
[1743166083990115584] 1
[1743166083990152043] 1
[1743166083990189835] 1
[1743166083990234335] 1
[1743166083990261419] 1
[1743166083990284003] 1
[1743166083990488463] 1
[1743166083990616089] 1
[1743166083990783757] 1
[1743166083990835049] 1
[1743166083990878883] 1
[1743166083990968759] 1
[1743166083991015926] 1
[1743166083991157260] 1
[1743166083991189552] 1
[1743166083994565541] 1
[1743166083998854330] 1
[1743166084007301324] 1
[1743166084746773243] 1
[1743166084775251421] 1
[1743166084775317713] 1
[1743166084775407756] 1
[1743166084775632966] 1
[1743166084775687508] 1
[1743166084781556229] 1
[1743166084784410422] 1
[1743166084784458589] 1
[1743166084784499923] 1
[1743166084787501117] 1
[1743166084787589909] 1
[1743166084787698785] 1
[1743166084787750577] 1
[1743166084787779911] 1
[1743166084787850120] 1
[1743166084787915621] 1
[1743166084788643377] 1
[1743166084788707836] 1
[1743166084788822462] 1
[1743166084788851963] 1
[1743166084970144753] 1
[1743166084970384672] 1
[1743166084970444714] 1
[1743166084970490840] 1
[1743166084970541924] 1
[1743166084970965636] 1
[1743166085805157488] 1
[1743166085805244656] 1
[1743166085805318906] 1
[1743166085805402032] 1
[1743166085805459408] 1
[1743166085805560200] 1
[1743166085805613534] 1
[1743166085816815264] 1
[1743166085816923181] 1
[1743166085817047266] 1
[1743166085817110558] 1
[1743166085817310810] 1
[1743166085817852440] 1
[1743166085818027608] 1
[1743166085818116776] 1
[1743166085818151943] 1
[1743166085982127554] 1
[1743166085982251472] 1
[1743166085982369848] 1
[1743166085982663976] 1
[1743166086843122936] 1
[1743166086843261437] 1
[1743166086843361729] 1
[1743166086843426438] 1
[1743166086843539148] 1
[1743166086843640899] 1
[1743166086843692983] 1
[1743166086846511134] 1
[1743166086846587552] 1
[1743166086853836787] 1
[1743166086853915746] 1
[1743166086853955913] 1
[1743166086853982705] 1
[1743166086854021580] 1
[1743166086854814171] 1
[1743166086854895338] 1
[1743166086855017798] 1
[1743166087973386903] 1
[1743166087973492363] 1
[1743166087973557738] 1
[1743166087973995493] 1
[1743166087975106503] 1
[1743166087975208213] 1
[1743166087975307130] 1
[1743166087975389714] 1
[1743166087975615008] 1
[1743166087975759884] 1
[1743166088962687120] 1
[1743166088962764871] 1
[1743166088963135791] 1
[1743166088963220459] 1
[1743166088963275918] 1
[1743166088963849048] 1
[1743166088963943132] 1
[1743166088964003716] 1
[1743166088964195385] 1
[1743166088964307719] 1
[1743166089968383535] 1
[1743166089968482703] 1
[1743166089968525870] 1
[1743166089969210168] 1
[1743166089969440046] 1
[1743166089974017549] 1
[1743166089974213884] 1
[1743166089974531054] 1
[1743166089975081559] 1
[1743166089975139560] 1
[1743166090888993602] 1
[1743166090889131561] 1
[1743166090889257063] 1
[1743166090889369689] 1
[1743166090889435398] 1
[1743166090889519565] 1
[1743166090889578482] 1
[1743166090892475428] 1
[1743166090892566262] 1
[1743166090902644612] 1
[1743166091973829504] 1
[1743166091977812253] 1
[1743166091978015547] 1
[1743166091978122423] 1
[1743166091978338466] 1
[1743166091978479176] 1
[1743166091978530927] 1
[1743166091978781304] 1
[1743166091979056015] 1
[1743166092819309733] 1
[1743166092857488872] 1
[1743166092857631081] 1
[1743166092857706082] 1
[1743166092858303005] 1
[1743166192792487174] 0 : Request cancelled by client due to FailedTimeout
[1743166192809057258] 0 : Request cancelled by client due to FailedTimeout
[1743166192812915746] 0 : Request cancelled by client due to FailedTimeout
[1743166192823353992] 0 : Request cancelled by client due to FailedTimeout
[1743166192833181858] 0 : Request cancelled by client due to FailedTimeout
[1743166192843713647] 0 : Request cancelled by client due to FailedTimeout
[1743166193322194495] 1
[1743166193337479821] 1
[1743166193337740448] 1
[1743166193337969950] 1
[1743166193338051992] 1
[1743166193338173535] 1
[1743166193338493871] 1
[1743166193338624122] 1
[1743166193338761581] 1
[1743166193339195960] 1
[1743166193339453170] 1
[1743166193339622296] 1
[1743166193339784381] 1
[1743166193339934715] 1
[1743166193340100967] 1
[1743166193340246593] 1
[1743166193340405011] 1
[1743166193340531470] 1
[1743166193340660721] 1
[1743166193756160061] 0 : Request cancelled by client due to FailedTimeout
[1743166193766559725] 0 : Request cancelled by client due to FailedTimeout
[1743166193778078105] 0 : Request cancelled by client due to FailedTimeout
[1743166193790942955] 0 : Request cancelled by client due to FailedTimeout
[1743166193809150262] 0 : Request cancelled by client due to FailedTimeout
[1743166193817619161] 0 : Request cancelled by client due to FailedTimeout
[1743166193828641038] 0 : Request cancelled by client due to FailedTimeout
[1743166193840626923] 0 : Request cancelled by client due to FailedTimeout
[1743166193852165470] 0 : Request cancelled by client due to FailedTimeout
[1743166193862537592] 0 : Request cancelled by client due to FailedTimeout
[1743166194197373791] 1
[1743166194201057861] 1
[1743166194222386863] 1
[1743166194420108376] 1
[1743166194420178960] 1
[1743166194420678339] 1
[1743166194420733839] 1
[1743166194420784631] 1
[1743166194420828715] 1
[1743166194420885090] 1
[1743166194421014258] 1
[1743166194421092925] 1
[1743166194421185176] 1
[1743166194421246676] 1
[1743166194450114528] 1
[1743166194450178654] 1
[1743166194450218779] 1
[1743166194450665824] 1
[1743166194450711075] 1
[1743166194450763242] 1
[1743166194460691737] 1
[1743166194460737404] 1
[1743166194460792196] 1
[1743166194460823196] 1
[1743166194460971031] 1
[1743166194461026323] 1
[1743166194461079740] 1
[1743166194461120490] 1
[1743166194461160074] 1
[1743166194461186949] 1
[1743166194461216532] 1
[1743166194461251241] 1
[1743166194461346367] 1
[1743166194461398534] 1
[1743166194461443493] 1
[1743166194461678744] 1
[1743166194461754912] 1
[1743166194461792995] 1
[1743166194462487292] 1
[1743166194462526251] 1
[1743166194462578418] 1
[1743166194462656585] 1
[1743166194462697836] 1
[1743166194462908921] 1
[1743166194462952963] 1
[1743166194474781972] 1
[1743166194478227291] 1
[1743166194478271458] 1
[1743166194481472108] 1
[1743166194481544984] 1
[1743166194481591609] 1
[1743166194481651151] 1
[1743166194481736235] 1
[1743166194481779319] 1
[1743166194597668106] 1
[1743166194598154526] 1
[1743166194598216068] 1
[1743166194598270819] 1
[1743166194598323152] 1
[1743166194598410570] 1
[1743166194598488112] 1
[1743166194598530529] 1
[1743166194598604613] 1
[1743166194598642572] 1
[1743166194598693905] 1
[1743166194598749697] 1
[1743166194598952282] 1
[1743166194599047450] 1
[1743166194599343827] 1
[1743166194599424953] 1
[1743166194599515745] 1
[1743166194599643204] 1
[1743166194599728497] 1
[1743166194599815831] 1
[1743166194599998916] 1
[1743166194600053124] 1
[1743166194600125875] 1
[1743166194600549628] 1
[1743166194601618303] 1
[1743166194602207350] 1
[1743166194602624561] 1
[1743166194602685437] 1
[1743166194602722270] 1
[1743166194602765354] 1
[1743166194602922480] 1
[1743166194603231441] 1
[1743166194604042697] 1
[1743166194604217657] 1
[1743166194604691327] 1
[1743166194604828037] 1
[1743166194604870412] 1
[1743166194604909621] 1
[1743166194604933996] 1
[1743166194605059664] 1
[1743166194605100872] 1
[1743166194605145873] 1
[1743166194605200373] 1
[1743166194605229498] 1
[1743166194605257207] 1
[1743166194607914728] 1
[1743166194608147896] 1
[1743166194608348398] 1
[1743166194608505441] 1
[1743166194608677775] 1
[1743166194608827860] 1
[1743166194609048278] 1
[1743166194609567991] 1
[1743166194609830701] 1
[1743166194610082786] 1
[1743166194610325413] 1
[1743166194610542873] 1
[1743166194610755917] 1
[1743166194610964377] 1
[1743166194611169462] 1
[1743166194611676924] 1
[1743166194611904967] 1
[1743166194612192386] 1
[1743166194612487889] 1
[1743166194612687640] 1
[1743166194612903975] 1
[1743166194775576921] 0 : Request cancelled by client due to FailedTimeout
[1743166194786879885] 0 : Request cancelled by client due to FailedTimeout
[1743166194798355684] 0 : Request cancelled by client due to FailedTimeout
[1743166194809819566] 0 : Request cancelled by client due to FailedTimeout
[1743166194821168322] 0 : Request cancelled by client due to FailedTimeout
[1743166194832108908] 0 : Request cancelled by client due to FailedTimeout
[1743166194842393905] 0 : Request cancelled by client due to FailedTimeout
[1743166194854975837] 0 : Request cancelled by client due to FailedTimeout
[1743166194865351086] 0 : Request cancelled by client due to FailedTimeout
[1743166194876264713] 0 : Request cancelled by client due to FailedTimeout
[1743166195090413700] 1
[1743166195107000499] 1
[1743166195154415169] 1
[1743166195157574986] 1
[1743166195157635487] 1
[1743166195192138096] 1
[1743166195192210805] 1
[1743166195192342972] 1
[1743166195192399431] 1
[1743166195192588349] 1
[1743166195192637433] 1
[1743166195192675725] 1
[1743166195192769434] 1
[1743166195192963936] 1
[1743166195193065228] 1
[1743166195193163437] 1
[1743166195193342147] 1
[1743166195193452356] 1
[1743166195193913943] 1
[1743166195193953110] 1
[1743166195197344262] 1
[1743166195197410638] 1
[1743166195197501764] 1
[1743166195197598598] 1
[1743166195197666723] 1
[1743166195197869433] 1
[1743166195197976101] 1
[1743166195198037476] 1
[1743166195198105810] 1
[1743166195198204978] 1
[1743166195198391896] 1
[1743166195198453438] 1
[1743166195198565856] 1
[1743166195198745982] 1
[1743166195198816274] 1
[1743166195200430579] 1
[1743166195336024579] 1
[1743166195336326581] 1
[1743166195336602000] 1
[1743166195336898836] 1
[1743166195337191671] 1
[1743166195337359839] 1
[1743166195346157951] 1
[1743166195346285119] 1
[1743166195346430537] 1
[1743166195346507496] 1
[1743166195346729123] 1
[1743166195347085834] 1
[1743166195347300794] 1
[1743166195347417295] 1
[1743166195788296067] 0 : Request cancelled by client due to FailedTimeout
[1743166195800178537] 0 : Request cancelled by client due to FailedTimeout
[1743166195811147083] 0 : Request cancelled by client due to FailedTimeout
[1743166195821702459] 0 : Request cancelled by client due to FailedTimeout
[1743166195836442743] 0 : Request cancelled by client due to FailedTimeout
[1743166195843138380] 0 : Request cancelled by client due to FailedTimeout
[1743166195854632680] 0 : Request cancelled by client due to FailedTimeout
[1743166195866277565] 0 : Request cancelled by client due to FailedTimeout
[1743166195876667065] 0 : Request cancelled by client due to FailedTimeout
[1743166195886910730] 0 : Request cancelled by client due to FailedTimeout
[1743166196212161396] 1
[1743166196212391689] 1
[1743166196212502815] 1
[1743166196212572357] 1
[1743166196221235678] 1
[1743166196221292470] 1
[1743166196221342220] 1
[1743166196221515388] 1
[1743166196221574264] 1
[1743166196221621056] 1
[1743166196221672181] 1
[1743166196221705556] 1
[1743166196221735307] 1
[1743166196221765640] 1
[1743166196221793682] 1
[1743166196222036934] 1
[1743166196222109226] 1
[1743166196228433778] 1
[1743166196228497987] 1
[1743166196228620488] 1
[1743166196228688196] 1
[1743166196228903448] 1
[1743166196228968615] 1
[1743166196229007657] 1
[1743166196229049866] 1
[1743166196229932123] 1
[1743166196230423836] 1
[1743166196230551212] 1
[1743166196443732066] 1
[1743166196444301571] 1
[1743166196444760283] 1
[1743166196445204745] 1
[1743166196445351454] 1
[1743166196445492664] 1
[1743166196445690457] 1
[1743166196446183461] 1
[1743166196446318462] 1
[1743166196446418338] 1
[1743166196446534005] 1
[1743166196446629381] 1
[1743166196446873508] 1
[1743166196447112010] 1
[1743166196447245428] 1
[1743166196462190216] 1
[1743166196462587552] 1
[1743166196462920305] 1
[1743166196463141807] 1
[1743166196463360558] 1
[1743166196463586685] 1
[1743166196463876354] 1
[1743166196464189440] 1
[1743166196464405775] 1
[1743166196464647944] 1
[1743166196465153823] 1
[1743166196465544910] 1
[1743166196466108664] 1
[1743166196466426375] 1
[1743166196466744378] 1
[1743166196466796961] 1
[1743166196466846587] 1
[1743166196801025381] 0 : Request cancelled by client due to FailedTimeout
[1743166196810819085] 0 : Request cancelled by client due to FailedTimeout
[1743166196821973426] 0 : Request cancelled by client due to FailedTimeout
[1743166196832169842] 0 : Request cancelled by client due to FailedTimeout
[1743166196843089931] 0 : Request cancelled by client due to FailedTimeout
[1743166196854436189] 0 : Request cancelled by client due to FailedTimeout
[1743166196865311569] 0 : Request cancelled by client due to FailedTimeout
[1743166196876514202] 0 : Request cancelled by client due to FailedTimeout
[1743166196887709584] 0 : Request cancelled by client due to FailedTimeout
[1743166196899917475] 0 : Request cancelled by client due to FailedTimeout
[1743166197244175755] 1
[1743166197244455549] 1
[1743166197244725093] 1
[1743166197244766010] 1
[1743166197244811135] 1
[1743166197244881136] 1
[1743166197245103596] 1
[1743166197245144846] 1
[1743166197245210180] 1
[1743166197245250014] 1
[1743166197245311723] 1
[1743166197245339765] 1
[1743166197246091354] 1
[1743166197246241730] 1
[1743166197257822659] 1
[1743166197257987494] 1
[1743166197258134120] 1
[1743166197258213037] 1
[1743166197258355872] 1
[1743166197258510290] 1
[1743166197258916418] 1
[1743166197259016086] 1
[1743166197259236796] 1
[1743166197259411505] 1
[1743166197259539548] 1
[1743166197260349972] 1
[1743166197260530223] 1
[1743166197260710766] 1
[1743166197261040144] 1
[1743166197375935507] 1
[1743166197376150758] 1
[1743166197376277968] 1
[1743166197376802264] 1
[1743166197376860181] 1
[1743166197376889764] 1
[1743166197376940806] 1
[1743166197377053474] 1
[1743166197377136850] 1
[1743166197377156308] 1
[1743166197377914106] 1
[1743166197812812395] 0 : Request cancelled by client due to FailedTimeout
[1743166197822856353] 0 : Request cancelled by client due to FailedTimeout
[1743166197833464940] 0 : Request cancelled by client due to FailedTimeout
[1743166197844774283] 0 : Request cancelled by client due to FailedTimeout
[1743166197855625164] 0 : Request cancelled by client due to FailedTimeout
[1743166197867406595] 0 : Request cancelled by client due to FailedTimeout
[1743166197878267976] 0 : Request cancelled by client due to FailedTimeout
[1743166197890259533] 0 : Request cancelled by client due to FailedTimeout
[1743166197901492959] 0 : Request cancelled by client due to FailedTimeout
[1743166197912858844] 0 : Request cancelled by client due to FailedTimeout
[1743166198234095474] 1
[1743166198234165308] 1
[1743166198234240934] 1
[1743166198234588229] 1
[1743166198234880981] 1
[1743166198235163858] 1
[1743166198235302068] 1
[1743166198235450902] 1
[1743166198235531111] 1
[1743166198235651779] 1
[1743166198235843322] 1
[1743166198236003199] 1
[1743166198236585120] 1
[1743166198240368944] 1
[1743166198240440194] 1
[1743166198240599362] 1
[1743166198240652946] 1
[1743166198240916198] 1
[1743166198240990240] 1
[1743166198241046533] 1
[1743166198241411327] 1
[1743166198497391424] 1
[1743166198497855177] 1
[1743166198498208055] 1
[1743166198498481391] 1
[1743166198498765352] 1
[1743166198499260981] 1
[1743166198499611109] 1
[1743166198500343573] 1
[1743166198500625242] 1
[1743166198500859953] 1
[1743166198501102246] 1
[1743166198501314915] 1
[1743166198501542750] 1
[1743166198501764168] 1
[1743166198512059046] 1
[1743166198512240798] 1
[1743166198512493883] 1
[1743166198512585717] 1
[1743166198512673885] 1
[1743166198512878095] 1
[1743166198513154680] 1
[1743166198513328932] 1
[1743166198514272440] 1
[1743166198514633901] 1
[1743166198514674401] 1
[1743166198514713777] 1
[1743166198515420533] 1
[1743166198515652493] 1
[1743166198515698368] 1
[1743166198826597548] 0 : Request cancelled by client due to FailedTimeout
[1743166198835084827] 0 : Request cancelled by client due to FailedTimeout
[1743166198846607674] 0 : Request cancelled by client due to FailedTimeout
[1743166198857508473] 0 : Request cancelled by client due to FailedTimeout
[1743166198868852860] 0 : Request cancelled by client due to FailedTimeout
[1743166198880155121] 0 : Request cancelled by client due to FailedTimeout
[1743166198891677800] 0 : Request cancelled by client due to FailedTimeout
[1743166198904030612] 0 : Request cancelled by client due to FailedTimeout
[1743166198915705626] 0 : Request cancelled by client due to FailedTimeout
[1743166198926605425] 0 : Request cancelled by client due to FailedTimeout
[1743166199293161187] 1
[1743166199293269188] 1
[1743166199293352064] 1
[1743166199293552524] 1
[1743166199293593316] 1
[1743166199293696400] 1
[1743166199293733692] 1
[1743166199293771901] 1
[1743166199293797068] 1
[1743166199294267738] 1
[1743166199294331114] 1
[1743166199294528407] 1
[1743166199297845352] 1
[1743166199298022228] 1
[1743166199298157605] 1
[1743166199298419565] 1
[1743166199298644192] 1
[1743166199299233322] 1
[1743166199299370865] 1
[1743166199299572700] 1
[1743166199299768993] 1
[1743166199299913994] 1
[1743166199300140205] 1
[1743166199300197414] 1
[1743166199300644459] 1
[1743166199394623713] 1
[1743166199394888632] 1
[1743166199395082384] 1
[1743166199398716290] 1
[1743166199399320878] 1
[1743166199846580916] 0 : Request cancelled by client due to FailedTimeout
[1743166199856340832] 0 : Request cancelled by client due to FailedTimeout
[1743166199867842763] 0 : Request cancelled by client due to FailedTimeout
[1743166199879677072] 0 : Request cancelled by client due to FailedTimeout
[1743166199890177702] 0 : Request cancelled by client due to FailedTimeout
[1743166199900697625] 0 : Request cancelled by client due to FailedTimeout
[1743166199913741485] 0 : Request cancelled by client due to FailedTimeout
[1743166199926718303] 0 : Request cancelled by client due to FailedTimeout
[1743166199938199984] 0 : Request cancelled by client due to FailedTimeout
[1743166199948534321] 0 : Request cancelled by client due to FailedTimeout
[1743166200322023854] 1
[1743166200322390566] 1
[1743166200322634860] 1
[1743166200322748736] 1
[1743166200322911320] 1
[1743166200323152364] 1
[1743166200323319199] 1
[1743166200323410533] 1
[1743166200323490284] 1
[1743166200323611243] 1
[1743166200323763661] 1
[1743166200323834703] 1
[1743166200324020122] 1
[1743166200331278267] 1
[1743166200331908898] 1
[1743166200332073691] 1
[1743166200332232692] 1
[1743166200332301651] 1
[1743166200332458277] 1
[1743166200332530653] 1
[1743166200332691654] 1
[1743166200333369369] 1
[1743166200333484536] 1
[1743166200333681080] 1
[1743166200333787997] 1
[1743166200333851623] 1
[1743166200333998207] 1
[1743166200508602498] 1
[1743166200509123336] 1
[1743166200509477589] 1
[1743166200509860592] 1
[1743166200510120928] 1
[1743166200510384680] 1
[1743166200510620599] 1
[1743166200510858726] 1
[1743166200511080644] 1
[1743166200511296979] 1
[1743166200511514898] 1
[1743166200517898119] 1
[1743166200518142746] 1
[1743166200518361665] 1
[1743166200518736168] 1
[1743166200519033254] 1
[1743166200519250048] 1
[1743166200519468966] 1
[1743166200519737594] 1
[1743166200519966262] 1
[1743166200520240473] 1
[1743166200521034105] 1
[1743166200521345899] 1
[1743166200861316109] 0 : Request cancelled by client due to FailedTimeout
[1743166200871190028] 0 : Request cancelled by client due to FailedTimeout
[1743166200883518342] 0 : Request cancelled by client due to FailedTimeout
[1743166200895531528] 0 : Request cancelled by client due to FailedTimeout
[1743166200906944793] 0 : Request cancelled by client due to FailedTimeout
[1743166200918221473] 0 : Request cancelled by client due to FailedTimeout
[1743166200930483870] 0 : Request cancelled by client due to FailedTimeout
[1743166200940453372] 0 : Request cancelled by client due to FailedTimeout
[1743166200952253723] 0 : Request cancelled by client due to FailedTimeout
[1743166200962725272] 0 : Request cancelled by client due to FailedTimeout
[1743166201339662337] 1
[1743166201339969132] 1
[1743166201340026341] 1
[1743166201340078299] 1
[1743166201340162092] 1
[1743166201340233259] 1
[1743166201340390427] 1
[1743166201340558595] 1
[1743166201340643013] 1
[1743166201340735263] 1
[1743166201340768805] 1
[1743166201340801889] 1
[1743166201341043933] 1
[1743166201353272206] 1
[1743166201353447416] 1
[1743166201353600042] 1
[1743166201353938962] 1
[1743166201354141463] 1
[1743166201354318965] 1
[1743166201354442883] 1
[1743166201354597051] 1
[1743166201354734010] 1
[1743166201354845261] 1
[1743166201355066763] 1
[1743166201355536726] 1
[1743166201355702394] 1
[1743166201356170648] 1
[1743166201356262732] 1
[1743166201875045536] 0 : Request cancelled by client due to FailedTimeout
[1743166201885549336] 0 : Request cancelled by client due to FailedTimeout
[1743166201896170762] 0 : Request cancelled by client due to FailedTimeout
[1743166201908584620] 0 : Request cancelled by client due to FailedTimeout
[1743166201920333805] 0 : Request cancelled by client due to FailedTimeout
[1743166201930932189] 0 : Request cancelled by client due to FailedTimeout
[1743166201941611240] 0 : Request cancelled by client due to FailedTimeout
[1743166201952138915] 0 : Request cancelled by client due to FailedTimeout
[1743166201962924967] 0 : Request cancelled by client due to FailedTimeout
[1743166201973683353] 0 : Request cancelled by client due to FailedTimeout
[1743166202320203861] 1
[1743166202320278820] 1
[1743166202320327570] 1
[1743166202320649531] 1
[1743166202320853575] 1
[1743166202321095660] 1
[1743166202321297829] 1
[1743166202321439288] 1
[1743166202321582831] 1
[1743166202321749166] 1
[1743166202321892959] 1
[1743166202322136669] 1
[1743166202325532949] 1
[1743166202325604200] 1
[1743166202325661451] 1
[1743166202325840244] 1
[1743166202325897869] 1
[1743166202325953995] 1
[1743166202326105454] 1
[1743166202326528208] 1
[1743166202539300333] 1
[1743166202539821629] 1
[1743166202540181591] 1
[1743166202540453260] 1
[1743166202540781888] 1
[1743166202541022848] 1
[1743166202541245100] 1
[1743166202541495727] 1
[1743166202541712021] 1
[1743166202554078296] 1
[1743166202554434591] 1
[1743166202554719885] 1
[1743166202554930012] 1
[1743166202555146431] 1
[1743166202555392683] 1
[1743166202555653852] 1
[1743166202556895529] 1
[1743166202557238366] 1
[1743166202557294075] 1
[1743166202557435368] 1
[1743166202887942946] 0 : Request cancelled by client due to FailedTimeout
[1743166202896984609] 0 : Request cancelled by client due to FailedTimeout
[1743166202908439919] 0 : Request cancelled by client due to FailedTimeout
[1743166202919100221] 0 : Request cancelled by client due to FailedTimeout
[1743166202931792708] 0 : Request cancelled by client due to FailedTimeout
[1743166202944291734] 0 : Request cancelled by client due to FailedTimeout
[1743166202954997912] 0 : Request cancelled by client due to FailedTimeout
[1743166202967006268] 0 : Request cancelled by client due to FailedTimeout
[1743166202977354776] 0 : Request cancelled by client due to FailedTimeout
[1743166202988192830] 0 : Request cancelled by client due to FailedTimeout
[1743166203314253320] 1
[1743166203314578989] 1
[1743166203314793991] 1
[1743166203314933868] 1
[1743166203336461018] 1
[1743166203336837855] 1
[1743166203337044065] 1
[1743166203337167566] 1
[1743166203337601945] 1
[1743166203337757321] 1
[1743166203337930073] 1
[1743166203337996032] 1
[1743166203338347035] 1
[1743166203338886873] 1
[1743166203338970624] 1
[1743166203339311127] 1
[1743166203339624504] 1
[1743166203340048258] 1
[1743166203340109342] 1
[1743166203340164968] 1
[1743166203901303807] 0 : Request cancelled by client due to FailedTimeout
[1743166203912100945] 0 : Request cancelled by client due to FailedTimeout
[1743166203924791183] 0 : Request cancelled by client due to FailedTimeout
[1743166203943254723] 0 : Request cancelled by client due to FailedTimeout
[1743166203954299155] 0 : Request cancelled by client due to FailedTimeout
[1743166203965069376] 0 : Request cancelled by client due to FailedTimeout
[1743166203976249725] 0 : Request cancelled by client due to FailedTimeout
[1743166203987459242] 0 : Request cancelled by client due to FailedTimeout
[1743166203998199963] 0 : Request cancelled by client due to FailedTimeout
[1743166204009233062] 0 : Request cancelled by client due to FailedTimeout
[1743166204373446267] 1
[1743166204373512101] 1
[1743166204373555310] 1
[1743166204373590852] 1
[1743166204373620310] 1
[1743166204373739270] 1
[1743166204373813187] 1
[1743166204373977230] 1
[1743166204374245066] 1
[1743166204374611194] 1
[1743166204383980362] 1
[1743166204384177781] 1
[1743166204384389116] 1
[1743166204384533492] 1
[1743166204384663410] 1
[1743166204384729661] 1
[1743166204384832078] 1
[1743166204385376750] 1
[1743166204385513501] 1
[1743166204385726878] 1
[1743166204582064151] 1
[1743166204582595281] 1
[1743166204583072618] 1
[1743166204583452913] 1
[1743166204583752166] 1
[1743166204583990002] 1
[1743166204584192295] 1
[1743166204584385338] 1
[1743166204584638174] 1
[1743166204596565657] 1
[1743166204596964660] 1
[1743166204597254163] 1
[1743166204597529374] 1
[1743166204597756418] 1
[1743166204598242797] 1
[1743166204598615550] 1
[1743166204599142472] 1
[1743166204599467100] 1
[1743166204599767394] 1
[1743166204600019188] 1
[1743166204920500832] 0 : Request cancelled by client due to FailedTimeout
[1743166204930937843] 0 : Request cancelled by client due to FailedTimeout
[1743166204945048262] 0 : Request cancelled by client due to FailedTimeout
[1743166204954994435] 0 : Request cancelled by client due to FailedTimeout
[1743166204966084910] 0 : Request cancelled by client due to FailedTimeout
[1743166204977249636] 0 : Request cancelled by client due to FailedTimeout
[1743166204988637739] 0 : Request cancelled by client due to FailedTimeout
[1743166204999442920] 0 : Request cancelled by client due to FailedTimeout
[1743166205009465010] 0 : Request cancelled by client due to FailedTimeout
[1743166205020649779] 0 : Request cancelled by client due to FailedTimeout
[1743166205384002224] 1
[1743166205384316227] 1
[1743166205384552604] 1
[1743166205384709813] 1
[1743166205404849997] 1
[1743166205405078083] 1
[1743166205405510628] 1
[1743166205405632671] 1
[1743166205405801006] 1
[1743166205406165593] 1
[1743166205406389512] 1
[1743166205406437262] 1
[1743166205406829432] 1
[1743166205407277978] 1
[1743166205407485813] 1
[1743166205407647898] 1
[1743166205407947651] 1
[1743166205408065318] 1
[1743166205408345196] 1
[1743166205408437530] 1
[1743166205933070532] 0 : Request cancelled by client due to FailedTimeout
[1743166205944195508] 0 : Request cancelled by client due to FailedTimeout
[1743166205957215294] 0 : Request cancelled by client due to FailedTimeout
[1743166205968983151] 0 : Request cancelled by client due to FailedTimeout
[1743166205982005645] 0 : Request cancelled by client due to FailedTimeout
[1743166205991715442] 0 : Request cancelled by client due to FailedTimeout
[1743166206003801011] 0 : Request cancelled by client due to FailedTimeout
[1743166206012316590] 0 : Request cancelled by client due to FailedTimeout
[1743166206023521693] 0 : Request cancelled by client due to FailedTimeout
[1743166206033943623] 0 : Request cancelled by client due to FailedTimeout
[1743166206419629687] 1
[1743166206419701146] 1
[1743166206419732146] 1
[1743166206419776022] 1
[1743166206419831564] 1
[1743166206419859106] 1
[1743166206419884023] 1
[1743166206420143067] 1
[1743166206420177067] 1
[1743166206420239693] 1
[1743166206420537904] 1
[1743166206426302457] 1
[1743166206426871837] 1
[1743166206427092048] 1
[1743166206427277383] 1
[1743166206427448509] 1
[1743166206427656261] 1
[1743166206427860263] 1
[1743166206428531061] 1
[1743166206428702271] 1
[1743166206632276527] 1
[1743166206632706781] 1
[1743166206633081410] 1
[1743166206633312245] 1
[1743166206633541539] 1
[1743166206633801041] 1
[1743166206634068669] 1
[1743166206634257837] 1
[1743166206634440006] 1
[1743166206646103947] 1
[1743166206646389283] 1
[1743166206646633493] 1
[1743166206646836704] 1
[1743166206647046122] 1
[1743166206647287333] 1
[1743166206648075298] 1
[1743166206649076683] 1
[1743166206649366685] 1
[1743166206649653771] 1
[1743166206649687105] 1
[1743166206946916268] 0 : Request cancelled by client due to FailedTimeout
[1743166206961052357] 0 : Request cancelled by client due to FailedTimeout
[1743166206972435754] 0 : Request cancelled by client due to FailedTimeout
[1743166206985901462] 0 : Request cancelled by client due to FailedTimeout
[1743166206994722418] 0 : Request cancelled by client due to FailedTimeout
[1743166207005055514] 0 : Request cancelled by client due to FailedTimeout
[1743166207016317203] 0 : Request cancelled by client due to FailedTimeout
[1743166207026625007] 0 : Request cancelled by client due to FailedTimeout
[1743166207036768477] 0 : Request cancelled by client due to FailedTimeout
[1743166207047280325] 0 : Request cancelled by client due to FailedTimeout
[1743166207455010885] 1
[1743166207455084969] 1
[1743166207455130761] 1
[1743166207455201887] 1
[1743166207455242721] 1
[1743166207455322555] 1
[1743166207455359805] 1
[1743166207455400556] 1
[1743166207455732809] 1
[1743166207456004895] 1
[1743166207459052006] 1
[1743166207459279967] 1
[1743166207459482594] 1
[1743166207460036349] 1
[1743166207460305018] 1
[1743166207460373685] 1
[1743166207460505895] 1
[1743166207460748356] 1
[1743166207461064900] 1
[1743166207461253819] 1
[1743166207961450284] 0 : Request cancelled by client due to FailedTimeout
[1743166207972439429] 0 : Request cancelled by client due to FailedTimeout
[1743166207982837443] 0 : Request cancelled by client due to FailedTimeout
[1743166207994991014] 0 : Request cancelled by client due to FailedTimeout
[1743166208004285476] 0 : Request cancelled by client due to FailedTimeout
[1743166208014144944] 0 : Request cancelled by client due to FailedTimeout
[1743166208025099090] 0 : Request cancelled by client due to FailedTimeout
[1743166208037013952] 0 : Request cancelled by client due to FailedTimeout
[1743166208047625802] 0 : Request cancelled by client due to FailedTimeout
[1743166208057803857] 0 : Request cancelled by client due to FailedTimeout
[1743166208472594025] 1
[1743166208472717443] 1
[1743166208472856653] 1
[1743166208472937945] 1
[1743166208473043363] 1
[1743166208473175031] 1
[1743166208473241948] 1
[1743166208473305282] 1
[1743166208473384949] 1
[1743166208473645618] 1
[1743166208477282486] 1
[1743166208477495405] 1
[1743166208477700532] 1
[1743166208477908492] 1
[1743166208478094410] 1
[1743166208478256204] 1
[1743166208478426080] 1
[1743166208478609957] 1
[1743166208479082295] 1
[1743166208479143795] 1
[1743166208690236456] 1
[1743166208690813420] 1
[1743166208691286883] 1
[1743166208691577719] 1
[1743166208691946139] 1
[1743166208692337934] 1
[1743166208692583187] 1
[1743166208692815272] 1
[1743166208693023274] 1
[1743166208693225401] 1
[1743166208700040424] 1
[1743166208700356593] 1
[1743166208700869848] 1
[1743166208701118101] 1
[1743166208701332603] 1
[1743166208701644647] 1
[1743166208701931150] 1
[1743166208702142652] 1
[1743166208702421279] 1
[1743166208702522489] 1
[1743166208971323070] 0 : Request cancelled by client due to FailedTimeout
[1743166208981871086] 0 : Request cancelled by client due to FailedTimeout
[1743166208992770897] 0 : Request cancelled by client due to FailedTimeout
[1743166209003656375] 0 : Request cancelled by client due to FailedTimeout
[1743166209013827264] 0 : Request cancelled by client due to FailedTimeout
[1743166209024195904] 0 : Request cancelled by client due to FailedTimeout
[1743166209034358085] 0 : Request cancelled by client due to FailedTimeout
[1743166209045857278] 0 : Request cancelled by client due to FailedTimeout
[1743166209055688455] 0 : Request cancelled by client due to FailedTimeout
[1743166209065484840] 0 : Request cancelled by client due to FailedTimeout
[1743166209489689057] 1
[1743166209489740599] 1
[1743166209491692909] 1
[1743166209491776702] 1
[1743166209497625216] 1
[1743166209497662591] 1
[1743166209497732217] 1
[1743166209497760050] 1
[1743166209498450932] 1
[1743166209498721726] 1
[1743166209978484515] 0 : Request cancelled by client due to FailedTimeout
[1743166209989493245] 0 : Request cancelled by client due to FailedTimeout
[1743166210000118971] 0 : Request cancelled by client due to FailedTimeout
[1743166210013493516] 0 : Request cancelled by client due to FailedTimeout
[1743166210021409009] 0 : Request cancelled by client due to FailedTimeout
[1743166210031857735] 0 : Request cancelled by client due to FailedTimeout
[1743166210043706516] 0 : Request cancelled by client due to FailedTimeout
[1743166210054124825] 0 : Request cancelled by client due to FailedTimeout
[1743166210065006055] 0 : Request cancelled by client due to FailedTimeout
[1743166210076148704] 0 : Request cancelled by client due to FailedTimeout
[1743166210500544672] 1
[1743166210500622798] 1
[1743166210500692257] 1
[1743166210500745132] 1
[1743166210510819146] 1
[1743166210510865980] 1
[1743166210511004690] 1
[1743166210511758572] 1
[1743166210511821906] 1
[1743166210512143909] 1
[1743166210744901196] 1
[1743166210745684536] 1
[1743166210746025415] 1
[1743166210746361085] 1
[1743166210746589754] 1
[1743166210746816506] 1
[1743166210747040966] 1
[1743166210747266218] 1
[1743166210747466054] 1
[1743166210747680514] 1
[1743166210754427787] 1
[1743166210754755207] 1
[1743166210755034377] 1
[1743166210755246837] 1
[1743166210755471548] 1
[1743166210755708633] 1
[1743166210755956344] 1
[1743166210756247055] 1
[1743166210756949187] 1
[1743166210757217898] 1
[1743166210987323825] 0 : Request cancelled by client due to FailedTimeout
[1743166210997894761] 0 : Request cancelled by client due to FailedTimeout
[1743166211007781190] 0 : Request cancelled by client due to FailedTimeout
[1743166211018598420] 0 : Request cancelled by client due to FailedTimeout
[1743166211029543735] 0 : Request cancelled by client due to FailedTimeout
[1743166211040728927] 0 : Request cancelled by client due to FailedTimeout
[1743166211060763122] 0 : Request cancelled by client due to FailedTimeout
[1743166211063120104] 0 : Request cancelled by client due to FailedTimeout
[1743166211072814156] 0 : Request cancelled by client due to FailedTimeout
[1743166211083503177] 0 : Request cancelled by client due to FailedTimeout
[1743166211514925755] 1
[1743166211514992381] 1
[1743166211515067882] 1
[1743166211515161258] 1
[1743166211515273967] 1
[1743166211515379093] 1
[1743166211515444594] 1
[1743166211518858377] 1
[1743166211518946295] 1
[1743166211519614926] 1
[1743166211996842325] 0 : Request cancelled by client due to FailedTimeout
[1743166212007811516] 0 : Request cancelled by client due to FailedTimeout
[1743166212015372007] 0 : Request cancelled by client due to FailedTimeout
[1743166212026879370] 0 : Request cancelled by client due to FailedTimeout
[1743166212037608642] 0 : Request cancelled by client due to FailedTimeout
[1743166212048623542] 0 : Request cancelled by client due to FailedTimeout
[1743166212059922445] 0 : Request cancelled by client due to FailedTimeout
[1743166212070944512] 0 : Request cancelled by client due to FailedTimeout
[1743166212082041371] 0 : Request cancelled by client due to FailedTimeout
[1743166212095002498] 0 : Request cancelled by client due to FailedTimeout
[1743166212523699758] 1
[1743166212523759592] 1
[1743166212523901301] 1
[1743166212523935177] 1
[1743166212523986385] 1
[1743166212524132595] 1
[1743166212524250138] 1
[1743166212524617975] 1
[1743166212524800393] 1
[1743166212524846227] 1
[1743166212792832030] 1
[1743166212793372327] 1
[1743166212793794831] 1
[1743166212794065126] 1
[1743166212794256544] 1
[1743166212794928843] 1
[1743166212795261346] 1
[1743166212795506348] 1
[1743166212795737517] 1
[1743166212795971978] 1
[1743166212804841440] 1
[1743166212805538405] 1
[1743166212805846950] 1
[1743166212806110994] 1
[1743166212806344747] 1
[1743166212806555540] 1
[1743166212806830168] 1
[1743166212807472466] 1
[1743166212807748552] 1
[1743166212807781136] 1
[1743166213002777762] 0 : Request cancelled by client due to FailedTimeout
[1743166213013083281] 0 : Request cancelled by client due to FailedTimeout
[1743166213024095599] 0 : Request cancelled by client due to FailedTimeout
[1743166213034651412] 0 : Request cancelled by client due to FailedTimeout
[1743166213045381727] 0 : Request cancelled by client due to FailedTimeout
[1743166213056637631] 0 : Request cancelled by client due to FailedTimeout
[1743166213066416728] 0 : Request cancelled by client due to FailedTimeout
[1743166213078194720] 0 : Request cancelled by client due to FailedTimeout
[1743166213089153704] 0 : Request cancelled by client due to FailedTimeout
[1743166213098815091] 0 : Request cancelled by client due to FailedTimeout
[1743166213521374663] 1
[1743166213521616999] 1
[1743166213521791750] 1
[1743166213521844251] 1
[1743166213529651662] 1
[1743166213529735788] 1
[1743166213529772705] 1
[1743166213529806122] 1
[1743166213529831789] 1
[1743166213529949415] 1
[1743166214009766848] 0 : Request cancelled by client due to FailedTimeout
[1743166214019502278] 0 : Request cancelled by client due to FailedTimeout
[1743166214030346762] 0 : Request cancelled by client due to FailedTimeout
[1743166214041229121] 0 : Request cancelled by client due to FailedTimeout
[1743166214053115990] 0 : Request cancelled by client due to FailedTimeout
[1743166214063921682] 0 : Request cancelled by client due to FailedTimeout
[1743166214074842625] 0 : Request cancelled by client due to FailedTimeout
[1743166214085791651] 0 : Request cancelled by client due to FailedTimeout
[1743166214095711459] 0 : Request cancelled by client due to FailedTimeout
[1743166214106716028] 0 : Request cancelled by client due to FailedTimeout
[1743166214519456415] 1
[1743166214519644626] 1
[1743166214519697126] 1
[1743166214519751418] 1
[1743166214519850378] 1
[1743166214520099672] 1
[1743166214520335841] 1
[1743166214520399841] 1
[1743166214520501342] 1
[1743166214520674844] 1
[1743166214833676357] 1
[1743166214834113820] 1
[1743166214834431906] 1
[1743166214834704659] 1
[1743166214835205372] 1
[1743166214835662293] 1
[1743166214835743669] 1
[1743166214835856670] 1
[1743166214836036172] 1
[1743166214836093173] 1
[1743166214836174215] 1
[1743166214836227049] 1
[1743166214836257424] 1
[1743166214836284841] 1
[1743166214836336550] 1
[1743166214836365884] 1
[1743166214838911951] 1
[1743166214839163329] 1
[1743166214839396456] 1
[1743166214839773835] 1
[1743166215017419867] 0 : Request cancelled by client due to FailedTimeout
[1743166215028127725] 0 : Request cancelled by client due to FailedTimeout
[1743166215038850500] 0 : Request cancelled by client due to FailedTimeout
[1743166215049844570] 0 : Request cancelled by client due to FailedTimeout
[1743166215060587345] 0 : Request cancelled by client due to FailedTimeout
[1743166215071597331] 0 : Request cancelled by client due to FailedTimeout
[1743166215082046646] 0 : Request cancelled by client due to FailedTimeout
[1743166215092932839] 0 : Request cancelled by client due to FailedTimeout
[1743166215103979367] 0 : Request cancelled by client due to FailedTimeout
[1743166215113922510] 0 : Request cancelled by client due to FailedTimeout
[1743166215558793010] 1
[1743166215559105971] 1
[1743166215559584851] 1
[1743166215559649143] 1
[1743166215560509027] 1
[1743166215560885406] 1
[1743166215561072866] 1
[1743166215561177742] 1
[1743166215561259868] 1
[1743166215561738706] 1
[1743166216025623651] 0 : Request cancelled by client due to FailedTimeout
[1743166216035403542] 0 : Request cancelled by client due to FailedTimeout
[1743166216046430696] 0 : Request cancelled by client due to FailedTimeout
[1743166216057270599] 0 : Request cancelled by client due to FailedTimeout
[1743166216068195877] 0 : Request cancelled by client due to FailedTimeout
[1743166216079005404] 0 : Request cancelled by client due to FailedTimeout
[1743166216090878567] 0 : Request cancelled by client due to FailedTimeout
[1743166216100604124] 0 : Request cancelled by client due to FailedTimeout
[1743166216112095950] 0 : Request cancelled by client due to FailedTimeout
[1743166216121782465] 0 : Request cancelled by client due to FailedTimeout
[1743166216576106935] 1
[1743166216576654566] 1
[1743166216576720817] 1
[1743166216576856276] 1
[1743166216577009903] 1
[1743166216577201863] 1
[1743166216577501991] 1
[1743166216577578409] 1
[1743166216577823578] 1
[1743166216578314500] 1
[1743166216878874734] 1
[1743166216879328988] 1
[1743166216882513937] 1
[1743166216882739523] 1
[1743166216882943358] 1
[1743166216883175903] 1
[1743166216883325154] 1
[1743166216884126079] 1
[1743166216884470832] 1
[1743166216887762408] 1
[1743166216888058036] 1
[1743166216888342080] 1
[1743166216888610833] 1
[1743166216888843710] 1
[1743166216889207422] 1
[1743166216889244173] 1
[1743166216889796845] 1
[1743166216890016514] 1
[1743166216890563853] 1
[1743166216890758855] 1
[1743166217034224405] 0 : Request cancelled by client due to FailedTimeout
[1743166217044055715] 0 : Request cancelled by client due to FailedTimeout
[1743166217055813919] 0 : Request cancelled by client due to FailedTimeout
[1743166217065752063] 0 : Request cancelled by client due to FailedTimeout
[1743166217076560049] 0 : Request cancelled by client due to FailedTimeout
[1743166217087673830] 0 : Request cancelled by client due to FailedTimeout
[1743166217098496150] 0 : Request cancelled by client due to FailedTimeout
[1743166217108082874] 0 : Request cancelled by client due to FailedTimeout
[1743166217120058747] 0 : Request cancelled by client due to FailedTimeout
[1743166217129924224] 0 : Request cancelled by client due to FailedTimeout
[1743166217537910173] 1
[1743166217537998007] 1
[1743166217538101634] 1
[1743166217538160134] 1
[1743166217538334469] 1
[1743166217538445762] 1
[1743166217538828099] 1
[1743166217543295604] 1
[1743166217543417897] 1
[1743166217543495647] 1
[1743166218042081491] 0 : Request cancelled by client due to FailedTimeout
[1743166218052881645] 0 : Request cancelled by client due to FailedTimeout
[1743166218063792175] 0 : Request cancelled by client due to FailedTimeout
[1743166218074832623] 0 : Request cancelled by client due to FailedTimeout
[1743166218085808404] 0 : Request cancelled by client due to FailedTimeout
[1743166218097479650] 0 : Request cancelled by client due to FailedTimeout
[1743166218108295970] 0 : Request cancelled by client due to FailedTimeout
[1743166218118664870] 0 : Request cancelled by client due to FailedTimeout
[1743166218130228740] 0 : Request cancelled by client due to FailedTimeout
[1743166218140119843] 0 : Request cancelled by client due to FailedTimeout
[1743166218534293585] 1
[1743166218534458420] 1
[1743166218534637380] 1
[1743166218538595085] 1
[1743166218538823253] 1
[1743166218539056172] 1
[1743166218539129673] 1
[1743166218539201174] 1
[1743166218539265299] 1
[1743166218543218963] 1
[1743166218913848373] 1
[1743166218914329252] 1
[1743166218914663922] 1
[1743166218914894258] 1
[1743166218915118593] 1
[1743166218915332970] 1
[1743166218915577348] 1
[1743166218915811641] 1
[1743166218916506273] 1
[1743166218928134844] 1
[1743166218928532264] 1
[1743166218929210271] 1
[1743166218929446815] 1
[1743166218929737526] 1
[1743166218930055612] 1
[1743166218930372657] 1
[1743166218930987621] 1
[1743166218931284207] 1
[1743166218931606711] 1
[1743166218931827213] 1
[1743166219051630201] 0 : Request cancelled by client due to FailedTimeout
[1743166219061563186] 0 : Request cancelled by client due to FailedTimeout
[1743166219073340675] 0 : Request cancelled by client due to FailedTimeout
[1743166219083374369] 0 : Request cancelled by client due to FailedTimeout
[1743166219095132025] 0 : Request cancelled by client due to FailedTimeout
[1743166219106200263] 0 : Request cancelled by client due to FailedTimeout
[1743166219116894208] 0 : Request cancelled by client due to FailedTimeout
[1743166219126927151] 0 : Request cancelled by client due to FailedTimeout
[1743166219136773052] 0 : Request cancelled by client due to FailedTimeout
[1743166219147735290] 0 : Request cancelled by client due to FailedTimeout
[1743166219509091168] 1
[1743166219509214543] 1
[1743166219509386169] 1
[1743166219509617711] 1
[1743166219509696336] 1
[1743166219509778211] 1
[1743166219509918129] 1
[1743166219512750428] 1
[1743166219512866553] 1
[1743166219513427555] 1
[1743166220060144228] 0 : Request cancelled by client due to FailedTimeout
[1743166220070004923] 0 : Request cancelled by client due to FailedTimeout
[1743166220080921329] 0 : Request cancelled by client due to FailedTimeout
[1743166220092102028] 0 : Request cancelled by client due to FailedTimeout
[1743166220103096851] 0 : Request cancelled by client due to FailedTimeout
[1743166220113085046] 0 : Request cancelled by client due to FailedTimeout
[1743166220123842619] 0 : Request cancelled by client due to FailedTimeout
[1743166220135967112] 0 : Request cancelled by client due to FailedTimeout
[1743166220145990724] 0 : Request cancelled by client due to FailedTimeout
[1743166220156649254] 0 : Request cancelled by client due to FailedTimeout
[1743166220509453345] 1
[1743166220509539220] 1
[1743166220509591220] 1
[1743166220509673595] 1
[1743166220509751096] 1
[1743166220509826096] 1
[1743166220509915304] 1
[1743166220512728646] 1
[1743166220512837771] 1
[1743166220513409939] 1
[1743166220962826306] 1
[1743166220963316432] 1
[1743166220963682767] 1
[1743166220963938059] 1
[1743166220964542478] 1
[1743166220976435637] 1
[1743166220976843888] 1
[1743166220977493181] 1
[1743166220977737265] 1
[1743166220977972058] 1
[1743166220978281433] 1
[1743166220978678018] 1
[1743166220978931935] 1
[1743166220979181853] 1
[1743166220979422812] 1
[1743166220979658312] 1
[1743166220979937480] 1
[1743166220980195481] 1
[1743166220980459565] 1
[1743166220980653524] 1
[1743166221067400825] 0 : Request cancelled by client due to FailedTimeout
[1743166221077726815] 0 : Request cancelled by client due to FailedTimeout
[1743166221089473642] 0 : Request cancelled by client due to FailedTimeout
[1743166221100148175] 0 : Request cancelled by client due to FailedTimeout
[1743166221111298001] 0 : Request cancelled by client due to FailedTimeout
[1743166221121162322] 0 : Request cancelled by client due to FailedTimeout
[1743166221131332562] 0 : Request cancelled by client due to FailedTimeout
[1743166221142149261] 0 : Request cancelled by client due to FailedTimeout
[1743166221152752502] 0 : Request cancelled by client due to FailedTimeout
[1743166221162824158] 0 : Request cancelled by client due to FailedTimeout
[1743166221510584676] 1
[1743166221510664384] 1
[1743166221510741801] 1
[1743166221510807426] 1
[1743166221510868468] 1
[1743166221510917968] 1
[1743166221510962052] 1
[1743166221513948228] 1
[1743166221514122103] 1
[1743166221514531604] 1
[1743166222075402535] 0 : Request cancelled by client due to FailedTimeout
[1743166222085278984] 0 : Request cancelled by client due to FailedTimeout
[1743166222096022352] 0 : Request cancelled by client due to FailedTimeout
[1743166222107091263] 0 : Request cancelled by client due to FailedTimeout
[1743166222118066965] 0 : Request cancelled by client due to FailedTimeout
[1743166222129895295] 0 : Request cancelled by client due to FailedTimeout
[1743166222140461996] 0 : Request cancelled by client due to FailedTimeout
[1743166222151367073] 0 : Request cancelled by client due to FailedTimeout
[1743166222162241108] 0 : Request cancelled by client due to FailedTimeout
[1743166222172970309] 0 : Request cancelled by client due to FailedTimeout
[1743166222514932708] 1
[1743166222515048375] 1
[1743166222515192000] 1
[1743166222515237667] 1
[1743166222515308084] 1
[1743166222515379459] 1
[1743166222515422584] 1
[1743166222515929294] 1
[1743166222516008794] 1
[1743166222516132003] 1
[1743166223018140505] 1
[1743166223018645465] 1
[1743166223018999467] 1
[1743166223019245843] 1
[1743166223019477552] 1
[1743166223019725094] 1
[1743166223019982762] 1
[1743166223020939640] 1
[1743166223021197558] 1
[1743166223021402392] 1
[1743166223031715635] 1
[1743166223032071886] 1
[1743166223032995681] 1
[1743166223033300224] 1
[1743166223033653434] 1
[1743166223033869434] 1
[1743166223034090727] 1
[1743166223034344894] 1
[1743166223034584812] 1
[1743166223035062897] 1
[1743166223083516104] 0 : Request cancelled by client due to FailedTimeout
[1743166223094612267] 0 : Request cancelled by client due to FailedTimeout
[1743166223106718975] 0 : Request cancelled by client due to FailedTimeout
[1743166223116600634] 0 : Request cancelled by client due to FailedTimeout
[1743166223128237341] 0 : Request cancelled by client due to FailedTimeout
[1743166223139609129] 0 : Request cancelled by client due to FailedTimeout
[1743166223149592164] 0 : Request cancelled by client due to FailedTimeout
[1743166223160280408] 0 : Request cancelled by client due to FailedTimeout
[1743166223172032449] 0 : Request cancelled by client due to FailedTimeout
[1743166223181847566] 0 : Request cancelled by client due to FailedTimeout
[1743166223543174094] 1
[1743166223543895471] 1
[1743166223543977513] 1
[1743166223544034805] 1
[1743166223550400743] 1
[1743166223550606911] 1
[1743166223551052871] 1
[1743166223551106954] 1
[1743166223551215871] 1
[1743166223551586706] 1
[1743166224094641956] 0 : Request cancelled by client due to FailedTimeout
[1743166224105982122] 0 : Request cancelled by client due to FailedTimeout
[1743166224116506451] 0 : Request cancelled by client due to FailedTimeout
[1743166224127925326] 0 : Request cancelled by client due to FailedTimeout
[1743166224138963282] 0 : Request cancelled by client due to FailedTimeout
[1743166224149906863] 0 : Request cancelled by client due to FailedTimeout
[1743166224161313488] 0 : Request cancelled by client due to FailedTimeout
[1743166224171517150] 0 : Request cancelled by client due to FailedTimeout
[1743166224183647943] 0 : Request cancelled by client due to FailedTimeout
[1743166224194182731] 0 : Request cancelled by client due to FailedTimeout
[1743166224550018972] 1
[1743166224550152473] 1
[1743166224550197015] 1
[1743166224550257390] 1
[1743166224556194911] 1
[1743166224556254036] 1
[1743166224556293953] 1
[1743166224556354328] 1
[1743166224557014664] 1
[1743166224557117915] 1
[1743166225091929233] 1
[1743166225092536319] 1
[1743166225093080738] 1
[1743166225113519940] 1
[1743166225113914900] 1
[1743166225114230901] 1
[1743166225114445819] 1
[1743166225114869362] 1
[1743166225115188238] 1
[1743166225115458406] 1
[1743166225115709448] 1
[1743166225116335492] 1
[1743166225116707410] 1
[1743166225117903373] 1
[1743166225118334625] 1
[1743166225118602168] 1
[1743166225118855085] 1
[1743166225119167045] 1
[1743166225119441129] 1
[1743166225120449633] 1
[1743166225548637587] 1
[1743166225548809338] 1
[1743166225548870213] 1
[1743166225548924380] 1
[1743166225549120214] 1
[1743166225549218089] 1
[1743166225549263506] 1
[1743166225552607602] 1
[1743166225552718561] 1
[1743166225553400647] 1
[1743166226572372437] 1
[1743166226572453229] 1
[1743166226572779272] 1
[1743166226572830439] 1
[1743166226572872231] 1
[1743166226576101827] 1
[1743166226576188536] 1
[1743166226576317953] 1
[1743166226576509495] 1
[1743166226577033039] 1
[1743166227064779566] 1
[1743166227065799736] 1
[1743166227066464531] 1
[1743166227554405799] 1
[1743166227554551217] 1
[1743166227554640467] 1
[1743166227554754051] 1
[1743166227564166840] 1
[1743166227564297090] 1
[1743166227564438799] 1
[1743166227565021093] 1
[1743166227565201594] 1
[1743166227565280928] 1
[1743166228581273396] 1
[1743166228581357230] 1
[1743166228581514397] 1
[1743166228581593064] 1
[1743166228581635148] 1
[1743166228581729065] 1
[1743166228581786732] 1
[1743166228582165775] 1
[1743166228582375109] 1
[1743166228582695486] 1
[1743166229569035706] 1
[1743166229569229165] 1
[1743166229569360541] 1
[1743166229569485374] 1
[1743166229578417873] 1
[1743166229578465915] 1
[1743166229578599832] 1
[1743166229579180585] 1
[1743166229579406336] 1
[1743166229579594753] 1
[1743166230581198667] 1
[1743166230581405085] 1
[1743166230581470252] 1
[1743166230581520752] 1
[1743166230581626586] 1
[1743166230587629072] 1
[1743166230588014074] 1
[1743166230588106366] 1
[1743166230588729827] 1
[1743166230588847953] 1
[1743166231574392914] 1
[1743166231574679624] 1
[1743166231574759624] 1
[1743166231574830416] 1
[1743166231574867792] 1
[1743166231575047251] 1
[1743166231575226418] 1
[1743166231578493767] 1
[1743166231578598934] 1
[1743166231579237563] 1
[1743166232585071159] 1
[1743166232585154742] 1
[1743166232585207493] 1
[1743166232585387702] 1
[1743166232585739370] 1
[1743166232592488862] 1
[1743166232592576279] 1
[1743166232592826697] 1
[1743166232593123532] 1
[1743166232593265033] 1
[1743166243755515296] 1
[1743166243801399098] 1
[1743166243885397068] 1
[1743166243885449902] 1
[1743166243885483860] 1
[1743166243885542486] 1
[1743166243885590320] 1
[1743166243885628070] 1
[1743166243888747257] 1
[1743166243888788591] 1
[1743166243888950592] 1
[1743166243900068040] 1
[1743166243900158999] 1
[1743166243900218166] 1
[1743166243900666044] 1
[1743166243913697296] 1
[1743166243913745255] 1
[1743166243913805214] 1
[1743166243913855756] 1
[1743166243914011548] 1
[1743166243914110174] 1
[1743166243914287842] 1
[1743166243914329467] 1
[1743166243914812720] 1
[1743166243914850387] 1
[1743166243914909846] 1
[1743166243915029055] 1
[1743166243915073639] 1
[1743166243915120389] 1
[1743166243915167098] 1
[1743166243915201181] 1
[1743166243915257640] 1
[1743166243915371057] 1
[1743166243915958520] 1
[1743166243919320125] 1
[1743166243922734439] 1
[1743166243922783398] 1
[1743166243922837981] 1
[1743166243922898940] 1
[1743166243922956566] 1
[1743166243923009774] 1
[1743166243923276818] 1
[1743166243923352610] 1
[1743166243923429444] 1
[1743166243923949364] 1
[1743166243924076865] 1
[1743166243924149782] 1
[1743166243924200865] 1
[1743166243924274199] 1
[1743166243924327491] 1
[1743166243924416159] 1
[1743166243924469534] 1
[1743166243924675910] 1
[1743166243924724536] 1
[1743166243924779661] 1
[1743166243924829786] 1
[1743166243924892995] 1
[1743166243925049621] 1
[1743166243925804501] 1
[1743166243925854501] 1
[1743166244519754273] 1
[1743166244520162776] 1
[1743166244520262068] 1
[1743166244520326902] 1
[1743166244520887572] 1
[1743166244521003490] 1
[1743166244521055990] 1
[1743166244521100407] 1
[1743166244523874676] 1
[1743166244523982218] 1
[1743166244631100521] 1
[1743166244684335129] 1
[1743166244684960049] 1
[1743166244712360858] 1
[1743166244712451109] 1
[1743166244712498026] 1
[1743166244720644789] 1
[1743166244741200719] 1
[1743166244741443846] 1
[1743166244753088799] 1
[1743166244753197466] 1
[1743166244753292050] 1
[1743166244753357509] 1
[1743166244753420218] 1
[1743166244753543510] 1
[1743166244753590427] 1
[1743166244754259057] 1
[1743166244754670601] 1
[1743166244754783060] 1
[1743166244754925478] 1
[1743166245526491189] 1
[1743166245526724899] 1
[1743166245526795941] 1
[1743166245526894316] 1
[1743166245527048568] 1
[1743166245527152777] 1
[1743166245527245569] 1
[1743166245527338819] 1
[1743166245527440237] 1
[1743166245527545404] 1
[1743166245839164289] 1
[1743166245839488749] 1
[1743166245839613792] 1
[1743166245850995578] 1
[1743166245851199913] 1
[1743166245851270288] 1
[1743166245851978502] 1
[1743166245852404254] 1
[1743166245852483130] 1
[1743166245852532339] 1
[1743166246530137173] 1
[1743166246530498134] 1
[1743166246530589343] 1
[1743166246530687677] 1
[1743166246530797511] 1
[1743166246530892345] 1
[1743166246530983554] 1
[1743166246531077304] 1
[1743166246531134180] 1
[1743166246531211722] 1
[1743166246860999982] 1
[1743166246861218234] 1
[1743166246872945524] 1
[1743166246873091108] 1
[1743166246873173234] 1
[1743166246873265484] 1
[1743166246874054365] 1
[1743166246874221991] 1
[1743166246874282491] 1
[1743166246874320033] 1
[1743166247534278499] 1
[1743166247534579584] 1
[1743166247534676543] 1
[1743166247534776252] 1
[1743166247534952962] 1
[1743166247535049546] 1
[1743166247535088879] 1
[1743166247535196172] 1
[1743166247535282006] 1
[1743166247535339090] 1
[1743166248616164056] 1
[1743166248616353307] 1
[1743166248618751908] 1
[1743166248627640805] 1
[1743166248627709556] 1
[1743166248627747556] 1
[1743166248627787390] 1
[1743166248627827932] 1
[1743166248627866390] 1
[1743166248630470118] 1
[1743166249539043504] 1
[1743166249539193797] 1
[1743166249539245798] 1
[1743166249539274173] 1
[1743166249539332840] 1
[1743166249539367048] 1
[1743166249539405882] 1
[1743166249539426591] 1
[1743166249539689842] 1
[1743166249539728051] 1
[1743166250646147934] 1
[1743166250646216893] 1
[1743166250646275393] 1
[1743166250649380791] 1
[1743166250649423167] 1
[1743166250658356275] 1
[1743166250658419526] 1
[1743166250658471609] 1
[1743166250662636974] 1
[1743166250668737686] 1
[1743166251544900426] 1
[1743166251545184179] 1
[1743166251545273763] 1
[1743166251545343888] 1
[1743166251545403389] 1
[1743166251545464222] 1
[1743166251545604973] 1
[1743166251545723766] 1
[1743166251545813475] 1
[1743166251545925393] 1
[1743166252548872492] 1
[1743166252549182494] 1
[1743166252549258203] 1
[1743166252549319162] 1
[1743166252549379496] 1
[1743166252549547955] 1
[1743166252549661873] 1
[1743166252549751790] 1
[1743166252549835833] 1
[1743166252549923292] 1
[1743166253660810145] 1
[1743166253668657748] 1
[1743166253668720040] 1
[1743166253676287933] 1
[1743166253676401642] 1
[1743166253676460893] 1
[1743166253676589435] 1
[1743166253676687853] 1
[1743166253676762312] 1
[1743166253676805437] 1
[1743166254556041509] 1
[1743166254556330011] 1
[1743166254556392178] 1
[1743166254556445679] 1
[1743166254556524221] 1
[1743166254556699264] 1
[1743166254556798348] 1
[1743166254557359144] 1
[1743166254557646647] 1
[1743166254557724481] 1
[1743166255661352697] 1
[1743166255661410156] 1
[1743166255663263004] 1
[1743166255670227935] 1
[1743166255670303811] 1
[1743166255670556104] 1
[1743166255670639605] 1
[1743166255670788773] 1
[1743166255670884482] 1
[1743166255672813831] 1
[1743166256562791937] 1
[1743166256563023981] 1
[1743166256563115565] 1
[1743166256563206149] 1
[1743166256563447109] 1
[1743166256563688361] 1
[1743166256563860779] 1
[1743166256563944655] 1
[1743166256564007072] 1
[1743166256608386601] 1
[1743166257658448248] 1
[1743166257658529415] 1
[1743166257658610957] 1
[1743166257658680000] 1
[1743166257664499840] 1
[1743166257664561715] 1
[1743166257664617299] 1
[1743166257666883984] 1
[1743166257669889717] 1
[1743166257669983010] 1
[1743166258569770141] 1
[1743166258570145686] 1
[1743166258570265187] 1
[1743166258570352938] 1
[1743166258570434022] 1
[1743166258570521148] 1
[1743166258570584398] 1
[1743166258570643232] 1
[1743166258610165897] 1
[1743166258611403532] 1
[1743166259663695798] 1
[1743166259663844466] 1
[1743166259664206552] 1
[1743166259664307886] 1
[1743166259664415054] 1
[1743166259670769524] 1
[1743166259670807400] 1
[1743166259672709041] 1
[1743166259672786917] 1
[1743166259672906959] 1
[1743166260577310487] 1
[1743166260577575156] 1
[1743166260577672656] 1
[1743166260577776324] 1
[1743166260577856616] 1
[1743166260577902575] 1
[1743166260577953159] 1
[1743166260633806430] 1
[1743166260633984974] 1
[1743166260634644104] 1
[1743166261671348329] 1
[1743166261671419413] 1
[1743166261671457997] 1
[1743166261671621499] 1
[1743166261671673166] 1
[1743166261671711124] 1
[1743166261671779208] 1
[1743166261674811151] 1
[1743166261674953402] 1
[1743166261675408240] 1
[1743166262678903532] 1
[1743166262678970074] 1
[1743166262679270285] 1
[1743166262679331577] 1
[1743166262679370286] 1
[1743166262679440745] 1
[1743166262679503079] 1
[1743166262679627663] 1
[1743166262680097626] 1
[1743166262680174043] 1
[1743166263680875077] 1
[1743166263680938661] 1
[1743166263681067662] 1
[1743166263681158538] 1
[1743166263681208622] 1
[1743166263681281081] 1
[1743166263681380498] 1
[1743166263681631292] 1
[1743166263681803461] 1
[1743166263681869836] 1
[1743166264679918278] 1
[1743166264679999570] 1
[1743166264680147030] 1
[1743166264680242989] 1
[1743166264680323698] 1
[1743166264680608909] 1
[1743166264680668285] 1
[1743166264683577019] 1
[1743166264683664687] 1
[1743166264684265775] 1
[1743166265677074600] 1
[1743166265677210018] 1
[1743166265677368977] 1
[1743166265677479645] 1
[1743166265686918272] 1
[1743166265686970440] 1
[1743166265686996023] 1
[1743166265687755322] 1
[1743166265687822822] 1
[1743166265687891406] 1
[1743166266682819928] 1
[1743166266682978679] 1
[1743166266683086472] 1
[1743166266683175514] 1
[1743166266689080444] 1
[1743166266689131736] 1
[1743166266689167653] 1
[1743166266689296029] 1
[1743166266689821992] 1
[1743166266689967785] 1
[1743166267686614999] 1
[1743166267686715333] 1
[1743166267686926627] 1
[1743166267687102587] 1
[1743166267687173754] 1
[1743166267687242296] 1
[1743166267687369131] 1
[1743166267690357117] 1
[1743166267690500118] 1
[1743166267691021915] 1
[1743166268688296060] 1
[1743166268688367435] 1
[1743166268688414311] 1
[1743166268688484895] 1
[1743166268688597604] 1
[1743166268688663188] 1
[1743166268688718272] 1
[1743166268691717717] 1
[1743166268691806468] 1
[1743166268692550891] 1
[1743166269694119542] 1
[1743166269694185084] 1
[1743166269694373503] 1
[1743166269694410836] 1
[1743166269694486379] 1
[1743166269694621422] 1
[1743166269694875424] 1
[1743166269694960133] 1
[1743166269694981467] 1
[1743166269695183510] 1
[1743166270696532873] 1
[1743166270696679125] 1
[1743166270696770084] 1
[1743166270696877752] 1
[1743166270703181812] 1
[1743166270703256146] 1
[1743166270703359397] 1
[1743166270703511690] 1
[1743166270704012987] 1
[1743166270704098237] 1
[1743166271694754586] 1
[1743166271694912629] 1
[1743166271695016213] 1
[1743166271695083756] 1
[1743166271701647027] 1
[1743166271701701486] 1
[1743166271701742820] 1
[1743166271701931947] 1
[1743166271702448410] 1
[1743166271702527702] 1
[1743166272698580439] 1
[1743166272698739774] 1
[1743166272698831066] 1
[1743166272698883734] 1
[1743166272699122278] 1
[1743166272702463643] 1
[1743166272702533102] 1
[1743166272702722521] 1
[1743166272702879439] 1
[1743166272703249109] 1
[1743166273677182047] 1
[1743166273685303418] 1
[1743166273685450253] 1
[1743166273685507962] 1
[1743166273685576379] 1
[1743166273686034092] 1
[1743166273686161010] 1
[1743166273690218008] 1
[1743166273690289509] 1
[1743166273694359340] 1
[1743166274691046167] 1
[1743166274691320670] 1
[1743166274691540547] 1
[1743166274691684673] 1
[1743166274691846258] 1
[1743166274693079562] 1
[1743166274693163771] 1
[1743166274693252314] 1
[1743166274693383607] 1
[1743166274693597650] 1
[1743166275697237045] 1
[1743166275697328338] 1
[1743166275697445839] 1
[1743166275697740050] 1
[1743166275697823009] 1
[1743166275697893926] 1
[1743166275697996511] 1
[1743166275698104012] 1
[1743166275698220346] 1
[1743166275698295764] 1
[1743166276697119400] 1
[1743166276701069732] 1
[1743166276701184275] 1
[1743166276701566195] 1
[1743166276701708196] 1
[1743166276701827656] 1
[1743166276701896490] 1
[1743166276702264702] 1
[1743166276702401370] 1
[1743166276702717040] 1
[1743166277696574665] 1
[1743166277696786042] 1
[1743166277700759790] 1
[1743166277701029001] 1
[1743166277701086377] 1
[1743166277701167169] 1
[1743166277701301587] 1
[1743166277701457881] 1
[1743166277701740759] 1
[1743166277706156928] 1
[1743166278679186627] 1
[1743166278679364379] 1
[1743166278679471713] 1
[1743166278679640132] 1
[1743166278700964835] 1
[1743166278701154087] 1
[1743166278701208754] 1
[1743166278705003832] 1
[1743166278709043121] 1
[1743166278709126955] 1
[1743166279675913840] 1
[1743166279675999007] 1
[1743166279676536508] 1
[1743166279676601092] 1
[1743166279676638675] 1
[1743166279676694259] 1
[1743166279676731967] 1
[1743166279680674063] 1
[1743166279680741313] 1
[1743166279692063599] 1
[1743166280675732169] 1
[1743166280675816919] 1
[1743166280675997045] 1
[1743166280676156837] 1
[1743166280676279838] 1
[1743166280676343880] 1
[1743166280676513672] 1
[1743166280679913600] 1
[1743166280680228601] 1
[1743166280680283226] 1
[1743166281676177968] 1
[1743166281676256927] 1
[1743166281676362844] 1
[1743166281676592636] 1
[1743166281676674970] 1
[1743166281676729970] 1
[1743166281676847137] 1
[1743166281679877606] 1
[1743166281679976565] 1
[1743166281680483983] 1
[1743166282675757644] 1
[1743166282675856394] 1
[1743166282676129437] 1
[1743166282676227229] 1
[1743166282682163543] 1
[1743166282682257293] 1
[1743166282682387085] 1
[1743166282682465210] 1
[1743166282683120213] 1
[1743166282683175588] 1
[1743166283678183292] 1
[1743166283678257459] 1
[1743166283678368251] 1
[1743166283678573585] 1
[1743166283684573483] 1
[1743166283684637858] 1
[1743166283684716192] 1
[1743166283684790817] 1
[1743166283685490695] 1
[1743166283685552195] 1
[1743166284679733562] 1
[1743166284679838312] 1
[1743166284679934812] 1
[1743166284680120230] 1
[1743166284686057420] 1
[1743166284686138879] 1
[1743166284686207171] 1
[1743166284686330296] 1
[1743166284686917674] 1
[1743166284687011049] 1
[1743166285689338529] 1
[1743166285689522863] 1
[1743166285690679910] 1
[1743166285690750743] 1
[1743166285690879369] 1
[1743166285690929661] 1
[1743166285691010119] 1
[1743166285691070036] 1
[1743166285691127120] 1
[1743166285691626955] 1
[1743166286688790117] 1
[1743166286689160243] 1
[1743166286689452703] 1
[1743166286689715621] 1
[1743166286689787288] 1
[1743166286690239456] 1
[1743166286690348332] 1
[1743166286690409416] 1
[1743166286690465624] 1
[1743166286690569458] 1
[1743166287688250405] 1
[1743166287688324864] 1
[1743166287688396739] 1
[1743166287688566698] 1
[1743166287688655949] 1
[1743166287688880825] 1
[1743166287695035061] 1
[1743166287695264478] 1
[1743166287695823939] 1
[1743166287695905148] 1
[1743166288731741472] 1
[1743166288731977640] 1
[1743166288732184349] 1
[1743166288732576143] 1
[1743166288732684893] 1
[1743166288732735560] 1
[1743166288732809227] 1
[1743166288732839561] 1
[1743166288733290646] 1
[1743166288733491814] 1
[1743166289709175805] 1
[1743166289709245138] 1
[1743166289709595182] 1
[1743166289709681474] 1
[1743166289709723682] 1
[1743166289709762307] 1
[1743166289709863475] 1
[1743166289709930016] 1
[1743166289710404185] 1
[1743166289710514478] 1
[1743166290737282575] 1
[1743166290737362575] 1
[1743166290738610040] 1
[1743166290738668457] 1
[1743166290738718790] 1
[1743166290745004238] 1
[1743166290745045738] 1
[1743166290745217864] 1
[1743166290745743950] 1
[1743166290745822576] 1
[1743166291746369197] 1
[1743166291746432864] 1
[1743166291746550740] 1
[1743166291746607823] 1
[1743166291746682824] 1
[1743166291746790116] 1
[1743166291746887200] 1
[1743166291747370119] 1
[1743166291747772288] 1
[1743166291747845080] 1
[1743166292743563114] 1
[1743166292743689448] 1
[1743166292743748282] 1
[1743166292743867283] 1
[1743166292750220358] 1
[1743166292750284483] 1
[1743166292750366942] 1
[1743166292750640152] 1
[1743166292751022404] 1
[1743166292751220446] 1
[1743166293739374251] 1
[1743166293739439502] 1
[1743166293739768795] 1
[1743166293739826462] 1
[1743166293739978254] 1
[1743166293740082588] 1
[1743166293740135464] 1
[1743166293740161630] 1
[1743166293740395548] 1
[1743166293740604674] 1
[1743166294757421027] 1
[1743166294757488819] 1
[1743166294757634029] 1
[1743166294757696571] 1
[1743166294757838280] 1
[1743166294757942322] 1
[1743166294758004572] 1
[1743166294758026239] 1
[1743166294758349116] 1
[1743166294758429908] 1
[1743166295754398162] 1
[1743166295754665288] 1
[1743166295754746497] 1
[1743166295754825331] 1
[1743166295755071791] 1
[1743166295755143208] 1
[1743166295755251625] 1
[1743166295758706603] 1
[1743166295758823937] 1
[1743166295759335273] 1
[1743166296755102747] 1
[1743166296755185331] 1
[1743166296755288581] 1
[1743166296755474582] 1
[1743166296761783744] 1
[1743166296761942870] 1
[1743166296762019454] 1
[1743166296762092538] 1
[1743166296762724333] 1
[1743166296762813542] 1
[1743166297756994016] 1
[1743166297757074267] 1
[1743166297757218518] 1
[1743166297757289727] 1
[1743166297766716949] 1
[1743166297766763366] 1
[1743166297766864909] 1
[1743166297767578830] 1
[1743166297767908373] 1
[1743166297768009582] 1
[1743166298752965592] 1
[1743166298753090260] 1
[1743166298753216260] 1
[1743166298753374303] 1
[1743166298759148005] 1
[1743166298759197922] 1
[1743166298759256006] 1
[1743166298759487174] 1
[1743166298760027094] 1
[1743166298760092052] 1
[1743166299768647463] 1
[1743166299768721838] 1
[1743166299768774838] 1
[1743166299768852422] 1
[1743166299768898964] 1
[1743166299774902543] 1
[1743166299774971252] 1
[1743166299775172087] 1
[1743166299775639214] 1
[1743166299775831007] 1
[1743166300769203912] 1
[1743166300769266329] 1
[1743166300770516670] 1
[1743166300770662880] 1
[1743166300770793339] 1
[1743166300770867964] 1
[1743166300770914048] 1
[1743166300771345301] 1
[1743166300771444093] 1
[1743166300771599635] 1
[1743166301746616880] 1
[1743166301746871674] 1
[1743166301746971424] 1
[1743166301747035050] 1
[1743166301747127425] 1
[1743166301749972402] 1
[1743166301750037236] 1
[1743166301750080278] 1
[1743166301750140320] 1
[1743166301750763241] 1
[1743166302772135411] 1
[1743166302772440955] 1
[1743166302772497289] 1
[1743166302772559664] 1
[1743166302772619539] 1
[1743166302772820957] 1
[1743166302772926417] 1
[1743166302776054312] 1
[1743166302776139146] 1
[1743166302776789650] 1
[1743166303775514548] 1
[1743166303775629799] 1
[1743166303775742466] 1
[1743166303775817592] 1
[1743166303775929509] 1
[1743166303776036135] 1
[1743166303776264011] 1
[1743166303779237281] 1
[1743166303779307657] 1
[1743166303779823119] 1
[1743166304779658020] 1
[1743166304779741146] 1
[1743166304779905605] 1
[1743166304780003064] 1
[1743166304780180274] 1
[1743166304780448859] 1
[1743166304780499568] 1
[1743166304783451546] 1
[1743166304783520963] 1
[1743166304784254052] 1
[1743166305787126845] 1
[1743166305787230970] 1
[1743166305788405312] 1
[1743166305788476562] 1
[1743166305788548188] 1
[1743166305795136025] 1
[1743166305795197109] 1
[1743166305795850280] 1
[1743166305795962823] 1
[1743166305796017990] 1
[1743166306790604343] 1
[1743166306790723053] 1
[1743166306790775803] 1
[1743166306790885720] 1
[1743166306791244306] 1
[1743166306791296140] 1
[1743166306791353724] 1
[1743166306794807082] 1
[1743166306794903666] 1
[1743166306795412794] 1
[1743166307789938179] 1
[1743166307790002054] 1
[1743166307790031471] 1
[1743166307790055347] 1
[1743166307790077680] 1
[1743166307793522955] 1
[1743166307793665456] 1
[1743166307793794123] 1
[1743166307794062834] 1
[1743166307794419836] 1
[1743166308797951442] 1
[1743166308798254361] 1
[1743166308798359445] 1
[1743166308798391737] 1
[1743166308798427070] 1
[1743166308798499363] 1
[1743166308798591280] 1
[1743166308799094617] 1
[1743166308799173909] 1
[1743166308799299993] 1
[1743166309791981798] 1
[1743166309792107632] 1
[1743166309792178508] 1
[1743166309792305217] 1
[1743166309798725515] 1
[1743166309798780140] 1
[1743166309798904766] 1
[1743166309799150643] 1
[1743166309799484854] 1
[1743166309799659814] 1
[1743166310798779986] 1
[1743166310799005654] 1
[1743166310800033995] 1
[1743166310800097662] 1
[1743166310800149913] 1
[1743166310806404960] 1
[1743166310806472169] 1
[1743166310806608545] 1
[1743166310807096382] 1
[1743166310807334592] 1
[1743166311807265380] 1
[1743166311807331797] 1
[1743166311807764050] 1
[1743166311807822509] 1
[1743166311808033885] 1
[1743166311811400578] 1
[1743166311811466787] 1
[1743166311811646121] 1
[1743166311811822581] 1
[1743166311812240668] 1
[1743166312792736954] 1
[1743166312792799246] 1
[1743166312792899663] 1
[1743166312792968789] 1
[1743166312793041748] 1
[1743166312793262958] 1
[1743166312793329458] 1
[1743166312793620002] 1
[1743166312793683753] 1
[1743166312793734128] 1
[1743166313804931757] 1
[1743166313805160300] 1
[1743166313805291801] 1
[1743166313805604054] 1
[1743166313815059795] 1
[1743166313815119462] 1
[1743166313815328130] 1
[1743166313815861426] 1
[1743166313816035969] 1
[1743166313816149928] 1
[1743166314817420002] 1
[1743166314817518419] 1
[1743166314817549836] 1
[1743166314817576295] 1
[1743166314817595378] 1
[1743166314817618545] 1
[1743166314817639837] 1
[1743166314818206091] 1
[1743166314818471635] 1
[1743166314818558594] 1
[1743166315816399451] 1
[1743166315817710045] 1
[1743166315817774754] 1
[1743166315817846379] 1
[1743166315817900130] 1
[1743166315817935547] 1
[1743166315818041214] 1
[1743166315821077114] 1
[1743166315821236198] 1
[1743166315821658577] 1
[1743166316814325450] 1
[1743166316814380534] 1
[1743166316814461493] 1
[1743166316814530410] 1
[1743166316824034029] 1
[1743166316824096321] 1
[1743166316824339157] 1
[1743166316824739035] 1
[1743166316824795244] 1
[1743166316824972703] 1
[1743166317825512240] 1
[1743166317825627366] 1
[1743166317825802826] 1
[1743166317825958660] 1
[1743166317826063161] 1
[1743166317826116578] 1
[1743166317826281788] 1
[1743166317829339897] 1
[1743166317829450481] 1
[1743166317830084444] 1
[1743166318814057565] 1
[1743166318814123233] 1
[1743166318814189942] 1
[1743166318814361151] 1
[1743166318814572736] 1
[1743166318814650195] 1
[1743166318814707196] 1
[1743166318817667596] 1
[1743166318817777972] 1
[1743166318818372102] 1
[1743166319828015116] 1
[1743166319828068741] 1
[1743166319828172659] 1
[1743166319828236784] 1
[1743166319828416411] 1
[1743166319828489620] 1
[1743166319828675663] 1
[1743166319831662147] 1
[1743166319831792648] 1
[1743166319832252193] 1
[1743166320835671835] 1
[1743166320836915387] 1
[1743166320836971054] 1
[1743166320837018679] 1
[1743166320837083513] 1
[1743166320837173306] 1
[1743166320837251723] 1
[1743166320840632752] 1
[1743166320840799753] 1
[1743166320841315258] 1
[1743166321823425392] 1
[1743166321823492934] 1
[1743166321823533726] 1
[1743166321823613977] 1
[1743166321823653477] 1
[1743166321826506502] 1
[1743166321826556878] 1
[1743166321826585461] 1
[1743166321826685629] 1
[1743166321827318467] 1
[1743166322837514685] 1
[1743166322837690354] 1
[1743166322837770604] 1
[1743166322837820146] 1
[1743166322837875814] 1
[1743166322838120399] 1
[1743166322838176858] 1
[1743166322841214551] 1
[1743166322841301635] 1
[1743166322841923557] 1
[1743166323821330596] 1
[1743166323821514847] 1
[1743166323821616390] 1
[1743166323821674682] 1
[1743166323821723057] 1
[1743166323821807142] 1
[1743166323821891392] 1
[1743166323824930544] 1
[1743166323825032795] 1
[1743166323825557300] 1
[1743166324835107109] 1
[1743166324835176901] 1
[1743166324835282943] 1
[1743166324835366444] 1
[1743166324835436403] 1
[1743166324835516862] 1
[1743166324835598488] 1
[1743166324838938101] 1
[1743166324839201728] 1
[1743166324839600149] 1
[1743166325826572260] 1
[1743166325826720595] 1
[1743166325826824138] 1
[1743166325826880221] 1
[1743166325826938805] 1
[1743166325827000264] 1
[1743166325827066806] 1
[1743166325829979708] 1
[1743166325830059250] 1
[1743166325830723881] 1
[1743166326845911666] 1
[1743166326845985625] 1
[1743166326846089626] 1
[1743166326846162418] 1
[1743166326846272128] 1
[1743166326846343878] 1
[1743166326846549422] 1
[1743166326849637450] 1
[1743166326849731326] 1
[1743166326850281706] 1
[1743166327849700309] 1
[1743166327849880810] 1
[1743166327849959686] 1
[1743166327850019020] 1
[1743166327850255147] 1
[1743166327850521066] 1
[1743166327850619150] 1
[1743166327853540802] 1
[1743166327853620845] 1
[1743166327854152475] 1
[1743166328854714546] 1
[1743166328854775922] 1
[1743166328854824131] 1
[1743166328854853631] 1
[1743166328854875923] 1
[1743166328854897006] 1
[1743166328854918382] 1
[1743166328855482262] 1
[1743166328855573388] 1
[1743166328855637180] 1
[1743166329850338779] 1
[1743166329850442780] 1
[1743166329850646948] 1
[1743166329850721491] 1
[1743166329850899826] 1
[1743166329851144120] 1
[1743166329851205079] 1
[1743166329854211773] 1
[1743166329854346400] 1
[1743166329854855738] 1
[1743166330858431042] 1
[1743166330858500751] 1
[1743166330858548460] 1
[1743166330858575668] 1
[1743166330858599669] 1
[1743166330858810421] 1
[1743166330858881255] 1
[1743166330861939283] 1
[1743166330862036201] 1
[1743166330862516747] 1
[1743166331857138463] 1
[1743166331857220006] 1
[1743166331857425716] 1
[1743166331857627468] 1
[1743166331857719469] 1
[1743166331857828553] 1
[1743166331857874804] 1
[1743166331861104126] 1
[1743166331861227419] 1
[1743166331861658298] 1
[1743166332861221097] 1
[1743166332861274264] 1
[1743166332861474599] 1
[1743166332861573100] 1
[1743166332861627809] 1
[1743166332861816019] 1
[1743166332861870645] 1
[1743166332865085759] 1
[1743166332865157885] 1
[1743166332865790391] 1
[1743166333859956548] 1
[1743166333869803143] 1
[1743166333869858352] 1
[1743166333870073354] 1
[1743166333870170689] 1
[1743166333870263564] 1
[1743166333870310357] 1
[1743166333870608984] 1
[1743166333870908987] 1
[1743166333870997113] 1
[1743166334867960915] 1
[1743166334868080958] 1
[1743166334868125000] 1
[1743166334868151250] 1
[1743166334874240018] 1
[1743166334874296810] 1
[1743166334874402269] 1
[1743166334874517312] 1
[1743166334875185277] 1
[1743166334875232486] 1
[1743166335870395011] 1
[1743166335870473637] 1
[1743166335870601513] 1
[1743166335870760473] 1
[1743166335870886850] 1
[1743166335871038643] 1
[1743166335871109393] 1
[1743166335874078797] 1
[1743166335874271049] 1
[1743166335874756429] 1
[1743166336877303434] 1
[1743166336877535894] 1
[1743166336878573321] 1
[1743166336878641780] 1
[1743166336878738323] 1
[1743166336878810865] 1
[1743166336878918575] 1
[1743166336881945646] 1
[1743166336882031064] 1
[1743166336882698029] 1
[1743166337878173869] 1
[1743166337878249578] 1
[1743166337878322537] 1
[1743166337878381204] 1
[1743166337878439997] 1
[1743166337878490539] 1
[1743166337878547081] 1
[1743166337881591153] 1
[1743166337881666654] 1
[1743166337882174450] 1
[1743166338882052786] 1
[1743166338882115120] 1
[1743166338882184746] 1
[1743166338882235121] 1
[1743166338882272413] 1
[1743166338882308955] 1
[1743166338882593500] 1
[1743166338885633111] 1
[1743166338885752946] 1
[1743166338886226492] 1
[1743166339884068357] 1
[1743166339884198358] 1
[1743166339884506317] 1
[1743166339884552901] 1
[1743166339884610276] 1
[1743166339884654818] 1
[1743166339884741152] 1
[1743166339887730037] 1
[1743166339887819121] 1
[1743166339888361123] 1
[1743166340886984052] 1
[1743166340887152386] 1
[1743166340887237178] 1
[1743166340887392512] 1
[1743166340887545638] 1
[1743166340887639180] 1
[1743166340887740805] 1
[1743166340892296281] 1
[1743166340892488948] 1
[1743166340892862658] 1
[1743166341892617626] 1
[1743166341892909210] 1
[1743166341894148715] 1
[1743166341894203632] 1
[1743166341894254257] 1
[1743166341894300882] 1
[1743166341894387508] 1
[1743166341894436466] 1
[1743166341894479508] 1
[1743166341894594008] 1
[1743166342885935723] 1
[1743166342886274933] 1
[1743166342886389975] 1
[1743166342886647184] 1
[1743166342895903764] 1
[1743166342895959764] 1
[1743166342896277557] 1
[1743166342896890851] 1
[1743166342896975726] 1
[1743166342897035560] 1
[1743166343890458144] 1
[1743166343890536061] 1
[1743166343890597395] 1
[1743166343890743312] 1
[1743166343890810979] 1
[1743166343890891771] 1
[1743166343891024022] 1
[1743166343895271831] 1
[1743166343895431790] 1
[1743166343895822125] 1
[1743166344894018589] 1
[1743166344894082339] 1
[1743166344894150256] 1
[1743166344894246423] 1
[1743166344894309090] 1
[1743166344894396966] 1
[1743166344894441674] 1
[1743166344897743814] 1
[1743166344897968023] 1
[1743166344898455650] 1
[1743166345881538985] 1
[1743166345881642278] 1
[1743166345881727028] 1
[1743166345881775278] 1
[1743166345887802972] 1
[1743166345887867014] 1
[1743166345887938348] 1
[1743166345888099057] 1
[1743166345888544350] 1
[1743166345888603809] 1
[1743166346904996734] 1
[1743166346905262652] 1
[1743166346905343736] 1
[1743166346905400278] 1
[1743166346905553862] 1
[1743166346905632112] 1
[1743166346905779030] 1
[1743166346908858794] 1
[1743166346908943128] 1
[1743166346909473713] 1
[1743166347910175588] 1
[1743166347910239088] 1
[1743166347910347672] 1
[1743166347910427172] 1
[1743166347910559381] 1
[1743166347910611423] 1
[1743166347910719840] 1
[1743166347911103509] 1
[1743166347911437885] 1
[1743166347911495761] 1
[1743166348887479072] 1
[1743166348887543947] 1
[1743166348887709531] 1
[1743166348887881657] 1
[1743166348887954324] 1
[1743166348887994324] 1
[1743166348888021283] 1
[1743166348892391971] 1
[1743166348892620681] 1
[1743166348893184433] 1
[1743166349903925804] 1
[1743166349904058055] 1
[1743166349904190889] 1
[1743166349904342140] 1
[1743166349904433182] 1
[1743166349904493057] 1
[1743166349904556224] 1
[1743166349907766991] 1
[1743166349907866033] 1
[1743166349908400744] 1
[1743166350910206168] 1
[1743166350910372418] 1
[1743166350910451460] 1
[1743166350910541086] 1
[1743166350910795129] 1
[1743166350910971880] 1
[1743166350911032130] 1
[1743166350914368981] 1
[1743166350914455065] 1
[1743166350915039859] 1
[1743166351915928206] 1
[1743166351916028124] 1
[1743166351917121713] 1
[1743166351917174796] 1
[1743166351923323954] 1
[1743166351923429121] 1
[1743166351923509955] 1
[1743166351923708081] 1
[1743166351924453544] 1
[1743166351924533211] 1
[1743166352917197564] 1
[1743166352917285731] 1
[1743166352917357607] 1
[1743166352917449566] 1
[1743166352917507983] 1
[1743166352917565108] 1
[1743166352917652400] 1
[1743166352920766959] 1
[1743166352920870543] 1
[1743166352921344962] 1
[1743166353916631418] 1
[1743166353916751252] 1
[1743166353916815086] 1
[1743166353916859836] 1
[1743166353916925670] 1
[1743166353916997670] 1
[1743166353917056379] 1
[1743166353920238647] 1
[1743166353920458606] 1
[1743166353920860192] 1
[1743166374046344420] 1
[1743166374046441712] 1
[1743166374046507046] 1
[1743166374046553630] 1
[1743166374046615381] 1
[1743166374046665006] 1
[1743166374120224257] 1
[1743166374123249197] 1
[1743166374128972826] 1
[1743166374129028535] 1
[1743166374129076327] 1
[1743166374129197911] 1
[1743166374129254620] 1
[1743166374129307745] 1
[1743166374158950814] 1
[1743166374159012981] 1
[1743166374159086107] 1
[1743166374159136732] 1
[1743166374159177733] 1
[1743166374159325275] 1
[1743166374159392318] 1
[1743166374159444110] 1
[1743166374194837891] 1
[1743166374198685963] 1
[1743166374202479076] 1
[1743166374202549660] 1
[1743166374202626661] 1
[1743166374202699078] 1
[1743166374202765662] 1
[1743166374202815954] 1
[1743166374202872746] 1
[1743166374202930788] 1
[1743166374202977997] 1
[1743166374203041581] 1
[1743166374203184457] 1
[1743166374245613461] 1
[1743166374245692128] 1
[1743166374245764170] 1
[1743166374245864754] 1
[1743166374245931046] 1
[1743166374246013089] 1
[1743166374246061922] 1
[1743166374246095339] 1
[1743166374246127840] 1
[1743166374246159298] 1
[1743166374246193507] 1
[1743166374246224049] 1
[1743166374254286988] 1
[1743166374257847641] 1
[1743166374261078292] 1
[1743166374261137376] 1
[1743166374261187584] 1
[1743166374261233835] 1
[1743166374261275543] 1
[1743166374261322502] 1
[1743166374261408961] 1
[1743166374261468586] 1
[1743166374261569587] 1
[1743166374261668588] 1
[1743166374261712463] 1
[1743166374261741297] 1
[1743166374262072050] 1
[1743166374262278176] 1
[1743166374262354302] 1
[1743166374262410052] 1
[1743166374262524637] 1
[1743166374262623637] 1
[1743166374262680971] 1
[1743166374262711263] 1
[1743166374262871014] 1
[1743166374262985807] 1
[1743166374263037849] 1
[1743166374263239142] 1
[1743166374263305559] 1
[1743166374263429560] 1
[1743166374263486103] 1
[1743166374263547520] 1
[1743166374270577409] 1
[1743166374270700368] 1
[1743166374270789744] 1
[1743166374271543125] 1
[1743166374271809710] 1
[1743166374849505839] 1
[1743166374911085245] 1
[1743166374911183704] 1
[1743166374926164448] 1
[1743166374926313074] 1
[1743166374926474700] 1
[1743166374926569909] 1
[1743166374938988008] 1
[1743166374956707357] 1
[1743166374956817233] 1
[1743166374957129319] 1
[1743166374957147360] 1
[1743166374957190986] 1
[1743166374957202944] 1
[1743166374957213236] 1
[1743166374957224028] 1
[1743166374957235444] 1
[1743166374957607072] 1
[1743166374968753744] 1
[1743166374968818203] 1
[1743166374968878370] 1
[1743166374968928746] 1
[1743166374969031205] 1
[1743166374969089872] 1
[1743166374972158313] 1
[1743166374972218938] 1
[1743166374972274856] 1
[1743166374972809860] 1
[1743166375064661886] 1
[1743166375064839680] 1
[1743166375064995264] 1
[1743166375065182766] 1
[1743166375065278975] 1
[1743166375065372642] 1
[1743166375065559144] 1
[1743166375065894563] 1
[1743166375081469396] 1
[1743166375081579856] 1
[1743166375081700648] 1
[1743166375081909067] 1
[1743166375082010067] 1
[1743166375082298945] 1
[1743166375082853949] 1
[1743166375082968033] 1
[1743166375083060409] 1
[1743166375083163452] 1
[1743166375083235286] 1
[1743166375260656544] 1
[1743166376114596664] 1
[1743166376114716748] 1
[1743166376114803332] 1
[1743166376114874499] 1
[1743166376136647635] 1
[1743166376136707177] 1
[1743166376136760427] 1
[1743166376136824928] 1
[1743166376136962596] 1
[1743166376137459141] 1
[1743166376137512142] 1
[1743166376137614976] 1
[1743166376137750519] 1
[1743166376137847436] 1
[1743166376137919145] 1
[1743166376141547049] 1
[1743166376145048370] 1
[1743166376149040735] 1
[1743166376149096569] 1
[1743166376149152611] 1
[1743166376149252362] 1
[1743166376149300446] 1
[1743166376149352405] 1
[1743166376149422322] 1
[1743166376149456572] 1
[1743166376149486114] 1
[1743166376149590490] 1
[1743166376150591831] 1
[1743166376150769166] 1
[1743166376150901959] 1
[1743166377087805244] 1
[1743166377087884287] 1
[1743166377088036788] 1
[1743166377088116872] 1
[1743166377088165039] 1
[1743166377088232331] 1
[1743166377088271332] 1
[1743166377142372984] 1
[1743166377142438235] 1
[1743166377142493027] 1
[1743166377142598778] 1
[1743166377142688154] 1
[1743166377142834530] 1
[1743166377142927364] 1
[1743166377142982489] 1
[1743166377143065823] 1
[1743166377143190074] 1
[1743166377143659953] 1
[1743166377143800454] 1
[1743166377153368116] 1
[1743166377153444825] 1
[1743166377153542618] 1
[1743166377153582951] 1
[1743166377153617493] 1
[1743166377153710202] 1
[1743166377153856579] 1
[1743166377154228623] 1
[1743166377154680044] 1
[1743166377154796545] 1
[1743166377154851503] 1
[1743166378047767008] 1
[1743166378047932343] 1
[1743166378048028010] 1
[1743166378057227837] 1
[1743166378057353046] 1
[1743166378078089218] 1
[1743166378078162927] 1
[1743166378078252803] 1
[1743166378078383304] 1
[1743166378078434554] 1
[1743166378108417720] 1
[1743166378108670972] 1
[1743166378108933808] 1
[1743166378108988641] 1
[1743166378109064392] 1
[1743166378109291394] 1
[1743166378109371353] 1
[1743166378109748439] 1
[1743166378109803523] 1
[1743166378109856649] 1
