[1743165186820143492] 1
[1743165186820547605] 1
[1743165186823504904] 1
[1743165186823588827] 1
[1743165186823720420] 1
[1743165186823963396] 1
[1743165186824136950] 1
[1743165186824195704] 1
[1743165186839883306] 1
[1743165186840077445] 1
[1743165186840183328] 1
[1743165186840252625] 1
[1743165186840300420] 1
[1743165186840363633] 1
[1743165186840414220] 1
[1743165186844576440] 1
[1743165186844633736] 1
[1743165186844689323] 1
[1743165186844736785] 1
[1743165187694802538] 1
[1743165187695346077] 1
[1743165187695421708] 1
[1743165187821119400] 1
[1743165187821251118] 1
[1743165187821413754] 1
[1743165187821514303] 1
[1743165187821598726] 1
[1743165187821653605] 1
[1743165187821701359] 1
[1743165187821753154] 1
[1743165187836077525] 1
[1743165187836132904] 1
[1743165187836194242] 1
[1743165187836239704] 1
[1743165187836478263] 1
[1743165187839068992] 1
[1743165187839300717] 1
[1743165187839346679] 1
[1743165187839371806] 1
[1743165188698475761] 1
[1743165188699385452] 1
[1743165188699439914] 1
[1743165188817379743] 1
[1743165188817624677] 1
[1743165188817691848] 1
[1743165188817753686] 1
[1743165188817984453] 1
[1743165188818052999] 1
[1743165188818117296] 1
[1743165188833654790] 1
[1743165188833710127] 1
[1743165188833753547] 1
[1743165188833838137] 1
[1743165188833911475] 1
[1743165188833952811] 1
[1743165188837678455] 1
[1743165188837759419] 1
[1743165188837822048] 1
[1743165189702053464] 1
[1743165189704475762] 1
[1743165189704560935] 1
[1743165189838288969] 1
[1743165189838490942] 1
[1743165189838630244] 1
[1743165189838715291] 1
[1743165189840700809] 1
[1743165189840742103] 1
[1743165189843926831] 1
[1743165189843965584] 1
[1743165189844003670] 1
[1743165189844082676] 1
[1743165189844123179] 1
[1743165189844145430] 1
[1743165189844170974] 1
[1743165189844578336] 1
[1743165189844615547] 1
[1743165189844665092] 1
[1743165189844707720] 1
[1743165190708504323] 1
[1743165190709297588] 1
[1743165190709726785] 1
[1743165190827391328] 1
[1743165190827610802] 1
[1743165190827733061] 1
[1743165190827787523] 1
[1743165190827846444] 1
[1743165190830913954] 1
[1743165190830957290] 1
[1743165190843799454] 1
[1743165190843883419] 1
[1743165190843923380] 1
[1743165190844122061] 1
[1743165190844169772] 1
[1743165190844197108] 1
[1743165190848143930] 1
[1743165190848219686] 1
[1743165190848284315] 1
[1743165191711809249] 1
[1743165191713067629] 1
[1743165191713399903] 1
[1743165191845885613] 1
[1743165191848935538] 1
[1743165191848977874] 1
[1743165191849044045] 1
[1743165191849101508] 1
[1743165191849138635] 1
[1743165191849355442] 1
[1743165191849436156] 1
[1743165191856400399] 1
[1743165191856451278] 1
[1743165191856489572] 1
[1743165191856535200] 1
[1743165191856575412] 1
[1743165191856642333] 1
[1743165191856891809] 1
[1743165191857532604] 1
[1743165191860429559] 1
[1743165192715663637] 1
[1743165192716256804] 1
[1743165192716321850] 1
[1743165192852060235] 1
[1743165192852163034] 1
[1743165192852308295] 1
[1743165192852360965] 1
[1743165192852808830] 1
[1743165192852850541] 1
[1743165192856390249] 1
[1743165192856723105] 1
[1743165192856768483] 1
[1743165192856808111] 1
[1743165192856875241] 1
[1743165192856935829] 1
[1743165192857006125] 1
[1743165192857103840] 1
[1743165192857149177] 1
[1743165192857460241] 1
[1743165192857515286] 1
[1743165193719486369] 1
[1743165193720383098] 1
[1743165193720476188] 1
[1743165193840265820] 1
[1743165193840451458] 1
[1743165193840504045] 1
[1743165193840664557] 1
[1743165193840741145] 1
[1743165193841297684] 1
[1743165193841394566] 1
[1743165193852909205] 1
[1743165193852963251] 1
[1743165193853062049] 1
[1743165193853140180] 1
[1743165193853375529] 1
[1743165193853421866] 1
[1743165193858810493] 1
[1743165193858875789] 1
[1743165193859052677] 1
[1743165194730370320] 1
[1743165194731206670] 1
[1743165194731814712] 1
[1743165194855199506] 1
[1743165194855377893] 1
[1743165194855461691] 1
[1743165194855593408] 1
[1743165194855721459] 1
[1743165194855782213] 1
[1743165194855870886] 1
[1743165194867628662] 1
[1743165194867711835] 1
[1743165194867750629] 1
[1743165194867883388] 1
[1743165194867953852] 1
[1743165194868008606] 1
[1743165194868640066] 1
[1743165194871881542] 1
[1743165194872039219] 1
[1743165194872099682] 1
[1743165195743078918] 1
[1743165195743690126] 1
[1743165195793120130] 1
[1743165195793439736] 1
[1743165195793491322] 1
[1743165195793559577] 1
[1743165195793614206] 1
[1743165195793691586] 1
[1743165195793845472] 1
[1743165195805494070] 1
[1743165195805576367] 1
[1743165195805708751] 1
[1743165195805748337] 1
[1743165195805773839] 1
[1743165195805838969] 1
[1743165195808113543] 1
[1743165195808173213] 1
[1743165195808276387] 1
[1743165195808334141] 1
[1743165196746947390] 1
[1743165196748355445] 1
[1743165196879605935] 1
[1743165196879775989] 1
[1743165196879969210] 1
[1743165196880038632] 1
[1743165196880107178] 1
[1743165196880163974] 1
[1743165196880303067] 1
[1743165196880384531] 1
[1743165196895876013] 1
[1743165196895939101] 1
[1743165196895978729] 1
[1743165196896058317] 1
[1743165196896167825] 1
[1743165196896227704] 1
[1743165196898944683] 1
[1743165196899037481] 1
[1743165196899126112] 1
[1743165196899186324] 1
[1743165197751149506] 1
[1743165197751745714] 1
[1743165197751817843] 1
[1743165197873049516] 1
[1743165197873203901] 1
[1743165197873269406] 1
[1743165197873380080] 1
[1743165197873579677] 1
[1743165197876427205] 1
[1743165197876490043] 1
[1743165197889375175] 1
[1743165197889429928] 1
[1743165197889939755] 1
[1743165197889993342] 1
[1743165197890042595] 1
[1743165197890134768] 1
[1743165197893072386] 1
[1743165197893122056] 1
[1743165197893196519] 1
[1743165198753754224] 1
[1743165198754609490] 1
[1743165198754667953] 1
[1743165198887506870] 1
[1743165198887669131] 1
[1743165198887772388] 1
[1743165198887846018] 1
[1743165198887915856] 1
[1743165198888010404] 1
[1743165198888053532] 1
[1743165198888107036] 1
[1743165198898045879] 1
[1743165198898106508] 1
[1743165198898148719] 1
[1743165198898182555] 1
[1743165198898210140] 1
[1743165198898234809] 1
[1743165198898910646] 1
[1743165198902067486] 1
[1743165198902111281] 1
[1743165199756640886] 1
[1743165199757094667] 1
[1743165199757173005] 1
[1743165199894672482] 1
[1743165199895117804] 1
[1743165199895200976] 1
[1743165199895268522] 1
[1743165199895474036] 1
[1743165199895544082] 1
[1743165199898977232] 1
[1743165199899050736] 1
[1743165199899077030] 1
[1743165199899158410] 1
[1743165199899227707] 1
[1743165199899260167] 1
[1743165199899297462] 1
[1743165199899596732] 1
[1743165199899732616] 1
[1743165199899837456] 1
[1743165199899887043] 1
[1743165200760049806] 1
[1743165200761037830] 1
[1743165200893951699] 1
[1743165200894068124] 1
[1743165200897414516] 1
[1743165200897458852] 1
[1743165200897495729] 1
[1743165200897599903] 1
[1743165200897847920] 1
[1743165200897899340] 1
[1743165200903618642] 1
[1743165200903663145] 1
[1743165200903703731] 1
[1743165200903795445] 1
[1743165200903845615] 1
[1743165200903906870] 1
[1743165200903956290] 1
[1743165200904529203] 1
[1743165200908434216] 1
[1743165201763911942] 1
[1743165201764529775] 1
[1743165201766640083] 1
[1743165201895135526] 1
[1743165201895398668] 1
[1743165201895472715] 1
[1743165201895542886] 1
[1743165201895691521] 1
[1743165201895741275] 1
[1743165201895773235] 1
[1743165201895846365] 1
[1743165201909717711] 1
[1743165201909846178] 1
[1743165201909909807] 1
[1743165201909976145] 1
[1743165201910200869] 1
[1743165201912853296] 1
[1743165201912910592] 1
[1743165201913055810] 1
[1743165201913130565] 1
[1743165202769827866] 1
[1743165202770851142] 1
[1743165202770924980] 1
[1743165202896548104] 1
[1743165202896644735] 1
[1743165202896965881] 1
[1743165202897062263] 1
[1743165202897512710] 1
[1743165202897559838] 1
[1743165202897603424] 1
[1743165202909509968] 1
[1743165202909570722] 1
[1743165202909684021] 1
[1743165202909746567] 1
[1743165202909848032] 1
[1743165202909958456] 1
[1743165202910799095] 1
[1743165202913851632] 1
[1743165202913930762] 1
[1743165203773832858] 1
[1743165203774518278] 1
[1743165203774578741] 1
[1743165203908394364] 1
[1743165203908493579] 1
[1743165203908536582] 1
[1743165203910963451] 1
[1743165203911008538] 1
[1743165203911067416] 1
[1743165203913836767] 1
[1743165203913879395] 1
[1743165203913914272] 1
[1743165203913966775] 1
[1743165203913996902] 1
[1743165203914025946] 1
[1743165203914078866] 1
[1743165203914422931] 1
[1743165203914847792] 1
[1743165203914900712] 1
[1743165203915009803] 1
[1743165204776662248] 1
[1743165204776745587] 1
[1743165204776792465] 1
[1743165204866233834] 1
[1743165204866348300] 1
[1743165204866428264] 1
[1743165204866651778] 1
[1743165204866895086] 1
[1743165204866942464] 1
[1743165204867086806] 1
[1743165204867269277] 1
[1743165204867321613] 1
[1743165204867356532] 1
[1743165204867471540] 1
[1743165204867828313] 1
[1743165204867867857] 1
[1743165204867920277] 1
[1743165204868212463] 1
[1743165204868276301] 1
[1743165204868330554] 1
[1743165205777210886] 1
[1743165205777325264] 1
[1743165205777333139] 1
[1743165205777353348] 1
[1743165205777376307] 1
[1743165205777404725] 1
[1743165205777415309] 1
[1743165205777420309] 1
[1743165205777427184] 1
[1743165205777433601] 1
[1743165205777443476] 1
[1743165205777451268] 1
[1743165205777461643] 1
[1743165205777470685] 1
[1743165205777478060] 1
[1743165205777489727] 1
[1743165205777497353] 1
[1743165205777505603] 1
[1743165205777512895] 1
[1743165206930092150] 1
[1743165206930263280] 1
[1743165206930343241] 1
[1743165206930858257] 1
[1743165206930956426] 1
[1743165206931218059] 1
[1743165206931267811] 1
[1743165206931308270] 1
[1743165206931349813] 1
[1743165206931485776] 1
[1743165206943832815] 1
[1743165206943895817] 1
[1743165206943945777] 1
[1743165206943994695] 1
[1743165206944085031] 1
[1743165206944143158] 1
[1743165206944405249] 1
[1743165206944996184] 1
[1743165206948208031] 1
[1743165206948268699] 1
[1743165207782392097] 1
[1743165207782808443] 1
[1743165207782859403] 1
[1743165207908301593] 1
[1743165207908442514] 1
[1743165207911575276] 1
[1743165207911643195] 1
[1743165207911727697] 1
[1743165207911794825] 1
[1743165207911888369] 1
[1743165207922131181] 1
[1743165207922180682] 1
[1743165207922248434] 1
[1743165207922296019] 1
[1743165207922369396] 1
[1743165207922522192] 1
[1743165207923186088] 1
[1743165207926373018] 1
[1743165207926492522] 1
[1743165208784958422] 1
[1743165208785693862] 1
[1743165208785767156] 1
[1743165208898734824] 1
[1743165208898903454] 1
[1743165208898962581] 1
[1743165208899061000] 1
[1743165208899249131] 1
[1743165208899330092] 1
[1743165208899402094] 1
[1743165208914612602] 1
[1743165208914671103] 1
[1743165208914733355] 1
[1743165208915059615] 1
[1743165208915110450] 1
[1743165208915167369] 1
[1743165208918648267] 1
[1743165208918734311] 1
[1743165208918815647] 1
[1743165208918863107] 1
[1743165209788252857] 1
[1743165209788730705] 1
[1743165209900039762] 1
[1743165209900147849] 1
[1743165209900188350] 1
[1743165209900404898] 1
[1743165209900478150] 1
[1743165209900521818] 1
[1743165209900595862] 1
[1743165209900671281] 1
[1743165209900853745] 1
[1743165209900896705] 1
[1743165209900924081] 1
[1743165209900976082] 1
[1743165209904104221] 1
[1743165209904175556] 1
[1743165209904262434] 1
[1743165209904371604] 1
[1743165209907393780] 1
[1743165210791828341] 1
[1743165210792421151] 1
[1743165210792487986] 1
[1743165210925426780] 1
[1743165210925589951] 1
[1743165210925673329] 1
[1743165210925766498] 1
[1743165210925826042] 1
[1743165210925867293] 1
[1743165210926077133] 1
[1743165210926202345] 1
[1743165210940508581] 1
[1743165210940561791] 1
[1743165210940631460] 1
[1743165210940704254] 1
[1743165210940768381] 1
[1743165210940814257] 1
[1743165210943546175] 1
[1743165210943616678] 1
[1743165210943759890] 1
[1743165211800177637] 1
[1743165211800949120] 1
[1743165211801249587] 1
[1743165211923530616] 1
[1743165211923604869] 1
[1743165211923643578] 1
[1743165211923689955] 1
[1743165211923727623] 1
[1743165211923777999] 1
[1743165211923811333] 1
[1743165211935930087] 1
[1743165211936023882] 1
[1743165211936113260] 1
[1743165211936152719] 1
[1743165211936206804] 1
[1743165211936404144] 1
[1743165211936968828] 1
[1743165211940275431] 1
[1743165211940320433] 1
[1743165212803562356] 1
[1743165212803842032] 1
[1743165212803972744] 1
[1743165212903213198] 1
[1743165212903392912] 1
[1743165212903471748] 1
[1743165212903520208] 1
[1743165212903556126] 1
[1743165212903608002] 1
[1743165212903672963] 1
[1743165212918406968] 1
[1743165212918451719] 1
[1743165212918479470] 1
[1743165212918508054] 1
[1743165212918551639] 1
[1743165212919227827] 1
[1743165212922158836] 1
[1743165212922217338] 1
[1743165212922251880] 1
[1743165212922297173] 1
[1743165213806794936] 1
[1743165213807799051] 1
[1743165213946207556] 1
[1743165213946327934] 1
[1743165213946405937] 1
[1743165213946777115] 1
[1743165213946823033] 1
[1743165213946866076] 1
[1743165213946911036] 1
[1743165213950910163] 1
[1743165213950950789] 1
[1743165213950977290] 1
[1743165213951001666] 1
[1743165213951034958] 1
[1743165213951058709] 1
[1743165213951084418] 1
[1743165213951259549] 1
[1743165213951353677] 1
[1743165213951738106] 1
[1743165213952293623] 1
[1743165214811193165] 1
[1743165214813645659] 1
[1743165214939118987] 1
[1743165214939247200] 1
[1743165214939338244] 1
[1743165214942636724] 1
[1743165214942707810] 1
[1743165214942755103] 1
[1743165214942885815] 1
[1743165214953961835] 1
[1743165214954283262] 1
[1743165214954331055] 1
[1743165214954371098] 1
[1743165214954408224] 1
[1743165214954440016] 1
[1743165214955036160] 1
[1743165214959238294] 1
[1743165214959297421] 1
[1743165214959340256] 1
[1743165215815775258] 1
[1743165215815854094] 1
[1743165215815865345] 1
[1743165215815872553] 1
[1743165215815879470] 1
[1743165215815885137] 1
[1743165215815890971] 1
[1743165215815916763] 1
[1743165215815928638] 1
[1743165215815936972] 1
[1743165215815946097] 1
[1743165215815956348] 1
[1743165215815971056] 1
[1743165215815977973] 1
[1743165215815987224] 1
[1743165215816021350] 1
[1743165215816036642] 1
[1743165215816043434] 1
[1743165215816050017] 1
[1743165215825964626] 1
[1743165216940984011] 1
[1743165216941121766] 1
[1743165216942335555] 1
[1743165216942380598] 1
[1743165216945113311] 1
[1743165216945142978] 1
[1743165216945200605] 1
[1743165216945555992] 1
[1743165216945601910] 1
[1743165216958236859] 1
[1743165216958337237] 1
[1743165216958428406] 1
[1743165216958471324] 1
[1743165216958500034] 1
[1743165216958526035] 1
[1743165216959119595] 1
[1743165216962033939] 1
[1743165216962076399] 1
[1743165216962162527] 1
[1743165217824348827] 1
[1743165217824990514] 1
[1743165217825155394] 1
[1743165217956186765] 1
[1743165217956329852] 1
[1743165217958486464] 1
[1743165217958621593] 1
[1743165217958672845] 1
[1743165217958710430] 1
[1743165217961455560] 1
[1743165217961532771] 1
[1743165217961575689] 1
[1743165217961609357] 1
[1743165217961706485] 1
[1743165217961754487] 1
[1743165217961793321] 1
[1743165217962105540] 1
[1743165217962162166] 1
[1743165217962225460] 1
[1743165217962654849] 1
[1743165218827690940] 1
[1743165218828192790] 1
[1743165218828297377] 1
[1743165218958015395] 1
[1743165218958133523] 1
[1743165218958194734] 1
[1743165218958275570] 1
[1743165218958327738] 1
[1743165218958416199] 1
[1743165218958470909] 1
[1743165218958594247] 1
[1743165218972575619] 1
[1743165218972623079] 1
[1743165218972651746] 1
[1743165218972688206] 1
[1743165218972759375] 1
[1743165218973431897] 1
[1743165218974474181] 1
[1743165218974870610] 1
[1743165218974949196] 1
[1743165219831348620] 1
[1743165219832257608] 1
[1743165219956211877] 1
[1743165219956386049] 1
[1743165219956461969] 1
[1743165219956511595] 1
[1743165219956556638] 1
[1743165219956585139] 1
[1743165219956621224] 1
[1743165219968037514] 1
[1743165219968117600] 1
[1743165219968160435] 1
[1743165219968188144] 1
[1743165219968211895] 1
[1743165219968250396] 1
[1743165219968859375] 1
[1743165219972108606] 1
[1743165219972208026] 1
[1743165219972297446] 1
[1743165220834486752] 1
[1743165220835174275] 1
[1743165220835294237] 1
[1743165220971761940] 1
[1743165220971936446] 1
[1743165220972024990] 1
[1743165220972131327] 1
[1743165220974402318] 1
[1743165220974449362] 1
[1743165220977336207] 1
[1743165220977374458] 1
[1743165220977397875] 1
[1743165220977420043] 1
[1743165220977453336] 1
[1743165220977502087] 1
[1743165220977532922] 1
[1743165220977619841] 1
[1743165220977691968] 1
[1743165220977761929] 1
[1743165220977815556] 1
[1743165221838366959] 1
[1743165221839773338] 1
[1743165221840075598] 1
[1743165221960530545] 1
[1743165221960641798] 1
[1743165221960685466] 1
[1743165221960767803] 1
[1743165221960850930] 1
[1743165221964218250] 1
[1743165221964304170] 1
[1743165221976823376] 1
[1743165221976896003] 1
[1743165221976927504] 1
[1743165221976999298] 1
[1743165221977032424] 1
[1743165221977643361] 1
[1743165221980743631] 1
[1743165221980808466] 1
[1743165221981007473] 1
[1743165222847411009] 1
[1743165222848166368] 1
[1743165222848240620] 1
[1743165222982077074] 1
[1743165222982222662] 1
[1743165222982293039] 1
[1743165222982344124] 1
[1743165222984404693] 1
[1743165222984443486] 1
[1743165222988015021] 1
[1743165222988071357] 1
[1743165222988115817] 1
[1743165222988162693] 1
[1743165222988190027] 1
[1743165222988265321] 1
[1743165222988299906] 1
[1743165222988570165] 1
[1743165222988731754] 1
[1743165222988828924] 1
[1743165222988933802] 1
[1743165223849909721] 1
[1743165223850575076] 1
[1743165223850825001] 1
[1743165223958441101] 1
[1743165223958734152] 1
[1743165223958794779] 1
[1743165223958880115] 1
[1743165223970618008] 1
[1743165223970694802] 1
[1743165223970783430] 1
[1743165223970839390] 1
[1743165223970871850] 1
[1743165223970899559] 1
[1743165223970939894] 1
[1743165223970987770] 1
[1743165223976860758] 1
[1743165223976942511] 1
[1743165223976990096] 1
[1743165223977099683] 1
[1743165223977691286] 1
[1743165224853892524] 1
[1743165224854809638] 1
[1743165224980493945] 1
[1743165224980666785] 1
[1743165224980753204] 1
[1743165224980809831] 1
[1743165224980846207] 1
[1743165224980927418] 1
[1743165224981039839] 1
[1743165224992444055] 1
[1743165224992499891] 1
[1743165224992557684] 1
[1743165224992618770] 1
[1743165224992861736] 1
[1743165224992924030] 1
[1743165224995032017] 1
[1743165224995238524] 1
[1743165224995303110] 1
[1743165224995332194] 1
[1743165225857640399] 1
[1743165225857831781] 1
[1743165225857861199] 1
[1743165225857881824] 1
[1743165225857932951] 1
[1743165225857946785] 1
[1743165225857971619] 1
[1743165225857996328] 1
[1743165225858008620] 1
[1743165225858016204] 1
[1743165225858034621] 1
[1743165225858046705] 1
[1743165225858055497] 1
[1743165225858064372] 1
[1743165225858078039] 1
[1743165225858095373] 1
[1743165225858107082] 1
[1743165225858119249] 1
[1743165225873965409] 1
[1743165225874623181] 1
[1743165226993710469] 1
[1743165226996868910] 1
[1743165226996924286] 1
[1743165226996967996] 1
[1743165226997030665] 1
[1743165226997116793] 1
[1743165226997188212] 1
[1743165226997283340] 1
[1743165227013078211] 1
[1743165227013153256] 1
[1743165227013214758] 1
[1743165227013264676] 1
[1743165227013341554] 1
[1743165227013394931] 1
[1743165227013438765] 1
[1743165227014170582] 1
[1743165227017029096] 1
[1743165227017076723] 1
[1743165227017247479] 1
[1743165227860791861] 1
[1743165227861281461] 1
[1743165227866052415] 1
[1743165227997349392] 1
[1743165227997483229] 1
[1743165227997576899] 1
[1743165227997627234] 1
[1743165227997793573] 1
[1743165227998112001] 1
[1743165228001220107] 1
[1743165228001282734] 1
[1743165228001420655] 1
[1743165228001526909] 1
[1743165228001564327] 1
[1743165228001615370] 1
[1743165228001651830] 1
[1743165228001876963] 1
[1743165228002087136] 1
[1743165228002509859] 1
[1743165228002565695] 1
[1743165228869127413] 1
[1743165228869754934] 1
[1743165229000746254] 1
[1743165229000976387] 1
[1743165229004277583] 1
[1743165229004338544] 1
[1743165229004453381] 1
[1743165229004583969] 1
[1743165229004675930] 1
[1743165229004725640] 1
[1743165229013939582] 1
[1743165229013994668] 1
[1743165229014089463] 1
[1743165229014141923] 1
[1743165229014324762] 1
[1743165229014370722] 1
[1743165229014815404] 1
[1743165229018821709] 1
[1743165229019083843] 1
[1743165229871920096] 1
[1743165229872592911] 1
[1743165229872648996] 1
[1743165229985014070] 1
[1743165229985194035] 1
[1743165229985273496] 1
[1743165229985380166] 1
[1743165229985466211] 1
[1743165229985601007] 1
[1743165229985637716] 1
[1743165229985677634] 1
[1743165229994389017] 1
[1743165229994447019] 1
[1743165229994719987] 1
[1743165229994817157] 1
[1743165229994858867] 1
[1743165229995493972] 1
[1743165229996225081] 1
[1743165229996352377] 1
[1743165229996449172] 1
[1743165240004155703] 1
[1743165240004426171] 1
[1743165240010853819] 1
[1743165240023318642] 1
[1743165240023528691] 1
[1743165240024166297] 1
[1743165240046051125] 1
[1743165240046214756] 1
[1743165240046326968] 1
[1743165240046902739] 1
[1743165240079979052] 1
[1743165240080066097] 1
[1743165240080259646] 1
[1743165240083461344] 1
[1743165240110372353] 1
[1743165240114118696] 1
[1743165240117019508] 1
[1743165240117147096] 1
[1743165240138358067] 1
[1743165240138542948] 1
[1743165240139056842] 1
[1743165240175404731] 1
[1743165240178463258] 1
[1743165240178559844] 1
[1743165240179166533] 1
[1743165240209566667] 1
[1743165240209703630] 1
[1743165240209777299] 1
[1743165240213065293] 1
[1743165240216884555] 1
[1743165240234131216] 1
[1743165240234249095] 1
[1743165240234850200] 1
[1743165240270876786] 1
[1743165240271190464] 1
[1743165240271301343] 1
[1743165240300526727] 1
[1743165240300752276] 1
[1743165240303751051] 1
[1743165240304334489] 1
[1743165240335623113] 1
[1743165240335779577] 1
[1743165240335894456] 1
[1743165240339089737] 1
[1743165240368070654] 1
[1743165240371021468] 1
[1743165240371081720] 1
[1743165240371428858] 1
[1743165240394068879] 1
[1743165240394223093] 1
[1743165240394916993] 1
[1743165240431818194] 1
[1743165240432009368] 1
[1743165240432145747] 1
[1743165240435457700] 1
[1743165240469159994] 1
[1743165240472265564] 1
[1743165240472600118] 1
[1743165240472784999] 1
[1743165240472981923] 1
[1743165240491138659] 1
[1743165240491261288] 1
[1743165240491461879] 1
[1743165240525752861] 1
[1743165240525992828] 1
[1743165240526097290] 1
[1743165240554392556] 1
[1743165240554508311] 1
[1743165240555142875] 1
[1743165240596931710] 1
[1743165240597108675] 1
[1743165240597331849] 1
[1743165240600868143] 1
[1743165240601503458] 1
[1743165240624581328] 1
[1743165240624758543] 1
[1743165240625250019] 1
[1743165240628549929] 1
[1743165240654418567] 1
[1743165240654583615] 1
[1743165240655196803] 1
[1743165240686459802] 1
[1743165240686584931] 1
[1743165240686764813] 1
[1743165240722733188] 1
[1743165240722975947] 1
[1743165240723129994] 1
[1743165240723185830] 1
[1743165240755288233] 1
[1743165240755456781] 1
[1743165240755641037] 1
[1743165240755719082] 1
[1743165240756048177] 1
[1743165240782415708] 1
[1743165240782530462] 1
[1743165240782655925] 1
[1743165240812264864] 1
[1743165240812396577] 1
[1743165240812708004] 1
[1743165240844463270] 1
[1743165240844569108] 1
[1743165240847449461] 1
[1743165240848004981] 1
[1743165240883961940] 1
[1743165240884198365] 1
[1743165240884266992] 1
[1743165240884349787] 1
[1743165240887537193] 1
[1743165240902011546] 1
[1743165240902640152] 1
[1743165240934857768] 1
[1743165240934951688] 1
[1743165240934968939] 1
[1743165240935008732] 1
[1743165240935037566] 1
[1743165240935056525] 1
[1743165240935074359] 1
[1743165240935095694] 1
[1743165240935111027] 1
[1743165240935122111] 1
[1743165240935136070] 1
[1743165240935152362] 1
[1743165240935173363] 1
[1743165240935193739] 1
[1743165240935210406] 1
[1743165240935223365] 1
[1743165240935236907] 1
[1743165240935249616] 1
[1743165240935266408] 1
[1743165240945969918] 1
[1743165240946222718] 1
[1743165240946298638] 1
[1743165240949934685] 1
[1743165240950470954] 1
[1743165240982025713] 1
[1743165240982140884] 1
[1743165240982282639] 1
[1743165240982339474] 1
[1743165240985460003] 1
[1743165240995902795] 1
[1743165241065989655] 1
[1743165241095366922] 1
[1743165241126643508] 1
[1743165241159833705] 1
[1743165241228824443] 1
[1743165241289147909] 1
[1743165241318456966] 1
[1743165241360481523] 1
[1743165241360763325] 1
[1743165241360862620] 1
[1743165241365932053] 1
[1743165241366202479] 1
[1743165241379557211] 1
[1743165241410804879] 1
[1743165241484135690] 1
[1743165241544949133] 1
[1743165241573749296] 1
[1743165241620449272] 1
[1743165241620640862] 1
[1743165241620723240] 1
[1743165241620817868] 1
[1743165241621240134] 1
[1743165241637139165] 1
[1743165241668465336] 1
[1743165241736585251] 1
[1743165241801169413] 1
[1743165241837275256] 1
[1743165241878154855] 1
[1743165241881138046] 1
[1743165241881237800] 1
[1743165241881387972] 1
[1743165241883407795] 1
[1743165241891232410] 1
[1743165241924682491] 1
[1743165241936678549] 1
[1743165241936745510] 1
[1743165241936755968] 1
[1743165241936763635] 1
[1743165241936771802] 1
[1743165241936783511] 1
[1743165241936792136] 1
[1743165241936800720] 1
[1743165241936808929] 1
[1743165241936870681] 1
[1743165241936891098] 1
[1743165241936903890] 1
[1743165241936915141] 1
[1743165241936938892] 1
[1743165241936954725] 1
[1743165241936965309] 1
[1743165241936973351] 1
[1743165241936979768] 1
[1743165241936996060] 1
[1743165241937005144] 1
[1743165242164219065] 1
[1743165242164629913] 1
[1743165242164883881] 1
[1743165242164948883] 1
[1743165242165052262] 1
[1743165242423410068] 1
[1743165242423643410] 1
[1743165242423703412] 1
[1743165242423958505] 1
[1743165242424233139] 1
[1743165242682652031] 1
[1743165242682860205] 1
[1743165242683019169] 1
[1743165242683102714] 1
[1743165242689911544] 1
[1743165242936142078] 1
[1743165242936255040] 1
[1743165242936674388] 1
[1743165242936716807] 1
[1743165242936772767] 1
[1743165242937028401] 1
[1743165242937037277] 1
[1743165242937042943] 1
[1743165242937061236] 1
[1743165242937072986] 1
[1743165242937086487] 1
[1743165242937109238] 1
[1743165242937115988] 1
[1743165242937121113] 1
[1743165242937126738] 1
[1743165242937133822] 1
[1743165242937140947] 1
[1743165242937151281] 1
[1743165242937171573] 1
[1743165242937186824] 1
[1743165242937195366] 1
[1743165242937204574] 1
[1743165242937211408] 1
[1743165242937268785] 1
[1743165242943673725] 1
[1743165243194542867] 1
[1743165243194890088] 1
[1743165243194946632] 1
[1743165243195007467] 1
[1743165243195054011] 1
[1743165243447718225] 1
[1743165243447874022] 1
[1743165243447942983] 1
[1743165243447988901] 1
[1743165243448024528] 1
[1743165243703483302] 1
[1743165243703600306] 1
[1743165243703729019] 1
[1743165243703857940] 1
[1743165243703964111] 1
[1743165243945695553] 1
[1743165243945791932] 1
[1743165243945826100] 1
[1743165243945833892] 1
[1743165243945842434] 1
[1743165243945849892] 1
[1743165243945857268] 1
[1743165243945864601] 1
[1743165243945874018] 1
[1743165243945909853] 1
[1743165243945921395] 1
[1743165243945927103] 1
[1743165243945932562] 1
[1743165243945942312] 1
[1743165243945949146] 1
[1743165243958306845] 1
[1743165243958428057] 1
[1743165243958532353] 1
[1743165243958598897] 1
[1743165243964325980] 1
[1743165243964368356] 1
[1743165243964415066] 1
[1743165243968027572] 1
[1743165243968085158] 1
[1743165244190827517] 1
[1743165244948219146] 1
[1743165244948764416] 1
[1743165244948857044] 1
[1743165244948987383] 1
[1743165244949041968] 1
[1743165245065804229] 1
[1743165245066042029] 1
[1743165245066186201] 1
[1743165245066347040] 1
[1743165245066457336] 1
[1743165245066582257] 1
[1743165245066801807] 1
[1743165245079851200] 1
[1743165245079912952] 1
[1743165245080025332] 1
[1743165245080075083] 1
[1743165245080240839] 1
[1743165245082527381] 1
[1743165245082618593] 1
[1743165245082706221] 1
[1743165245950874447] 1
[1743165245951087454] 1
[1743165245951211876] 1
[1743165245951240085] 1
[1743165245951257294] 1
[1743165245951340880] 1
[1743165245951373215] 1
[1743165245951396966] 1
[1743165245951421008] 1
[1743165245951465885] 1
[1743165245951545138] 1
[1743165245951578431] 1
[1743165245951598056] 1
[1743165245951618891] 1
[1743165245951646392] 1
[1743165245951678934] 1
[1743165245997032550] 1
[1743165245997264725] 1
[1743165245997344061] 1
[1743165245997591362] 1
[1743165246954728659] 1
[1743165247085679552] 1
[1743165247085824307] 1
[1743165247085876767] 1
[1743165247088692954] 1
[1743165247088752540] 1
[1743165247088797958] 1
[1743165247089036925] 1
[1743165247089144263] 1
[1743165247101031741] 1
[1743165247101094869] 1
[1743165247101143496] 1
[1743165247101197164] 1
[1743165247101259125] 1
[1743165247101483883] 1
[1743165247102069696] 1
[1743165247105294065] 1
[1743165247105361651] 1
[1743165247105402361] 1
[1743165247957740997] 1
[1743165247958411313] 1
[1743165247958597320] 1
[1743165248088775617] 1
[1743165248088898788] 1
[1743165248088934873] 1
[1743165248088968707] 1
[1743165248088999417] 1
[1743165248089108879] 1
[1743165248089141589] 1
[1743165248089171048] 1
[1743165248101703635] 1
[1743165248101760388] 1
[1743165248101801806] 1
[1743165248101831890] 1
[1743165248101864641] 1
[1743165248102600544] 1
[1743165248102651004] 1
[1743165248103357696] 1
[1743165248103557370] 1
[1743165248960913580] 1
[1743165248961589855] 1
[1743165248961933243] 1
[1743165249082942924] 1
[1743165249083098471] 1
[1743165249083202225] 1
[1743165249086021788] 1
[1743165249086072581] 1
[1743165249086133292] 1
[1743165249097749097] 1
[1743165249097792098] 1
[1743165249097830183] 1
[1743165249097882726] 1
[1743165249098070400] 1
[1743165249098129944] 1
[1743165249098184654] 1
[1743165249100959674] 1
[1743165249100998050] 1
[1743165249101987378] 1
[1743165249964683548] 1
[1743165249966315983] 1
[1743165249966415195] 1
[1743165250100153737] 1
[1743165250100275492] 1
[1743165250100375037] 1
[1743165250102450573] 1
[1743165250102829920] 1
[1743165250102887547] 1
[1743165250105874200] 1
[1743165250105910576] 1
[1743165250105954119] 1
[1743165250106031122] 1
[1743165250106326425] 1
[1743165250106367635] 1
[1743165250106403344] 1
[1743165250106713814] 1
[1743165250106801401] 1
[1743165250106877612] 1
[1743165250106977616] 1
[1743165250970008976] 1
[1743165250970545579] 1
[1743165250971069515] 1
[1743165251103287307] 1
[1743165251103517482] 1
[1743165251103676947] 1
[1743165251103735740] 1
[1743165251103777034] 1
[1743165251104009542] 1
[1743165251106854648] 1
[1743165251106898150] 1
[1743165251106926984] 1
[1743165251107260913] 1
[1743165251107296665] 1
[1743165251107321416] 1
[1743165251107374959] 1
[1743165251107504297] 1
[1743165251107549466] 1
[1743165251107601093] 1
[1743165251107853269] 1
[1743165251974324975] 1
[1743165251974838036] 1
[1743165252106527823] 1
[1743165252106625743] 1
[1743165252106803208] 1
[1743165252107095969] 1
[1743165252107160055] 1
[1743165252107353645] 1
[1743165252107424106] 1
[1743165252107476441] 1
[1743165252117562485] 1
[1743165252117638571] 1
[1743165252117761909] 1
[1743165252117889580] 1
[1743165252117972875] 1
[1743165252118039419] 1
[1743165252118134339] 1
[1743165252121681055] 1
[1743165252121778684] 1
[1743165252977501456] 1
[1743165252978255734] 1
[1743165252978541411] 1
[1743165253098271848] 1
[1743165253098460355] 1
[1743165253098604611] 1
[1743165253098744866] 1
[1743165253098881996] 1
[1743165253099217842] 1
[1743165253099320387] 1
[1743165253099386807] 1
[1743165253113611422] 1
[1743165253113775928] 1
[1743165253114024771] 1
[1743165253114068148] 1
[1743165253114131275] 1
[1743165253114687713] 1
[1743165253115615706] 1
[1743165253115774170] 1
[1743165253115876132] 1
[1743165253982171723] 1
[1743165253983069882] 1
[1743165254117736309] 1
[1743165254117873481] 1
[1743165254118015611] 1
[1743165254118157700] 1
[1743165254120905886] 1
[1743165254120977847] 1
[1743165254121040474] 1
[1743165254121092601] 1
[1743165254121133936] 1
[1743165254127396755] 1
[1743165254127467132] 1
[1743165254127538510] 1
[1743165254127670807] 1
[1743165254127726225] 1
[1743165254127785394] 1
[1743165254127824437] 1
[1743165254131486950] 1
[1743165254985917351] 1
[1743165254986479872] 1
[1743165254986544542] 1
[1743165255109536835] 1
[1743165255109671631] 1
[1743165255110224944] 1
[1743165255110277446] 1
[1743165255110369241] 1
[1743165255110551998] 1
[1743165255110605750] 1
[1743165255110736921] 1
[1743165255126068707] 1
[1743165255126110667] 1
[1743165255126138751] 1
[1743165255126169169] 1
[1743165255126207962] 1
[1743165255126943865] 1
[1743165255127869983] 1
[1743165255128054240] 1
[1743165255128121451] 1
[1743165255993615230] 1
[1743165255994014787] 1
[1743165255994166918] 1
[1743165255994578308] 1
[1743165255994636102] 1
[1743165255994712188] 1
[1743165255998664087] 1
[1743165255998803717] 1
[1743165255998834552] 1
[1743165255998866053] 1
[1743165255998897304] 1
[1743165255998935180] 1
[1743165255998968848] 1
[1743165255999020309] 1
[1743165255999056852] 1
[1743165256044162095] 1
[1743165256044452314] 1
[1743165256050023816] 1
[1743165256050873723] 1
[1743165257003597214] 1
[1743165257140510810] 1
[1743165257143300540] 1
[1743165257143336250] 1
[1743165257143370710] 1
[1743165257143405211] 1
[1743165257143438546] 1
[1743165257143582884] 1
[1743165257143882354] 1
[1743165257143922522] 1
[1743165257156425579] 1
[1743165257156494665] 1
[1743165257156655421] 1
[1743165257156724423] 1
[1743165257156774175] 1
[1743165257156825969] 1
[1743165257157465660] 1
[1743165257160549443] 1
[1743165257160631488] 1
[1743165257160694323] 1
[1743165258006801583] 1
[1743165258007278476] 1
[1743165258007356062] 1
[1743165258143888866] 1
[1743165258143998036] 1
[1743165258144079581] 1
[1743165258144183918] 1
[1743165258144524348] 1
[1743165258144592601] 1
[1743165258147586006] 1
[1743165258147746095] 1
[1743165258148059315] 1
[1743165258148101150] 1
[1743165258148139444] 1
[1743165258148206571] 1
[1743165258148242531] 1
[1743165258148627295] 1
[1743165258148688339] 1
[1743165258148731924] 1
[1743165258148802010] 1
[1743165259009549615] 1
[1743165259010133638] 1
[1743165259130685346] 1
[1743165259131010192] 1
[1743165259131076778] 1
[1743165259131154989] 1
[1743165259131223575] 1
[1743165259131513045] 1
[1743165259131553171] 1
[1743165259143070817] 1
[1743165259143133486] 1
[1743165259143182572] 1
[1743165259143463082] 1
[1743165259143514168] 1
[1743165259143552711] 1
[1743165259145976845] 1
[1743165259146170644] 1
[1743165259146277356] 1
[1743165259146443612] 1
[1743165260012089861] 1
[1743165260012581505] 1
[1743165260012906017] 1
[1743165260143502287] 1
[1743165260143763963] 1
[1743165260144062266] 1
[1743165260144121394] 1
[1743165260144227439] 1
[1743165260144291108] 1
[1743165260144335985] 1
[1743165260144360153] 1
[1743165260144413155] 1
[1743165260144446781] 1
[1743165260144480991] 1
[1743165260144523367] 1
[1743165260144573453] 1
[1743165260145234811] 1
[1743165260145399151] 1
[1743165260145481237] 1
[1743165260145795207] 1
[1743165261015372021] 1
[1743165290194887956] 1
[1743165290195102459] 1
[1743165290195419631] 1
[1743165290228725221] 1
[1743165290228860224] 1
[1743165290229022684] 1
[1743165290231989480] 1
[1743165290327606437] 1
[1743165290332243382] 1
[1743165290332300716] 1
[1743165290332343967] 1
[1743165290332555429] 1
[1743165290332655389] 1
[1743165290332701514] 1
[1743165290350319241] 1
[1743165290350390784] 1
[1743165290350433576] 1
[1743165290350483869] 1
[1743165290350663121] 1
[1743165290360451812] 1
[1743165290360549480] 1
[1743165290384391969] 1
[1743165290410796038] 1
[1743165290410922081] 1
[1743165290411098167] 1
[1743165290411187919] 1
[1743165290411229044] 1
[1743165290428066842] 1
[1743165290428145469] 1
[1743165290428305138] 1
[1743165290428375472] 1
[1743165290434498565] 1
[1743165290447011756] 1
[1743165290447137841] 1
[1743165290447210926] 1
[1743165290447714725] 1
[1743165290456921491] 1
[1743165290457039576] 1
[1743165290457192120] 1
[1743165290457240079] 1
[1743165290458712643] 1
[1743165290459609073] 1
[1743165290459681158] 1
[1743165290459751700] 1
[1743165290459793326] 1
[1743165290462439533] 1
[1743165290462503867] 1
[1743165290462561910] 1
[1743165290488198259] 1
[1743165290488399679] 1
[1743165290488464179] 1
[1743165290488574681] 1
[1743165290522299653] 1
[1743165290528613416] 1
[1743165290576390519] 1
[1743165290576608439] 1
[1743165290576665524] 1
[1743165290576716149] 1
[1743165290576775025] 1
[1743165290576829109] 1
[1743165290577022821] 1
[1743165290596532160] 1
[1743165290596665412] 1
[1743165290596839373] 1
[1743165290596907707] 1
[1743165290596959708] 1
[1743165290597011584] 1
[1743165290603812187] 1
[1743165290619070253] 1
[1743165290637317906] 1
[1743165290637441616] 1
[1743165290637541535] 1
[1743165290637594869] 1
[1743165290637643078] 1
[1743165290644517933] 1
[1743165290644576600] 1
[1743165290644608976] 1
[1743165290645224360] 1
[1743165290662566041] 1
[1743165290665714756] 1
[1743165290667993415] 1
[1743165290684913215] 1
[1743165290685190844] 1
[1743165290688222682] 1
[1743165290688315767] 1
[1743165290688399060] 1
[1743165290693388302] 1
[1743165290702709153] 1
[1743165290703155284] 1
[1743165290742704929] 1
[1743165290743086893] 1
[1743165290743312396] 1
[1743165290774791834] 1
[1743165290777069244] 1
[1743165290832305502] 1
[1743165290832500464] 1
[1743165290832551673] 1
[1743165290832592924] 1
[1743165290832785593] 1
[1743165290832879178] 1
[1743165290842764579] 1
[1743165290842858622] 1
[1743165290842931664] 1
[1743165290843132084] 1
[1743165290852732605] 1
[1743165290852813565] 1
[1743165290875242948] 1
[1743165290875301658] 1
[1743165290875422451] 1
[1743165290888372274] 1
[1743165290888467983] 1
[1743165290888533651] 1
[1743165290888634361] 1
[1743165290888675278] 1
[1743165290898156631] 1
[1743165290898201007] 1
[1743165290898254632] 1
[1743165290898289175] 1
[1743165290904519853] 1
[1743165290919901087] 1
[1743165290931757101] 1
[1743165290935989832] 1
[1743165290936082459] 1
[1743165290936268212] 1
[1743165290943317111] 1
[1743165290943435696] 1
[1743165290951918367] 1
[1743165290952465959] 1
[1743165290996745342] 1
[1743165290996923178] 1
[1743165290996993179] 1
[1743165290997062513] 1
[1743165291001067074] 1
[1743165291079402882] 1
[1743165291079596968] 1
[1743165291079868431] 1
[1743165291079995433] 1
[1743165291080132060] 1
[1743165291082305386] 1
[1743165291090170550] 1
[1743165291123973079] 1
[1743165291124265667] 1
[1743165291124363336] 1
[1743165291124481754] 1
[1743165291124584381] 1
[1743165291124811093] 1
[1743165291124883344] 1
[1743165291124918594] 1
[1743165291137265788] 1
[1743165291137740878] 1
[1743165291137847797] 1
[1743165291137878297] 1
[1743165291146378389] 1
[1743165291149782108] 1
[1743165291149836609] 1
[1743165291149881485] 1
[1743165291162049509] 1
[1743165291165021139] 1
[1743165291173144932] 1
[1743165291176115396] 1
[1743165291176244106] 1
[1743165291185725463] 1
[1743165291185831923] 1
[1743165291188780969] 1
[1743165291189449646] 1
[1743165291208203106] 1
[1743165291325394066] 1
[1743165291325770863] 1
[1743165291325823322] 1
[1743165291326194161] 1
[1743165291332073420] 1
[1743165291332117546] 1
[1743165291332160588] 1
[1743165291332260965] 1
[1743165291332308590] 1
[1743165291332427092] 1
[1743165291332480385] 1
[1743165291332555219] 1
[1743165291333985575] 1
[1743165291369921763] 1
[1743165291395475829] 1
[1743165291460573056] 1
[1743165291460647724] 1
[1743165291460678850] 1
[1743165291460714934] 1
[1743165291460744976] 1
[1743165291460774101] 1
[1743165291460802435] 1
[1743165291460829519] 1
[1743165291460858103] 1
[1743165291461745450] 1
[1743165291461854785] 1
[1743165291461889952] 1
[1743165291461922578] 1
[1743165291461953745] 1
[1743165291461997829] 1
[1743165291462035163] 1
[1743165291462070705] 1
[1743165291462146664] 1
[1743165291465767804] 1
[1743165291472752372] 1
[1743165291473276672] 1
[1743165291567928987] 1
[1743165291568191116] 1
[1743165291568269742] 1
[1743165291568344993] 1
[1743165291577552304] 1
[1743165291580352681] 1
[1743165291580394224] 1
[1743165291580840147] 1
[1743165291584314243] 1
[1743165291584417578] 1
[1743165291584487704] 1
[1743165291622450132] 1
[1743165291690680950] 1
[1743165291718194380] 1
[1743165291821588082] 1
[1743165291821866587] 1
[1743165291821956630] 1
[1743165291822019464] 1
[1743165291831193024] 1
[1743165291831242608] 1
[1743165291831670323] 1
[1743165291831742658] 1
[1743165291838031298] 1
[1743165291838095049] 1
[1743165291839365860] 1
[1743165291878650017] 1
[1743165291946280451] 1
[1743165291973923133] 1
[1743165292099988436] 1
[1743165292100158481] 1
[1743165292100230815] 1
[1743165292100642989] 1
[1743165292100689739] 1
[1743165292103808414] 1
[1743165292103867415] 1
[1743165292103906791] 1
[1743165292103958417] 1
[1743165292104252922] 1
[1743165292104414674] 1
[1743165292104549510] 1
[1743165292105832239] 1
[1743165292134305613] 1
[1743165292349580987] 1
[1743165292349828866] 1
[1743165292349882491] 1
[1743165292361917226] 1
[1743165292361973227] 1
[1743165292362043395] 1
[1743165292362546403] 1
[1743165292363096787] 1
[1743165292363323166] 1
[1743165292363536002] 1
[1743165292464245411] 1
[1743165292464418372] 1
[1743165292464530041] 1
[1743165292465848604] 1
[1743165292465883479] 1
[1743165292465913980] 1
[1743165292465943355] 1
[1743165292465974856] 1
[1743165292466004856] 1
[1743165292466087733] 1
[1743165292466127483] 1
[1743165292466159609] 1
[1743165292466188859] 1
[1743165292466219818] 1
[1743165292466250152] 1
[1743165292466281111] 1
[1743165292466309945] 1
[1743165292481518022] 1
[1743165292489195437] 1
[1743165292587505974] 1
[1743165292587712519] 1
[1743165292588001524] 1
[1743165292597116504] 1
[1743165292597365799] 1
[1743165292597562886] 1
[1743165292600733812] 1
[1743165292600776104] 1
[1743165292600838230] 1
[1743165292878393896] 1
[1743165292878807194] 1
[1743165292887673420] 1
[1743165292887771588] 1
[1743165292887940591] 1
[1743165292888084343] 1
[1743165292890445131] 1
[1743165292890691468] 1
[1743165292890897930] 1
[1743165292891083433] 1
[1743165293124654607] 1
[1743165293124820443] 1
[1743165293124865068] 1
[1743165293125317826] 1
[1743165293128259249] 1
[1743165293128402502] 1
[1743165293128468669] 1
[1743165293128545004] 1
[1743165293128587130] 1
[1743165293128628505] 1
[1743165293387560559] 1
[1743165293387938982] 1
[1743165293396174201] 1
[1743165293396234119] 1
[1743165293396323995] 1
[1743165293396517082] 1
[1743165293399316961] 1
[1743165293399528215] 1
[1743165293399601049] 1
[1743165293399673092] 1
[1743165293469801163] 1
[1743165293470171961] 1
[1743165293470242462] 1
[1743165293470310338] 1
[1743165293470370631] 1
[1743165293470429798] 1
[1743165293470494049] 1
[1743165293470528133] 1
[1743165293470606135] 1
[1743165293470636385] 1
[1743165293470669886] 1
[1743165293470698511] 1
[1743165293470728762] 1
[1743165293470756637] 1
[1743165293470784554] 1
[1743165293470811763] 1
[1743165293471580192] 1
[1743165293473694435] 1
[1743165293473786312] 1
[1743165293484835994] 1
[1743165293629089993] 1
[1743165293629477500] 1
[1743165293629613127] 1
[1743165293639122617] 1
[1743165293639173618] 1
[1743165293639532540] 1
[1743165293639566166] 1
[1743165293640377888] 1
[1743165293640960105] 1
[1743165293641122566] 1
[1743165293907327240] 1
[1743165293907630037] 1
[1743165293916287013] 1
[1743165293916348639] 1
[1743165293916408431] 1
[1743165293916464432] 1
[1743165293917118693] 1
[1743165293917235653] 1
[1743165293920106909] 1
[1743165293920156910] 1
[1743165294143225511] 1
[1743165294143545933] 1
[1743165294147252620] 1
[1743165294152991217] 1
[1743165294153207137] 1
[1743165294153429058] 1
[1743165294153618978] 1
[1743165294156061935] 1
[1743165294156319190] 1
[1743165294156460317] 1
[1743165294405574349] 1
[1743165294405749352] 1
[1743165294406019649] 1
[1743165294408251020] 1
[1743165294408423522] 1
[1743165294408599025] 1
[1743165294408726444] 1
[1743165294475896785] 1
[1743165294476064579] 1
[1743165294476101288] 1
[1743165294476133580] 1
[1743165294476217623] 1
[1743165294476246749] 1
[1743165294476274708] 1
[1743165294476312250] 1
[1743165294476340709] 1
[1743165294476365543] 1
[1743165294476387376] 1
[1743165294476408793] 1
[1743165294476437794] 1
[1743165294477229349] 1
[1743165294477359893] 1
[1743165294477390310] 1
[1743165294477416269] 1
[1743165294477446061] 1
[1743165294477523770] 1
[1743165294489527889] 1
[1743165294632043250] 1
[1743165294635338347] 1
[1743165294638331023] 1
[1743165294638510151] 1
[1743165294639294789] 1
[1743165294912392725] 1
[1743165294912690022] 1
[1743165294912881234] 1
[1743165294924960021] 1
[1743165294925191316] 1
[1743165295154245776] 1
[1743165295154553198] 1
[1743165295154891829] 1
[1743165295158025675] 1
[1743165295158499100] 1
[1743165295425451703] 1
[1743165295425861752] 1
[1743165295431548392] 1
[1743165295431914023] 1
[1743165295432603951] 1
[1743165295478129861] 1
[1743165295478332948] 1
[1743165295478915292] 1
[1743165295478978418] 1
[1743165295479002835] 1
[1743165295479023419] 1
[1743165295479043961] 1
[1743165295479080419] 1
[1743165295479105753] 1
[1743165295479132462] 1
[1743165295479160338] 1
[1743165295479190546] 1
[1743165295479218714] 1
[1743165295479246672] 1
[1743165295479273214] 1
[1743165295479301757] 1
[1743165295479330049] 1
[1743165295479362383] 1
[1743165295479386800] 1
[1743165295491166920] 1
[1743165295662822338] 1
[1743165295663061467] 1
[1743165295663185636] 1
[1743165295663292054] 1
[1743165295666330357] 1
[1743165295667505752] 1
[1743165295949479198] 1
[1743165295949642409] 1
[1743165295949698368] 1
[1743165295951099559] 1
[1743165295954412324] 1
[1743165295954474451] 1
[1743165295954698246] 1
[1743165295954793289] 1
[1743165295954880916] 1
[1743165295955843933] 1
[1743165296206854005] 1
[1743165296207478057] 1
[1743165296220587455] 1
[1743165296220659331] 1
[1743165296220752791] 1
[1743165296220963503] 1
[1743165296221825935] 1
[1743165296223322753] 1
[1743165296223596716] 1
[1743165296223657926] 1
[1743165296450625718] 1
[1743165296450930599] 1
[1743165296464236833] 1
[1743165296464665341] 1
[1743165296464740925] 1
[1743165296464824718] 1
[1743165296465664567] 1
[1743165296465762110] 1
[1743165296465811819] 1
[1743165296466255244] 1
[1743165296480125363] 1
[1743165296480228948] 1
[1743165296480321450] 1
[1743165296480426577] 1
[1743165296480452911] 1
[1743165296480474828] 1
[1743165296480495828] 1
[1743165296480517078] 1
[1743165296480537412] 1
[1743165296480558829] 1
[1743165296481281759] 1
[1743165296481328176] 1
[1743165296481353176] 1
[1743165296481375927] 1
[1743165296481402636] 1
[1743165296481440553] 1
[1743165296481462678] 1
[1743165296481489971] 1
[1743165296481513638] 1
[1743165296494062609] 1
[1743165296702330613] 1
[1743165296702661077] 1
[1743165296703205129] 1
[1743165296714585079] 1
[1743165296714651955] 1
[1743165296714709915] 1
[1743165296715982396] 1
[1743165296716672533] 1
[1743165296716930454] 1
[1743165296717080873] 1
[1743165296978856321] 1
[1743165296979046407] 1
[1743165296982181879] 1
[1743165296985004596] 1
[1743165296985061638] 1
[1743165296985127681] 1
[1743165296985232975] 1
[1743165296985416728] 1
[1743165296985524272] 1
[1743165296989389840] 1
[1743165297225639837] 1
[1743165297225734464] 1
[1743165297226058386] 1
[1743165297226469769] 1
[1743165297226544728] 1
[1743165297229552366] 1
[1743165297229630659] 1
[1743165297229677285] 1
[1743165297229803829] 1
[1743165297230098584] 1
[1743165297483815902] 1
[1743165297483897778] 1
[1743165297483919820] 1
[1743165297484265826] 1
[1743165297484290702] 1
[1743165297484307327] 1
[1743165297484323619] 1
[1743165297484343911] 1
[1743165297484362120] 1
[1743165297484398787] 1
[1743165297484414829] 1
[1743165297484431038] 1
[1743165297484512331] 1
[1743165297484529539] 1
[1743165297488187939] 1
[1743165297488242856] 1
[1743165297488284607] 1
[1743165297488339316] 1
[1743165297488412193] 1
[1743165297488690114] 1
[1743165297488746574] 1
[1743165297488792699] 1
[1743165297488832533] 1
[1743165297491671626] 1
[1743165297491710794] 1
[1743165297491964215] 1
[1743165297492859148] 1
[1743165297494494510] 1
[1743165297494584012] 1
[1743165297742029342] 1
[1743165297742548601] 1
[1743165297742718896] 1
[1743165297742868649] 1
[1743165297742952150] 1
[1743165297745811285] 1
[1743165297745858744] 1
[1743165297745913203] 1
[1743165297745973830] 1
[1743165297746501422] 1
[1743165297996548549] 1
[1743165297997171685] 1
[1743165297997315979] 1
[1743165297997376689] 1
[1743165297997429231] 1
[1743165298000271283] 1
[1743165298000313408] 1
[1743165298000360493] 1
[1743165298000442202] 1
[1743165298000694124] 1
[1743165298235881068] 1
[1743165298236035196] 1
[1743165298236083905] 1
[1743165298236143073] 1
[1743165298236199074] 1
[1743165298245392910] 1
[1743165298245489370] 1
[1743165298245595497] 1
[1743165298245632289] 1
[1743165298245699290] 1
[1743165298490088072] 1
[1743165298490205741] 1
[1743165298490225658] 1
[1743165298490301576] 1
[1743165298490341910] 1
[1743165298490360869] 1
[1743165298490378953] 1
[1743165298490394328] 1
[1743165298490408453] 1
[1743165298490423287] 1
[1743165298490436370] 1
[1743165298490455079] 1
[1743165298490494246] 1
[1743165298490512747] 1
[1743165298490537414] 1
[1743165298491242260] 1
[1743165298491308303] 1
[1743165298491404346] 1
[1743165298494544737] 1
[1743165298494613905] 1
[1743165298494659198] 1
[1743165298494779033] 1
[1743165298495024538] 1
[1743165298495812094] 1
[1743165298496898739] 1
[1743165298745659518] 1
[1743165298745800479] 1
[1743165298745863272] 1
[1743165298749787302] 1
[1743165298749847970] 1
[1743165299010245423] 1
[1743165299010406051] 1
[1743165299010482802] 1
[1743165299010543262] 1
[1743165299010659431] 1
[1743165299245310953] 1
[1743165299245845421] 1
[1743165299245923131] 1
[1743165299248920854] 1
[1743165299249023064] 1
[1743165299501404418] 1
[1743165299501527129] 1
[1743165299501544504] 1
[1743165299501560588] 1
[1743165299501577963] 1
[1743165299501593380] 1
[1743165299501625172] 1
[1743165299501641798] 1
[1743165299501657923] 1
[1743165299501673173] 1
[1743165299501691007] 1
[1743165299501704841] 1
[1743165299501718341] 1
[1743165299501734966] 1
[1743165299501749050] 1
[1743165299526036130] 1
[1743165299526173882] 1
[1743165299526248675] 1
[1743165299526295010] 1
[1743165299526427137] 1
[1743165299533040761] 1
[1743165299533086387] 1
[1743165299533738566] 1
[1743165299536759414] 1
[1743165299536819624] 1
[1743165299760675985] 1
[1743165299760834280] 1
[1743165299760887989] 1
[1743165299760972782] 1
[1743165299761021908] 1
[1743165300055348025] 1
[1743165300055464777] 1
[1743165300055524695] 1
[1743165300055726074] 1
[1743165300055848576] 1
[1743165300269276277] 1
[1743165300269532198] 1
[1743165300269605616] 1
[1743165300269760078] 1
[1743165300270046708] 1
[1743165300518327575] 1
[1743165300518416493] 1
[1743165300518434910] 1
[1743165300518453119] 1
[1743165300518466286] 1
[1743165300518482661] 1
[1743165300518498036] 1
[1743165300518512162] 1
[1743165300518527204] 1
[1743165300518541162] 1
[1743165300518556663] 1
[1743165300518587621] 1
[1743165300518613039] 1
[1743165300518674831] 1
[1743165300518702707] 1
[1743165300546104147] 1
[1743165300546372985] 1
[1743165300546427736] 1
[1743165300546564989] 1
[1743165300546795535] 1
[1743165300555680372] 1
[1743165300555733581] 1
[1743165300556422386] 1
[1743165300557353278] 1
[1743165300557410113] 1
[1743165300784507825] 1
[1743165300784739871] 1
[1743165300784817414] 1
[1743165300784884249] 1
[1743165300784969542] 1
[1743165301046018667] 1
[1743165301046172628] 1
[1743165301046266922] 1
[1743165301046359132] 1
[1743165301046503010] 1
[1743165301313867752] 1
[1743165301313959087] 1
[1743165301313995879] 1
[1743165301314121257] 1
[1743165301314174300] 1
[1743165301532117706] 1
[1743165301532208374] 1
[1743165301532222666] 1
[1743165301532235583] 1
[1743165301532248458] 1
[1743165301532261208] 1
[1743165301532279334] 1
[1743165301532292542] 1
[1743165301532306918] 1
[1743165301532320293] 1
[1743165301532345460] 1
[1743165301532362544] 1
[1743165301532380711] 1
[1743165301532397753] 1
[1743165301532410420] 1
[1743165301532422961] 1
[1743165301556132131] 1
[1743165301556321843] 1
[1743165301556396219] 1
[1743165301556451554] 1
[1743165301562403461] 1
[1743165301562470629] 1
[1743165301562539922] 1
[1743165301566373080] 1
[1743165301566427748] 1
[1743165301823288328] 1
[1743165301826393346] 1
[1743165301826432347] 1
[1743165301826473514] 1
[1743165301826520807] 1
[1743165302068225697] 1
[1743165302068345908] 1
[1743165302068471869] 1
[1743165302068659164] 1
[1743165302076391484] 1
[1743165302342425209] 1
[1743165302342720507] 1
[1743165302342775466] 1
[1743165302342820342] 1
[1743165302342894135] 1
[1743165302544177246] 1
[1743165302544290248] 1
[1743165302544305206] 1
[1743165302544317123] 1
[1743165302544329249] 1
[1743165302544340290] 1
[1743165302544355582] 1
[1743165302544369958] 1
[1743165302544385583] 1
[1743165302544406292] 1
[1743165302544424209] 1
[1743165302544441751] 1
[1743165302544459501] 1
[1743165302544476751] 1
[1743165302544493793] 1
[1743165302544511752] 1
[1743165302596204776] 1
[1743165302596385446] 1
[1743165302596449364] 1
[1743165302596507865] 1
[1743165302597090293] 1
[1743165302597147503] 1
[1743165302597995061] 1
[1743165302598057479] 1
[1743165302598473821] 1
[1743165302849728004] 1
[1743165302852779689] 1
[1743165302852831023] 1
[1743165302852930525] 1
[1743165302853101195] 1
[1743165303096674632] 1
[1743165303097100933] 1
[1743165303097154725] 1
[1743165303097203810] 1
[1743165303097378022] 1
[1743165303354366156] 1
[1743165303354581535] 1
[1743165303354704746] 1
[1743165303354806873] 1
[1743165303354909542] 1
[1743165303546496901] 1
[1743165303546674571] 1
[1743165303546712072] 1
[1743165303546740073] 1
[1743165303546774740] 1
[1743165303547999390] 1
[1743165303548033140] 1
[1743165303548061724] 1
[1743165303548088308] 1
[1743165303548155434] 1
[1743165303548181810] 1
[1743165303548204269] 1
[1743165303548227311] 1
[1743165303548248061] 1
[1743165303548271687] 1
[1743165303548306729] 1
[1743165303615188910] 1
[1743165303615923799] 1
[1743165303616002593] 1
[1743165303616045469] 1
[1743165303618932485] 1
[1743165303618972861] 1
[1743165303619014528] 1
[1743165303619802211] 1
[1743165303620030674] 1
[1743165303863521995] 1
[1743165303866599974] 1
[1743165303866645558] 1
[1743165303866687892] 1
[1743165303866796686] 1
[1743165304123472312] 1
[1743165304123753526] 1
[1743165304123845111] 1
[1743165304123900988] 1
[1743165304126841923] 1
[1743165304375479348] 1
[1743165304375680852] 1
[1743165304375755270] 1
[1743165304378595620] 1
[1743165304378676372] 1
[1743165304550537933] 1
[1743165304550707186] 1
[1743165304550735770] 1
[1743165304550756979] 1
[1743165304550775980] 1
[1743165304550796855] 1
[1743165304550845231] 1
[1743165304550888815] 1
[1743165304550908024] 1
[1743165304550926816] 1
[1743165304550947983] 1
[1743165304550963608] 1
[1743165304550980484] 1
[1743165304550994859] 1
[1743165304551010859] 1
[1743165304551034110] 1
[1743165304612957836] 1
[1743165304613265676] 1
[1743165304613373386] 1
[1743165304616232820] 1
[1743165304616272612] 1
[1743165304616313655] 1
[1743165304616361198] 1
[1743165304616422491] 1
[1743165304617199881] 1
[1743165304893098323] 1
[1743165304893377121] 1
[1743165304893690502] 1
[1743165304893844130] 1
[1743165304893907965] 1
[1743165305141054488] 1
[1743165305147843837] 1
[1743165305148359556] 1
[1743165305148416266] 1
[1743165305148497476] 1
[1743165305406233215] 1
[1743165305406394676] 1
[1743165305406590597] 1
[1743165305406649432] 1
[1743165305406755101] 1
[1743165305553060770] 1
[1743165305553161773] 1
[1743165305553177273] 1
[1743165305553188440] 1
[1743165305553199690] 1
[1743165305553210940] 1
[1743165305553222774] 1
[1743165305553241733] 1
[1743165305553256233] 1
[1743165305553268441] 1
[1743165305553326568] 1
[1743165305553350360] 1
[1743165305553371610] 1
[1743165305553391194] 1
[1743165305553404944] 1
[1743165305553420111] 1
[1743165305553433320] 1
[1743165305579710200] 1
[1743165305580273920] 1
[1743165305625356858] 1
[1743165305628550800] 1
[1743165305628921307] 1
[1743165305628984392] 1
[1743165305629691032] 1
[1743165305916991844] 1
[1743165305917146472] 1
[1743165305917195807] 1
[1743165305917256975] 1
[1743165305917295392] 1
[1743165306160833178] 1
[1743165306161368022] 1
[1743165306161482733] 1
[1743165306161631861] 1
[1743165306161732238] 1
[1743165306555792026] 1
[1743165306556425873] 1
[1743165306556546709] 1
[1743165306556703379] 1
[1743165306556800548] 1
[1743165306556867632] 1
[1743165306556989677] 1
[1743165306557083179] 1
[1743165306557179931] 1
[1743165306557272433] 1
[1743165306557419061] 1
[1743165306557637357] 1
[1743165306557973572] 1
[1743165306654443528] 1
[1743165306654831912] 1
[1743165306654933080] 1
[1743165306655159877] 1
[1743165306655222836] 1
[1743165306655389215] 1
[1743165306655497467] 1
[1743165307560479734] 1
[1743165307561995183] 1
[1743165307684372143] 1
[1743165307684515396] 1
[1743165307684578022] 1
[1743165307684720317] 1
[1743165307684780026] 1
[1743165307684845319] 1
[1743165307685099783] 1
[1743165307685211827] 1
[1743165307699841725] 1
[1743165307699892559] 1
[1743165307699956894] 1
[1743165307699999770] 1
[1743165307700028104] 1
[1743165307700051687] 1
[1743165307700801329] 1
[1743165307701772224] 1
[1743165307701854018] 1
[1743165307701994521] 1
[1743165308566058366] 1
[1743165308566718838] 1
[1743165308695719898] 1
[1743165308695912818] 1
[1743165308695968403] 1
[1743165308696090364] 1
[1743165308696142198] 1
[1743165308696183533] 1
[1743165308696533540] 1
[1743165308696582875] 1
[1743165308710641556] 1
[1743165308710706266] 1
[1743165308710757142] 1
[1743165308710848769] 1
[1743165308710907562] 1
[1743165308710946646] 1
[1743165308711632494] 1
[1743165308714609017] 1
[1743165308714698602] 1
[1743165309569459142] 1
[1743165309570053196] 1
[1743165309570141865] 1
[1743165309711099979] 1
[1743165309711389693] 1
[1743165309714405843] 1
[1743165309714488887] 1
[1743165309714680724] 1
[1743165309714726100] 1
[1743165309714799394] 1
[1743165309714872062] 1
[1743165309721517417] 1
[1743165309721581835] 1
[1743165309721627586] 1
[1743165309721694171] 1
[1743165309721809632] 1
[1743165309721880342] 1
[1743165309721942468] 1
[1743165309722533231] 1
[1743165309725477171] 1
[1743165310572971315] 1
[1743165310573745582] 1
[1743165310573844751] 1
[1743165310702362046] 1
[1743165310702544883] 1
[1743165310702642177] 1
[1743165310702765013] 1
[1743165310702861098] 1
[1743165310703054269] 1
[1743165310703160105] 1
[1743165310717871351] 1
[1743165310717934894] 1
[1743165310718008771] 1
[1743165310718107356] 1
[1743165310718201984] 1
[1743165310718254610] 1
[1743165310719076670] 1
[1743165310719586765] 1
[1743165310719694517] 1
[1743165311575375185] 1
[1743165311575944406] 1
[1743165311576023408] 1
[1743165311701987684] 1
[1743165311702158771] 1
[1743165311702219981] 1
[1743165311702367484] 1
[1743165311702514862] 1
[1743165311702590114] 1
[1743165311702649282] 1
[1743165311702807869] 1
[1743165311717523661] 1
[1743165311717584496] 1
[1743165311717625164] 1
[1743165311717712207] 1
[1743165311717808959] 1
[1743165311720852279] 1
[1743165311720969906] 1
[1743165311721081950] 1
[1743165311721123451] 1
[1743165312577872483] 1
[1743165312578391287] 1
[1743165312578469289] 1
[1743165312706731613] 1
[1743165312706938034] 1
[1743165312707008161] 1
[1743165312707123330] 1
[1743165312707186998] 1
[1743165312707230791] 1
[1743165312707258333] 1
[1743165312707285709] 1
[1743165312721821835] 1
[1743165312721867169] 1
[1743165312721929837] 1
[1743165312721986172] 1
[1743165312722050840] 1
[1743165312722726981] 1
[1743165312723285744] 1
[1743165312723621126] 1
[1743165312723785880] 1
[1743165313580651501] 1
[1743165313581236431] 1
[1743165313713501136] 1
[1743165313713729017] 1
[1743165313713824352] 1
[1743165313716645585] 1
[1743165313716685252] 1
[1743165313716721670] 1
[1743165313716806922] 1
[1743165313716844423] 1
[1743165313726172723] 1
[1743165313726274267] 1
[1743165313726330518] 1
[1743165313726369186] 1
[1743165313726528690] 1
[1743165313726590983] 1
[1743165313727137454] 1
[1743165313730128357] 1
[1743165313730303069] 1
[1743165314583533521] 1
[1743165314584336790] 1
[1743165314584408167] 1
[1743165314716312026] 1
[1743165314716683910] 1
[1743165314716782163] 1
[1743165314716865498] 1
[1743165314717013126] 1
[1743165314717063336] 1
[1743165314717249465] 1
[1743165314717324717] 1
[1743165314729112495] 1
[1743165314729175746] 1
[1743165314729227164] 1
[1743165314729266332] 1
[1743165314729367626] 1
[1743165314732398489] 1
[1743165314732446198] 1
[1743165314732540617] 1
[1743165314732705038] 1
[1743165315586548582] 1
[1743165315586783171] 1
[1743165315586814963] 1
[1743165315688982776] 1
[1743165315689202156] 1
[1743165315689263574] 1
[1743165315689385994] 1
[1743165315689517955] 1
[1743165315689590707] 1
[1743165315689644667] 1
[1743165315704429144] 1
[1743165315704485479] 1
[1743165315704539397] 1
[1743165315704595107] 1
[1743165315704748402] 1
[1743165315707488176] 1
[1743165315707587011] 1
[1743165315707695555] 1
[1743165315707781474] 1
[1743165316591485471] 1
[1743165316594639798] 1
[1743165316594965597] 1
[1743165316723769456] 1
[1743165316723975003] 1
[1743165316724051171] 1
[1743165316724321178] 1
[1743165316724390513] 1
[1743165316724687520] 1
[1743165316724751397] 1
[1743165316724829982] 1
[1743165316736410220] 1
[1743165316736464096] 1
[1743165316736521889] 1
[1743165316736587432] 1
[1743165316736627975] 1
[1743165316736739478] 1
[1743165316739268289] 1
[1743165316739399375] 1
[1743165316739535920] 1
[1743165317597687171] 1
[1743165317598669945] 1
[1743165317599010912] 1
[1743165317718008400] 1
[1743165317718141487] 1
[1743165317718200822] 1
[1743165317718262490] 1
[1743165317718327450] 1
[1743165317718371451] 1
[1743165317718590665] 1
[1743165317732988558] 1
[1743165317733049101] 1
[1743165317733122269] 1
[1743165317733395026] 1
[1743165317733499779] 1
[1743165317734065751] 1
[1743165317737143284] 1
[1743165317737203452] 1
[1743165317737391582] 1
[1743165318601662717] 1
[1743165318601853013] 1
[1743165318601888681] 1
[1743165318708256348] 1
[1743165318708511688] 1
[1743165318708577773] 1
[1743165318708814778] 1
[1743165318708981116] 1
[1743165318709056118] 1
[1743165318709108911] 1
[1743165318709198746] 1
[1743165318723596018] 1
[1743165318723658936] 1
[1743165318723699979] 1
[1743165318723739230] 1
[1743165318723871650] 1
[1743165318724754214] 1
[1743165318725228225] 1
[1743165318725713362] 1
[1743165318725869366] 1
[1743165319604562422] 1
[1743165319605652950] 1
[1743165319749309367] 1
[1743165319749466871] 1
[1743165319749599499] 1
[1743165319749648834] 1
[1743165319749974967] 1
[1743165319750018301] 1
[1743165319752900040] 1
[1743165319753232090] 1
[1743165319753285633] 1
[1743165319753351634] 1
[1743165319753403052] 1
[1743165319753486096] 1
[1743165319753561015] 1
[1743165319753651350] 1
[1743165319753935732] 1
[1743165319753989484] 1
[1743165319754048569] 1
[1743165319756384752] 1
[1743165320612067759] 1
[1743165320612664774] 1
[1743165320612728443] 1
[1743165320733204022] 1
[1743165320733346108] 1
[1743165320733440444] 1
[1743165320733736202] 1
[1743165320733876122] 1
[1743165320733948749] 1
[1743165320737664759] 1
[1743165320749163132] 1
[1743165320749222467] 1
[1743165320749262176] 1
[1743165320749747939] 1
[1743165320749794690] 1
[1743165320749841774] 1
[1743165320753494991] 1
[1743165320753722289] 1
[1743165320753772498] 1
[1743165321615787847] 1
[1743165321616539032] 1
[1743165321617137589] 1
[1743165321750381983] 1
[1743165321750476235] 1
[1743165321750518778] 1
[1743165321750546779] 1
[1743165321752754085] 1
[1743165321752799128] 1
[1743165321756553598] 1
[1743165321756628309] 1
[1743165321756712186] 1
[1743165321756759729] 1
[1743165321756786854] 1
[1743165321756808272] 1
[1743165321756892024] 1
[1743165321757006193] 1
[1743165321757068653] 1
[1743165321757097446] 1
[1743165321757122655] 1
[1743165322620344546] 1
[1743165322621003063] 1
[1743165322621083940] 1
[1743165322761177794] 1
[1743165322761311006] 1
[1743165322761378966] 1
[1743165322761431134] 1
[1743165322761772392] 1
[1743165322761817019] 1
[1743165322762021982] 1
[1743165322762398325] 1
[1743165322762499453] 1
[1743165322762718125] 1
[1743165322762785794] 1
[1743165322762858295] 1
[1743165322762919297] 1
[1743165322763028966] 1
[1743165322763098593] 1
[1743165322763165220] 1
[1743165322763264139] 1
[1743165323623889390] 1
[1743165323624624367] 1
[1743165323624705495] 1
[1743165323750506804] 1
[1743165323751132737] 1
[1743165323751223489] 1
[1743165323751364909] 1
[1743165323751436453] 1
[1743165323751487121] 1
[1743165323754641661] 1
[1743165323763183841] 1
[1743165323763236134] 1
[1743165323763276719] 1
[1743165323763304886] 1
[1743165323763363013] 1
[1743165323763693604] 1
[1743165323764160158] 1
[1743165323767131985] 1
[1743165323767182320] 1
[1743165324631534951] 1
[1743165324632382888] 1
[1743165324632608476] 1
[1743165324756365295] 1
[1743165324756779013] 1
[1743165324756820723] 1
[1743165324756858015] 1
[1743165324756910892] 1
[1743165324756965976] 1
[1743165324757012977] 1
[1743165324757050436] 1
[1743165324769647565] 1
[1743165324769708608] 1
[1743165324769830236] 1
[1743165324769880612] 1
[1743165324769908071] 1
[1743165324769948031] 1
[1743165324772936809] 1
[1743165324773190482] 1
[1743165324773273609] 1
[1743165325635989761] 1
[1743165325636836837] 1
[1743165325637053752] 1
[1743165325741282848] 1
[1743165325741494471] 1
[1743165325741645886] 1
[1743165325744807485] 1
[1743165325744861318] 1
[1743165325744928776] 1
[1743165325744979442] 1
[1743165325756527305] 1
[1743165325756585013] 1
[1743165325756613637] 1
[1743165325756684220] 1
[1743165325756741553] 1
[1743165325757477630] 1
[1743165325760470606] 1
[1743165325760559646] 1
[1743165325760626688] 1
[1743165325760747937] 1
[1743165326639683172] 1
[1743165326640196834] 1
[1743165326752647320] 1
[1743165326752849568] 1
[1743165326752978859] 1
[1743165326753035359] 1
[1743165326753234899] 1
[1743165326753365023] 1
[1743165326753972560] 1
[1743165326754064893] 1
[1743165326768104662] 1
[1743165326768175036] 1
[1743165326768227703] 1
[1743165326768296410] 1
[1743165326768363785] 1
[1743165326770904016] 1
[1743165326771002432] 1
[1743165326771062139] 1
[1743165326771130222] 1
[1743165327643163903] 1
[1743165327643747983] 1
[1743165327643991314] 1
[1743165327765811776] 1
[1743165327765923442] 1
[1743165327765961608] 1
[1743165327766001608] 1
[1743165327766423730] 1
[1743165327766517855] 1
[1743165327769598209] 1
[1743165327769640750] 1
[1743165327769799541] 1
[1743165327770004831] 1
[1743165327770061039] 1
[1743165327770143122] 1
[1743165327770216121] 1
[1743165327770374287] 1
[1743165327770487036] 1
[1743165327770852283] 1
[1743165327770903741] 1
[1743165328646258278] 1
[1743165328646864691] 1
[1743165328763116024] 1
[1743165328763320356] 1
[1743165328763372439] 1
[1743165328766580045] 1
[1743165328766640544] 1
[1743165328766711085] 1
[1743165328766748752] 1
[1743165328766831210] 1
[1743165328775239658] 1
[1743165328775347991] 1
[1743165328775419991] 1
[1743165328775472240] 1
[1743165328775534448] 1
[1743165328775567115] 1
[1743165328776373943] 1
[1743165328779665840] 1
[1743165328779801881] 1
[1743165329649912321] 1
[1743165329650453901] 1
[1743165329650583067] 1
[1743165329772708617] 1
[1743165329772908366] 1
[1743165329772971282] 1
[1743165329773053948] 1
[1743165329773110906] 1
[1743165329773167406] 1
[1743165329773361738] 1
[1743165329773509696] 1
[1743165329788173575] 1
[1743165329788281033] 1
[1743165329788395199] 1
[1743165329788429574] 1
[1743165329788501240] 1
[1743165329791334891] 1
[1743165329791445516] 1
[1743165329791519599] 1
[1743165329791588765] 1
[1743165330653591857] 1
[1743165330653682815] 1
[1743165330653714481] 1
[1743165330750195986] 1
[1743165330750334319] 1
[1743165330755131213] 1
[1743165330755995501] 1
[1743165330756349207] 1
[1743165330756504498] 1
[1743165330756788664] 1
[1743165330756841455] 1
[1743165330756946580] 1
[1743165330757160287] 1
[1743165330761765057] 1
[1743165330761913056] 1
[1743165330761967181] 1
[1743165330762263596] 1
[1743165330786060068] 1
[1743165330786392858] 1
[1743165330786480066] 1
[1743165331656055797] 1
[1743165331656220380] 1
[1743165331744813899] 1
[1743165331744966565] 1
[1743165331745055023] 1
[1743165331745109440] 1
[1743165331745162981] 1
[1743165331745218356] 1
[1743165331745440063] 1
[1743165331745736979] 1
[1743165331760340920] 1
[1743165331760440045] 1
[1743165331761632540] 1
[1743165331761694665] 1
[1743165331761744998] 1
[1743165331762312329] 1
[1743165331763307783] 1
[1743165331763449533] 1
[1743165331763534532] 1
[1743165332658782165] 1
[1743165332659515621] 1
[1743165332797318577] 1
[1743165332800170859] 1
[1743165332800344358] 1
[1743165332800427066] 1
[1743165332800484191] 1
[1743165332800524191] 1
[1743165332800553691] 1
[1743165332800578691] 1
[1743165332800602566] 1
[1743165332807033711] 1
[1743165332807086502] 1
[1743165332807223752] 1
[1743165332807303043] 1
[1743165332807344002] 1
[1743165332807391001] 1
[1743165332807438085] 1
[1743165332807530793] 1
[1743165332811105364] 1
[1743165333661816659] 1
[1743165333661925117] 1
[1743165333661940492] 1
[1743165333737140540] 1
[1743165333737380915] 1
[1743165333737435248] 1
[1743165333737462248] 1
[1743165333737626747] 1
[1743165333737734997] 1
[1743165333738009913] 1
[1743165333752387083] 1
[1743165333752438999] 1
[1743165333752498332] 1
[1743165333752636707] 1
[1743165333752676207] 1
[1743165333753389038] 1
[1743165333753903412] 1
[1743165333754104536] 1
[1743165333754169328] 1
[1743165333754217828] 1
[1743165334664936228] 1
[1743165334787951686] 1
[1743165334788121227] 1
[1743165334788201311] 1
[1743165334788341185] 1
[1743165334788791559] 1
[1743165334788866851] 1
[1743165334788940226] 1
[1743165334789151684] 1
[1743165334801849200] 1
[1743165334801905408] 1
[1743165334801946199] 1
[1743165334801989741] 1
[1743165334802034991] 1
[1743165334802324115] 1
[1743165334802919281] 1
[1743165334805917691] 1
[1743165334805975316] 1
[1743165334806114649] 1
[1743165335667867612] 1
[1743165335668094028] 1
[1743165335668152153] 1
[1743165335758026070] 1
[1743165335758279444] 1
[1743165335758407652] 1
[1743165335758463402] 1
[1743165335761320607] 1
[1743165335761401398] 1
[1743165335761460106] 1
[1743165335773114215] 1
[1743165335773167757] 1
[1743165335773222423] 1
[1743165335773281298] 1
[1743165335773451048] 1
[1743165335774037714] 1
[1743165335777029001] 1
[1743165335777361918] 1
[1743165335777540542] 1
[1743165335777626001] 1
[1743165336671783466] 1
[1743165336672385048] 1
[1743165336794192414] 1
[1743165336797277495] 1
[1743165336797386911] 1
[1743165336797532536] 1
[1743165336797582703] 1
[1743165336797638494] 1
[1743165336797680328] 1
[1743165336809152777] 1
[1743165336809200652] 1
[1743165336809263277] 1
[1743165336809357610] 1
[1743165336809612777] 1
[1743165336809693319] 1
[1743165336810248360] 1
[1743165336813199733] 1
[1743165336813276191] 1
[1743165336813477316] 1
[1743165337673664990] 1
[1743165337673877532] 1
[1743165337673952740] 1
[1743165337780348600] 1
[1743165337780522683] 1
[1743165337780575266] 1
[1743165337780621475] 1
[1743165337780754975] 1
[1743165337780885600] 1
[1743165337783748516] 1
[1743165337783795391] 1
[1743165337787245932] 1
[1743165337787321807] 1
[1743165337787358515] 1
[1743165337787486265] 1
[1743165337787575265] 1
[1743165337787789932] 1
[1743165337787848390] 1
[1743165337787883057] 1
[1743165337791189556] 1
[1743165338678529799] 1
[1743165338679504174] 1
[1743165338802507357] 1
[1743165338802678899] 1
[1743165338802837607] 1
[1743165338802916982] 1
[1743165338802973941] 1
[1743165338803102107] 1
[1743165338805919525] 1
[1743165338818161156] 1
[1743165338818206656] 1
[1743165338818278323] 1
[1743165338818408698] 1
[1743165338818659365] 1
[1743165338818736323] 1
[1743165338819249782] 1
[1743165338822519283] 1
[1743165338822600533] 1
[1743165338822655866] 1
[1743165339682316092] 1
[1743165339682492759] 1
[1743165339682526468] 1
[1743165339773707065] 1
[1743165339773922940] 1
[1743165339773958065] 1
[1743165339774011815] 1
[1743165339774093399] 1
[1743165339774135149] 1
[1743165339774171607] 1
[1743165339786914496] 1
[1743165339786974954] 1
[1743165339787159454] 1
[1743165339787237413] 1
[1743165339787292288] 1
[1743165339787334246] 1
[1743165339788010164] 1
[1743165339791110125] 1
[1743165339791242292] 1
[1743165339791380751] 1
[1743165340686301152] 1
[1743165340687689863] 1
[1743165340814497365] 1
[1743165340815075116] 1
[1743165340815212783] 1
[1743165340815525409] 1
[1743165340815578284] 1
[1743165340815687951] 1
[1743165340815821367] 1
[1743165340815978118] 1
[1743165340831937853] 1
[1743165340831992769] 1
[1743165340832057894] 1
[1743165340832119311] 1
[1743165340832179186] 1
[1743165340832218603] 1
[1743165340834990649] 1
[1743165340835198483] 1
[1743165340835270983] 1
[1743165340835540608] 1
[1743165341695977107] 1
[1743165341697445027] 1
[1743165341698895780] 1
[1743165341800436883] 1
[1743165341800743134] 1
[1743165341801773428] 1
[1743165341801865678] 1
[1743165341801937261] 1
[1743165341802030845] 1
[1743165341802120720] 1
[1743165341816596419] 1
[1743165341816653503] 1
[1743165341816691253] 1
[1743165341816782795] 1
[1743165341817032587] 1
[1743165341819276009] 1
[1743165341819832927] 1
[1743165341819943718] 1
[1743165341820076719] 1
[1743165342701957389] 1
[1743165342702592266] 1
[1743165342702666058] 1
[1743165342825779238] 1
[1743165342825942655] 1
[1743165342826203781] 1
[1743165342826342739] 1
[1743165342826457906] 1
[1743165342826533823] 1
[1743165342826779824] 1
[1743165342826845783] 1
[1743165342841845700] 1
[1743165342841907367] 1
[1743165342842180117] 1
[1743165342842234868] 1
[1743165342842311618] 1
[1743165342844595083] 1
[1743165342844691958] 1
[1743165342844825458] 1
[1743165342844908875] 1
[1743165343705688113] 1
[1743165343706107031] 1
[1743165343706140364] 1
[1743165343828440236] 1
[1743165343828598862] 1
[1743165343828669362] 1
[1743165343828739279] 1
[1743165343828855238] 1
[1743165343828949363] 1
[1743165343829015571] 1
[1743165343829276406] 1
[1743165343845228835] 1
[1743165343845299668] 1
[1743165343845464377] 1
[1743165343845647211] 1
[1743165343845809795] 1
[1743165343846399130] 1
[1743165343847112508] 1
[1743165343847207175] 1
[1743165343847416259] 1
[1743165344710768946] 1
[1743165344711275614] 1
[1743165344839966621] 1
[1743165344840259997] 1
[1743165344843330385] 1
[1743165344843385718] 1
[1743165344843443093] 1
[1743165344843503385] 1
[1743165344843616511] 1
[1743165344844121929] 1
[1743165344852659880] 1
[1743165344852715338] 1
[1743165344852782422] 1
[1743165344852822880] 1
[1743165344852978131] 1
[1743165344853025131] 1
[1743165344853488716] 1
[1743165344857622608] 1
[1743165344857756108] 1
[1743165345715424291] 1
[1743165345716192294] 1
[1743165345716384045] 1
[1743165345839329805] 1
[1743165345839469181] 1
[1743165345839527473] 1
[1743165345839707598] 1
[1743165345839786807] 1
[1743165345839882433] 1
[1743165345840002850] 1
[1743165345840065183] 1
[1743165345854509581] 1
[1743165345854592373] 1
[1743165345854637999] 1
[1743165345855022709] 1
[1743165345855090167] 1
[1743165345855660337] 1
[1743165345856238673] 1
[1743165345856397048] 1
[1743165345858344890] 1
[1743165346719717597] 1
[1743165346720882311] 1
[1743165346721141021] 1
[1743165346847421113] 1
[1743165346847553114] 1
[1743165346847594906] 1
[1743165346847709782] 1
[1743165346847776282] 1
[1743165346851141090] 1
[1743165346851208966] 1
[1743165346859593091] 1
[1743165346859701425] 1
[1743165346859771259] 1
[1743165346859817301] 1
[1743165346859864843] 1
[1743165346859909968] 1
[1743165346860232136] 1
[1743165346863992197] 1
[1743165346864197323] 1
[1743165347727247041] 1
[1743165347727849461] 1
[1743165347727929212] 1
[1743165347848628716] 1
[1743165347848848508] 1
[1743165347849179510] 1
[1743165347849261552] 1
[1743165347849599804] 1
[1743165347849664096] 1
[1743165347849748680] 1
[1743165347849846681] 1
[1743165347865053973] 1
[1743165347865112932] 1
[1743165347865151724] 1
[1743165347865193766] 1
[1743165347865263808] 1
[1743165347865339642] 1
[1743165347868112199] 1
[1743165347868189824] 1
[1743165347868330033] 1
[1743165348730290699] 1
[1743165348731301955] 1
[1743165348731678124] 1
[1743165348846459780] 1
[1743165348846656615] 1
[1743165348846730365] 1
[1743165348846836366] 1
[1743165348846880741] 1
[1743165348847340994] 1
[1743165348850377637] 1
[1743165348859808153] 1
[1743165348859880903] 1
[1743165348859933404] 1
[1743165348859965112] 1
[1743165348860030404] 1
[1743165348860076696] 1
[1743165348860932493] 1
[1743165348863881761] 1
[1743165348863950136] 1
[1743165348864001928] 1
[1743165349734386633] 1
[1743165349734804677] 1
[1743165349852588495] 1
[1743165349852697204] 1
[1743165349852795997] 1
[1743165349852846080] 1
[1743165349853117999] 1
[1743165349853154999] 1
[1743165349856356437] 1
[1743165349856406395] 1
[1743165349856510979] 1
[1743165349856665564] 1
[1743165349856707147] 1
[1743165349856810190] 1
[1743165349856877190] 1
[1743165349857053025] 1
[1743165349857193567] 1
[1743165349857382985] 1
[1743165349857445944] 1
[1743165350736501315] 1
[1743165350736607191] 1
[1743165350736636858] 1
[1743165350891745833] 1
[1743165350891944751] 1
[1743165350897354123] 1
[1743165350897507874] 1
[1743165350897569291] 1
[1743165350901891947] 1
[1743165350902140699] 1
[1743165350902510326] 1
[1743165350902658286] 1
[1743165350902798537] 1
[1743165350902862995] 1
[1743165350902917579] 1
[1743165350902994538] 1
[1743165350903055205] 1
[1743165350903413374] 1
[1743165350903468500] 1
[1743165351053812841] 1
[1743165351739009252] 1
[1743165351739126711] 1
[1743165351739182378] 1
[1743165351739208712] 1
[1743165351739222837] 1
[1743165351739238920] 1
[1743165351822152133] 1
[1743165351826270165] 1
[1743165351826481458] 1
[1743165351826690459] 1
[1743165351826823669] 1
[1743165351826969170] 1
[1743165351827020545] 1
[1743165351827112171] 1
[1743165351827226089] 1
[1743165351827277964] 1
[1743165351830483572] 1
[1743165351830686532] 1
[1743165351831131368] 1
[1743165352742032396] 1
[1743165352742700818] 1
[1743165352743037529] 1
[1743165352913175196] 1
[1743165352913344531] 1
[1743165352913601200] 1
[1743165352913717992] 1
[1743165352913872910] 1
[1743165352913926994] 1
[1743165352917222812] 1
[1743165352917520148] 1
[1743165352917894776] 1
[1743165352918052777] 1
[1743165352918317696] 1
[1743165352918418197] 1
[1743165352918508406] 1
[1743165352918703991] 1
[1743165352918905034] 1
[1743165352918952951] 1
[1743165352919055702] 1
[1743165353746101787] 1
[1743165353746848710] 1
[1743165353747080628] 1
[1743165353747524507] 1
[1743165353904136390] 1
[1743165353904287933] 1
[1743165353904380726] 1
[1743165353908113841] 1
[1743165353908341051] 1
[1743165353908775097] 1
[1743165353908900265] 1
[1743165353908958973] 1
[1743165353909009516] 1
[1743165353912611796] 1
[1743165353912772839] 1
[1743165353912932049] 1
[1743165353916795124] 1
[1743165353916986584] 1
[1743165353917080918] 1
[1743165353917121543] 1
[1743165354749898239] 1
[1743165354750565453] 1
[1743165354750847581] 1
[1743165354867914264] 1
[1743165354883446988] 1
[1743165354883537489] 1
[1743165354883579656] 1
[1743165354883742157] 1
[1743165354883784158] 1
[1743165354886339306] 1
[1743165354886389806] 1
[1743165354886484474] 1
[1743165354886548057] 1
[1743165354886658642] 1
[1743165354886717476] 1
[1743165354886894769] 1
[1743165354887013937] 1
[1743165354887125896] 1
[1743165354887511941] 1
[1743165355752994907] 1
[1743165355753278243] 1
[1743165355753404786] 1
[1743165355855697592] 1
[1743165355855986886] 1
[1743165355856237139] 1
[1743165355856329640] 1
[1743165355856425557] 1
[1743165355856482891] 1
[1743165355856634309] 1
[1743165355870956612] 1
[1743165355871031279] 1
[1743165355871142989] 1
[1743165355871307407] 1
[1743165355871386324] 1
[1743165355871925038] 1
[1743165355875072401] 1
[1743165355875334154] 1
[1743165355875594864] 1
[1743165355875658407] 1
[1743165356756614962] 1
[1743165356757178468] 1
[1743165356876583200] 1
[1743165356876795493] 1
[1743165356876880869] 1
[1743165356876957037] 1
[1743165356877333540] 1
[1743165356877429541] 1
[1743165356877495375] 1
[1743165356877578543] 1
[1743165356889179325] 1
[1743165356889247409] 1
[1743165356889294660] 1
[1743165356889385036] 1
[1743165356889414411] 1
[1743165356889625371] 1
[1743165356890496963] 1
[1743165356893497160] 1
[1743165356893566369] 1
[1743165357760793481] 1
[1743165357761413571] 1
[1743165357761487405] 1
[1743165357887750346] 1
[1743165357887911806] 1
[1743165357887955723] 1
[1743165357888022432] 1
[1743165357890682585] 1
[1743165357890804877] 1
[1743165357894075787] 1
[1743165357894140954] 1
[1743165357894392040] 1
[1743165357894504624] 1
[1743165357894577750] 1
[1743165357894618667] 1
[1743165357894726210] 1
[1743165357894771294] 1
[1743165357894853336] 1
[1743165357894900337] 1
[1743165357895129714] 1
[1743165358763355308] 1
[1743165358763639770] 1
[1743165358763772021] 1
[1743165358876105617] 1
[1743165358876632456] 1
[1743165358876675957] 1
[1743165358876727957] 1
[1743165358876776124] 1
[1743165358876833625] 1
[1743165358876870500] 1
[1743165358876916959] 1
[1743165358889912809] 1
[1743165358889970726] 1
[1743165358890110269] 1
[1743165358890251646] 1
[1743165358890303188] 1
[1743165358891060571] 1
[1743165358894255356] 1
[1743165358894391566] 1
[1743165358894512609] 1
[1743165359766275500] 1
[1743165359766520002] 1
[1743165359884304042] 1
[1743165359884407627] 1
[1743165359884459586] 1
[1743165359884589587] 1
[1743165359884625379] 1
[1743165359886923072] 1
[1743165359890081233] 1
[1743165359890150775] 1
[1743165359890187901] 1
[1743165359890243068] 1
[1743165359890292568] 1
[1743165359890329152] 1
[1743165359890361444] 1
[1743165359890491487] 1
[1743165359890599864] 1
[1743165359890684990] 1
[1743165359890737698] 1
[1743165360769692758] 1
[1743165360770173972] 1
[1743165360770231014] 1
[1743165360894242845] 1
[1743165360894369346] 1
[1743165360894410222] 1
[1743165360894476514] 1
[1743165360894569182] 1
[1743165360894958437] 1
[1743165360897799387] 1
[1743165360897837720] 1
[1743165360897869262] 1
[1743165360898109224] 1
[1743165360898148682] 1
[1743165360898183641] 1
[1743165360898209141] 1
[1743165360898248892] 1
[1743165360898281684] 1
[1743165360898338060] 1
[1743165360898370852] 1
[1743165361770800168] 1
[1743165361772120601] 1
[1743165361901075878] 1
[1743165361901194212] 1
[1743165361901236005] 1
[1743165361901263672] 1
[1743165361901325214] 1
[1743165361901361048] 1
[1743165361901730969] 1
[1743165361901774344] 1
[1743165361909890027] 1
[1743165361909930444] 1
[1743165361909977278] 1
[1743165361910027195] 1
[1743165361910061487] 1
[1743165361910106362] 1
[1743165361910869788] 1
[1743165361914120786] 1
[1743165361914209246] 1
[1743165362774962913] 1
[1743165362775532170] 1
[1743165362775579254] 1
[1743165362897013698] 1
[1743165362897119408] 1
[1743165362897211117] 1
[1743165362897250660] 1
[1743165362897287493] 1
[1743165362897665331] 1
[1743165362900481242] 1
[1743165362900518909] 1
[1743165362900541493] 1
[1743165362900600743] 1
[1743165362900665328] 1
[1743165362900704911] 1
[1743165362900733620] 1
[1743165362900797204] 1
[1743165362901101291] 1
[1743165362901284210] 1
[1743165362901435712] 1
[1743165363777204258] 1
[1743165363777773432] 1
[1743165363777949017] 1
[1743165363910278278] 1
[1743165363910368321] 1
[1743165363910394238] 1
[1743165363910429572] 1
[1743165363910710034] 1
[1743165363910934162] 1
[1743165363914042161] 1
[1743165363914086703] 1
[1743165363914111703] 1
[1743165363914134787] 1
[1743165363914193496] 1
[1743165363914231038] 1
[1743165363914308747] 1
[1743165363914370082] 1
[1743165363914405332] 1
[1743165363914455208] 1
[1743165363914510042] 1
[1743165364780899239] 1
[1743165364781427705] 1
[1743165364898132519] 1
[1743165364898223853] 1
[1743165364898264979] 1
[1743165364898315729] 1
[1743165364898359063] 1
[1743165364898415564] 1
[1743165364898851403] 1
[1743165364909866926] 1
[1743165364909904593] 1
[1743165364909936302] 1
[1743165364910002719] 1
[1743165364910123846] 1
[1743165364910284640] 1
[1743165364910664812] 1
[1743165364913769187] 1
[1743165364913827771] 1
[1743165364913870355] 1
[1743165365784321246] 1
[1743165365785023881] 1
[1743165365785271343] 1
[1743165365903213178] 1
[1743165365903351222] 1
[1743165365903530558] 1
[1743165365903590725] 1
[1743165365903651518] 1
[1743165365903695018] 1
[1743165365903728352] 1
[1743165365903755478] 1
[1743165365918515348] 1
[1743165365918560848] 1
[1743165365918587391] 1
[1743165365918765726] 1
[1743165365918829144] 1
[1743165365921404013] 1
[1743165365921506014] 1
[1743165365921547348] 1
[1743165365921595849] 1
[1743165366788705789] 1
[1743165366789192004] 1
[1743165366789238213] 1
[1743165366895600347] 1
[1743165366895804975] 1
[1743165366895957519] 1
[1743165366896057896] 1
[1743165366896136855] 1
[1743165366896193064] 1
[1743165366896219398] 1
[1743165366908370237] 1
[1743165366908735284] 1
[1743165366908780451] 1
[1743165366908831452] 1
[1743165366908870911] 1
[1743165366909006246] 1
[1743165366914945372] 1
[1743165366915004623] 1
[1743165366915043040] 1
[1743165366915094416] 1
[1743165367791937539] 1
[1743165367792573632] 1
[1743165367914265948] 1
[1743165367914389991] 1
[1743165367915720927] 1
[1743165367915771970] 1
[1743165367915823012] 1
[1743165367915868388] 1
[1743165367915905847] 1
[1743165367927597642] 1
[1743165367927636184] 1
[1743165367927669893] 1
[1743165367927711811] 1
[1743165367927738103] 1
[1743165367928294944] 1
[1743165367928361153] 1
[1743165367931633701] 1
[1743165367931683910] 1
[1743165367931749703] 1
[1743165368795802059] 1
[1743165368796340401] 1
[1743165368796389151] 1
[1743165368905946707] 1
[1743165368920414674] 1
[1743165368920482508] 1
[1743165368920513467] 1
[1743165368920540925] 1
[1743165368920577968] 1
[1743165368922701583] 1
[1743165368925610168] 1
[1743165368925648668] 1
[1743165368925671627] 1
[1743165368925694003] 1
[1743165368925731211] 1
[1743165368925764295] 1
[1743165368925847421] 1
[1743165368925908339] 1
[1743165368925950840] 1
[1743165368925994674] 1
[1743165369799376787] 1
[1743165369799869212] 1
[1743165369799930713] 1
[1743165369916225329] 1
[1743165369916387457] 1
[1743165369916543501] 1
[1743165369916610585] 1
[1743165369916654502] 1
[1743165369916683503] 1
[1743165369916719837] 1
[1743165369916761087] 1
[1743165369931031390] 1
[1743165369931088974] 1
[1743165369931346769] 1
[1743165369931391020] 1
[1743165369931425146] 1
[1743165369931925153] 1
[1743165369932542704] 1
[1743165369932816792] 1
[1743165369932857501] 1
[1743165370803647899] 1
[1743165370804207200] 1
[1743165370927764223] 1
[1743165370927881433] 1
[1743165370927923392] 1
[1743165370927960810] 1
[1743165370927999852] 1
[1743165370928044478] 1
[1743165370928171188] 1
[1743165370931433989] 1
[1743165370939806787] 1
[1743165370939865538] 1
[1743165370939913456] 1
[1743165370939950123] 1
[1743165370939982874] 1
[1743165370940009249] 1
[1743165370940722593] 1
[1743165370944037312] 1
[1743165370944094896] 1
[1743165371806904029] 1
[1743165371807194950] 1
[1743165371807206742] 1
[1743165371913192653] 1
[1743165371913298988] 1
[1743165371913353031] 1
[1743165371913399657] 1
[1743165371913665994] 1
[1743165371913713537] 1
[1743165371913776913] 1
[1743165371913841080] 1
[1743165371924961384] 1
[1743165371924997093] 1
[1743165371925038635] 1
[1743165371925066136] 1
[1743165371925101303] 1
[1743165371925126387] 1
[1743165371925150137] 1
[1743165371927326964] 1
[1743165371927393965] 1
[1743165372809768513] 1
[1743165372809923391] 1
[1743165372901498520] 1
[1743165372901611147] 1
[1743165372901664189] 1
[1743165372901719482] 1
[1743165372901765358] 1
[1743165372901835067] 1
[1743165372901884026] 1
[1743165372901923027] 1
[1743165372914188145] 1
[1743165372914309522] 1
[1743165372914726779] 1
[1743165372914800864] 1
[1743165372914842531] 1
[1743165372914872156] 1
[1743165372915448708] 1
[1743165372916301513] 1
[1743165372916432932] 1
[1743165373812589811] 1
[1743165373812819398] 1
[1743165373912185732] 1
[1743165373912291567] 1
[1743165373912343984] 1
[1743165373912394819] 1
[1743165373912437653] 1
[1743165373912475695] 1
[1743165373912503320] 1
[1743165373915418328] 1
[1743165373924140849] 1
[1743165373924195100] 1
[1743165373924225225] 1
[1743165373924252809] 1
[1743165373924308643] 1
[1743165373924350144] 1
[1743165373924996447] 1
[1743165373927943621] 1
[1743165373927985038] 1
[1743165373928023997] 1
[1743165374815437166] 1
[1743165374816011926] 1
[1743165374928528770] 1
[1743165374928754773] 1
[1743165374928834108] 1
[1743165374931730949] 1
[1743165374931769950] 1
[1743165374931808742] 1
[1743165374932199916] 1
[1743165374932243208] 1
[1743165374940707520] 1
[1743165374940756979] 1
[1743165374940794896] 1
[1743165374940833480] 1
[1743165374940869773] 1
[1743165374940908648] 1
[1743165374941598618] 1
[1743165374945008927] 1
[1743165374945367308] 1
[1743165375818666831] 1
[1743165375819249050] 1
[1743165375819297801] 1
[1743165375946723276] 1
[1743165375946827361] 1
[1743165375946874070] 1
[1743165375946913529] 1
[1743165375946989656] 1
[1743165375949290279] 1
[1743165375952409709] 1
[1743165375952451459] 1
[1743165375952525086] 1
[1743165375952556211] 1
[1743165375952579753] 1
[1743165375952620712] 1
[1743165375952644921] 1
[1743165375952695339] 1
[1743165375952726506] 1
[1743165375952787090] 1
[1743165375952992344] 1
[1743165376822218216] 1
[1743165376827423058] 1
[1743165376827850858] 1
[1743165376950450457] 1
[1743165376950717128] 1
[1743165376950819797] 1
[1743165376950924132] 1
[1743165376951074051] 1
[1743165376951271013] 1
[1743165376951353973] 1
[1743165376951503809] 1
[1743165376966022609] 1
[1743165376966112402] 1
[1743165376966258988] 1
[1743165376966319489] 1
[1743165376966383657] 1
[1743165376966754705] 1
[1743165376967854558] 1
[1743165376968035936] 1
[1743165376968323442] 1
[1743165377831710250] 1
[1743165377832196342] 1
[1743165377955129780] 1
[1743165377955391409] 1
[1743165377956476388] 1
[1743165377958768596] 1
[1743165377958919348] 1
[1743165377959002017] 1
[1743165377962350036] 1
[1743165377962413453] 1
[1743165377962505705] 1
[1743165377962591332] 1
[1743165377962679292] 1
[1743165377962713334] 1
[1743165377962738751] 1
[1743165377962854128] 1
[1743165377962954922] 1
[1743165377963020256] 1
[1743165377963081549] 1
[1743165378834985086] 1
[1743165378835650348] 1
[1743165378836165566] 1
[1743165378969921410] 1
[1743165378970187623] 1
[1743165378970309959] 1
[1743165378970558255] 1
[1743165378970820010] 1
[1743165378971052972] 1
[1743165378973996735] 1
[1743165378974042153] 1
[1743165378974203572] 1
[1743165378974485827] 1
[1743165378974528662] 1
[1743165378974566454] 1
[1743165378974607121] 1
[1743165378974749707] 1
[1743165378974827167] 1
[1743165378974907919] 1
[1743165378975202216] 1
[1743165379838233494] 1
[1743165379839088802] 1
[1743165379839147762] 1
[1743165379959888445] 1
[1743165379960028823] 1
[1743165379960163742] 1
[1743165379960268703] 1
[1743165379963693309] 1
[1743165379963885770] 1
[1743165379964074316] 1
[1743165379976415589] 1
[1743165379976477465] 1
[1743165379976577259] 1
[1743165379976626510] 1
[1743165379976715886] 1
[1743165379977218563] 1
[1743165379980920840] 1
[1743165379981008300] 1
[1743165379981251638] 1
[1743165380844580989] 1
[1743165380845505381] 1
[1743165380845815720] 1
[1743165380980744755] 1
[1743165380980888174] 1
[1743165380983107092] 1
[1743165380983187927] 1
[1743165380983280012] 1
[1743165380983346013] 1
[1743165380983401889] 1
[1743165380983541017] 1
[1743165380984031109] 1
[1743165380984149320] 1
[1743165380984215946] 1
[1743165380988044144] 1
[1743165380991939219] 1
[1743165380992077846] 1
[1743165380999870662] 1
[1743165381000180168] 1
[1743165381004079409] 1
[1743165381848513834] 1
[1743165381849280641] 1
[1743165381849784234] 1
[1743165381849830152] 1
[1743165381849908528] 1
[1743165381849937029] 1
[1743165381849969154] 1
[1743165381850039489] 1
[1743165381935846737] 1
[1743165381936045699] 1
[1743165381936297538] 1
[1743165381936449207] 1
[1743165381936657503] 1
[1743165381948544692] 1
[1743165381948663111] 1
[1743165381948859865] 1
[1743165381949168204] 1
[1743165381949775757] 1
[1743165381950132139] 1
[1743165382853279130] 1
[1743165382854152481] 1
[1743165382992422914] 1
[1743165382993732565] 1
[1743165382993802483] 1
[1743165382993849817] 1
[1743165382993905235] 1
[1743165382995974276] 1
[1743165382999048920] 1
[1743165382999111879] 1
[1743165382999166797] 1
[1743165382999277966] 1
[1743165382999403552] 1
[1743165382999618639] 1
[1743165382999670474] 1
[1743165382999834185] 1
[1743165383000328237] 1
[1743165383000414863] 1
[1743165383000506532] 1
[1743165383001240921] 1
[1743165383858291569] 1
[1743165383859094627] 1
[1743165383859816808] 1
[1743165383984396717] 1
[1743165383984547262] 1
[1743165383984784641] 1
[1743165383984828267] 1
[1743165383984892102] 1
[1743165383984991062] 1
[1743165383987792577] 1
[1743165383996812840] 1
[1743165383996886634] 1
[1743165383996945260] 1
[1743165383997003553] 1
[1743165383997070971] 1
[1743165383997378477] 1
[1743165383997958905] 1
[1743165384000875213] 1
[1743165384000969465] 1
[1743165384862026922] 1
[1743165384862474347] 1
[1743165384862637474] 1
[1743165384988328683] 1
[1743165384988466060] 1
[1743165384988556020] 1
[1743165384988640730] 1
[1743165384988746815] 1
[1743165384988796775] 1
[1743165384988844567] 1
[1743165384988873651] 1
[1743165385003521200] 1
[1743165385003563492] 1
[1743165385003603618] 1
[1743165385003679119] 1
[1743165385003741620] 1
[1743165385006007141] 1
[1743165385006109431] 1
[1743165385006150181] 1
[1743165385006194722] 1
[1743165385865394883] 1
[1743165385865747796] 1
[1743165385865927378] 1
[1743165385977231633] 1
[1743165385977361049] 1
[1743165385979618067] 1
[1743165385979677025] 1
[1743165385979719691] 1
[1743165385979772940] 1
[1743165385979837940] 1
[1743165385979871106] 1
[1743165385979897231] 1
[1743165385979924272] 1
[1743165385979965230] 1
[1743165385979991521] 1
[1743165385980037354] 1
[1743165385980118478] 1
[1743165385980230977] 1
[1743165385980953678] 1
[1743165386869087834] 1
[1743165386870021242] 1
[1743165386870266948] 1
[1743165386988443384] 1
[1743165386988537425] 1
[1743165386988568133] 1
[1743165386988632049] 1
[1743165386988668632] 1
[1743165386988704507] 1
[1743165386988737756] 1
[1743165386988764006] 1
[1743165386999872732] 1
[1743165386999930189] 1
[1743165387000272978] 1
[1743165387000315894] 1
[1743165387000344602] 1
[1743165387000388018] 1
[1743165387000431643] 1
[1743165387003629862] 1
[1743165387003710361] 1
[1743165387872338055] 1
[1743165387872711468] 1
[1743165387872753551] 1
[1743165387986865650] 1
[1743165387987018024] 1
[1743165387987068857] 1
[1743165387987107898] 1
[1743165387987134190] 1
[1743165387987161148] 1
[1743165387989928206] 1
[1743165387989987706] 1
[1743165387999167040] 1
[1743165387999255914] 1
[1743165387999419704] 1
[1743165387999485204] 1
[1743165387999627952] 1
[1743165388000104448] 1
[1743165388003329794] 1
[1743165388003527292] 1
[1743165388003608833] 1
[1743165388878048967] 1
[1743165388878653462] 1
[1743165388988012349] 1
[1743165388988104014] 1
[1743165388988169389] 1
[1743165388988218889] 1
[1743165388988307679] 1
[1743165388988380179] 1
[1743165388988422553] 1
[1743165388988461137] 1
[1743165389003268931] 1
[1743165389003360763] 1
[1743165389003668469] 1
[1743165389003770385] 1
[1743165389003875426] 1
[1743165389006519488] 1
[1743165389006723278] 1
[1743165389006873568] 1
[1743165389007028276] 1
[1743165389879826865] 1
[1743165389880351736] 1
[1743165389880641109] 1
[1743165390014960513] 1
[1743165390015062846] 1
[1743165390015102429] 1
[1743165390015144762] 1
[1743165390015435010] 1
[1743165390015519634] 1
[1743165390018694821] 1
[1743165390018779404] 1
[1743165390018829486] 1
[1743165390018858111] 1
[1743165390018880778] 1
[1743165390018901403] 1
[1743165390018922944] 1
[1743165390018970027] 1
[1743165390019013777] 1
[1743165390019079360] 1
[1743165390019704439] 1
[1743165390887564993] 1
[1743165390888301904] 1
[1743165391013549337] 1
[1743165391013685628] 1
[1743165391013775419] 1
[1743165391013883169] 1
[1743165391013952793] 1
[1743165391014072459] 1
[1743165391016981191] 1
[1743165391028462786] 1
[1743165391028501994] 1
[1743165391028538619] 1
[1743165391028568827] 1
[1743165391028594452] 1
[1743165391028617994] 1
[1743165391029053074] 1
[1743165391032137930] 1
[1743165391032199805] 1
[1743165391032260888] 1
[1743165391893475193] 1
[1743165391893774191] 1
[1743165391893810191] 1
[1743165392010670842] 1
[1743165392010817049] 1
[1743165392010971882] 1
[1743165392011028173] 1
[1743165392011280713] 1
[1743165392011332963] 1
[1743165392014341071] 1
[1743165392014376696] 1
[1743165392014610320] 1
[1743165392014653861] 1
[1743165392014704152] 1
[1743165392014741736] 1
[1743165392014807027] 1
[1743165392014966734] 1
[1743165392015030442] 1
[1743165392015163817] 1
[1743165392015217566] 1
[1743165392896955828] 1
[1743165392897680283] 1
[1743165393007118925] 1
[1743165393007271674] 1
[1743165393008435335] 1
[1743165393011328113] 1
[1743165393011410446] 1
[1743165393011453696] 1
[1743165393011598445] 1
[1743165393023162846] 1
[1743165393023256054] 1
[1743165393023295221] 1
[1743165393023337346] 1
[1743165393023374554] 1
[1743165393023414929] 1
[1743165393024065217] 1
[1743165393027231285] 1
[1743165393027273868] 1
[1743165393027316826] 1
[1743165393027363034] 1
[1743165393900687122] 1
[1743165393901890116] 1
[1743165394033141739] 1
[1743165394033271697] 1
[1743165394033333405] 1
[1743165394033380155] 1
[1743165394033416488] 1
[1743165394033501946] 1
[1743165394033562487] 1
[1743165394033594446] 1
[1743165394042846656] 1
[1743165394042887781] 1
[1743165394042947364] 1
[1743165394043013364] 1
[1743165394043087447] 1
[1743165394043129155] 1
[1743165394043906568] 1
[1743165394047088138] 1
[1743165394047146430] 1
[1743165394904687646] 1
[1743165394905410393] 1
[1743165394905520475] 1
[1743165395011340986] 1
[1743165395011472486] 1
[1743165395011529319] 1
[1743165395011653485] 1
[1743165395011786901] 1
[1743165395011855609] 1
[1743165395014831723] 1
[1743165395027205553] 1
[1743165395027279636] 1
[1743165395027322636] 1
[1743165395027354470] 1
[1743165395027397844] 1
[1743165395028003467] 1
[1743165395031070373] 1
[1743165395031139831] 1
[1743165395031359872] 1
[1743165395031442330] 1
[1743165395908550142] 1
[1743165395909077765] 1
[1743165396033618247] 1
[1743165396033761455] 1
[1743165396033800080] 1
[1743165396033831538] 1
[1743165396033948163] 1
[1743165396034170870] 1
[1743165396034243912] 1
[1743165396045676127] 1
[1743165396045801544] 1
[1743165396045881835] 1
[1743165396046000876] 1
[1743165396046061585] 1
[1743165396046111209] 1
[1743165396046151668] 1
[1743165396049562657] 1
[1743165396049664990] 1
[1743165396049742032] 1
[1743165396911726228] 1
[1743165396912262643] 1
[1743165396912333893] 1
[1743165397032304340] 1
[1743165397032437381] 1
[1743165397032477881] 1
[1743165397032528881] 1
[1743165397032616922] 1
[1743165397032702297] 1
[1743165397032824547] 1
[1743165397032990796] 1
[1743165397047478345] 1
[1743165397047539386] 1
[1743165397047568511] 1
[1743165397047669719] 1
[1743165397047711511] 1
[1743165397050202255] 1
[1743165397050375546] 1
[1743165397050435380] 1
[1743165397050550171] 1
[1743165397914859723] 1
[1743165397915648055] 1
[1743165397916043220] 1
[1743165398033108290] 1
[1743165398033225789] 1
[1743165398033450747] 1
[1743165398033517247] 1
[1743165398033568497] 1
[1743165398036348659] 1
[1743165398036386784] 1
[1743165398046396058] 1
[1743165398046442099] 1
[1743165398046480891] 1
[1743165398046520599] 1
[1743165398046549016] 1
[1743165398047050681] 1
[1743165398047118431] 1
[1743165398050202467] 1
[1743165398050248092] 1
[1743165398918676825] 1
[1743165398919352033] 1
[1743165398919455782] 1
[1743165399047363453] 1
[1743165399047567161] 1
[1743165399047665994] 1
[1743165399047715952] 1
[1743165399047799369] 1
[1743165399047861410] 1
[1743165399047939869] 1
[1743165399059163355] 1
[1743165399059232772] 1
[1743165399059482397] 1
[1743165399059516896] 1
[1743165399059549271] 1
[1743165399059585938] 1
[1743165399060270229] 1
[1743165399064207224] 1
[1743165399064261724] 1
[1743165399064379641] 1
[1743165399922403652] 1
[1743165399922823443] 1
[1743165399922871818] 1
[1743165400032442828] 1
[1743165400032663494] 1
[1743165400035717617] 1
[1743165400035861742] 1
[1743165400035937909] 1
[1743165400036009742] 1
[1743165400036113450] 1
[1743165400047469443] 1
[1743165400047514027] 1
[1743165400047561443] 1
[1743165400047596985] 1
[1743165400047628193] 1
[1743165400048179693] 1
[1743165400051015108] 1
[1743165400051111649] 1
[1743165400051181024] 1
[1743165400051301858] 1
[1743165400926968818] 1
[1743165400927694318] 1
[1743165401058152435] 1
[1743165401058248393] 1
[1743165401058305351] 1
[1743165401058369018] 1
[1743165401058405685] 1
[1743165401058435643] 1
[1743165401058908476] 1
[1743165401069835267] 1
[1743165401069933476] 1
[1743165401070000517] 1
[1743165401070163726] 1
[1743165401070237642] 1
[1743165401070291267] 1
[1743165401070757184] 1
[1743165401074073392] 1
[1743165401074258517] 1
[1743165401074307017] 1
[1743165401929826566] 1
[1743165401930341191] 1
[1743165401930429149] 1
[1743165402056201423] 1
[1743165402056341257] 1
[1743165402056497715] 1
[1743165402056556923] 1
[1743165402056742465] 1
[1743165402056808840] 1
[1743165402056953424] 1
[1743165402072892474] 1
[1743165402072964682] 1
[1743165402073105265] 1
[1743165402073171390] 1
[1743165402073235099] 1
[1743165402073318391] 1
[1743165402073853849] 1
[1743165402076845101] 1
[1743165402077038517] 1
[1743165402077173768] 1
[1743165402933596968] 1
[1743165402934130219] 1
[1743165403063242986] 1
[1743165403063362819] 1
[1743165403063694903] 1
[1743165403063799569] 1
[1743165403063900111] 1
[1743165403064102236] 1
[1743165403064179570] 1
[1743165403077680585] 1
[1743165403077787418] 1
[1743165403077907126] 1
[1743165403077990835] 1
[1743165403078060293] 1
[1743165403078275210] 1
[1743165403081012255] 1
[1743165403081274255] 1
[1743165403081518839] 1
[1743165403081581130] 1
[1743165403936268807] 1
[1743165403936792933] 1
[1743165403937184433] 1
[1743165404055278130] 1
[1743165404055532839] 1
[1743165404055603964] 1
[1743165404055838214] 1
[1743165404055958965] 1
[1743165404058987136] 1
[1743165404059060011] 1
[1743165404071287531] 1
[1743165404071364198] 1
[1743165404071502448] 1
[1743165404071634699] 1
[1743165404071720282] 1
[1743165404072338575] 1
[1743165404075375496] 1
[1743165404075448830] 1
[1743165404075499996] 1
[1743165404075580705] 1
[1743165404939884117] 1
[1743165404940541368] 1
[1743165405072688536] 1
[1743165405075860168] 1
[1743165405075961377] 1
[1743165405076022210] 1
[1743165405076156919] 1
[1743165405076213294] 1
[1743165405076272294] 1
[1743165405076352794] 1
[1743165405085313064] 1
[1743165405085426772] 1
[1743165405085498356] 1
[1743165405085556064] 1
[1743165405085610939] 1
[1743165405085847357] 1
[1743165405086456191] 1
[1743165405089561823] 1
[1743165405089715573] 1
[1743165405944555223] 1
[1743165405945731934] 1
[1743165405945769559] 1
[1743165406070765699] 1
[1743165406071070242] 1
[1743165406071327326] 1
[1743165406071468243] 1
[1743165406071543534] 1
[1743165406071695243] 1
[1743165406071754410] 1
[1743165406071835077] 1
[1743165406086747909] 1
[1743165406086967785] 1
[1743165406087041451] 1
[1743165406087090743] 1
[1743165406087129368] 1
[1743165406089802959] 1
[1743165406089925168] 1
[1743165406089981668] 1
[1743165406090069418] 1
[1743165406947521863] 1
[1743165406948035114] 1
[1743165406948123906] 1
[1743165407071358774] 1
[1743165407074444534] 1
[1743165407074605493] 1
[1743165407074649785] 1
[1743165407074699993] 1
[1743165407074926536] 1
[1743165407074977494] 1
[1743165407085153110] 1
[1743165407085226111] 1
[1743165407085334236] 1
[1743165407085384570] 1
[1743165407085437236] 1
[1743165407086206822] 1
[1743165407086251531] 1
[1743165407089772834] 1
[1743165407089915501] 1
[1743165407950489447] 1
[1743165407951100032] 1
[1743165407951551575] 1
[1743165408078985858] 1
[1743165408079355234] 1
[1743165408079478860] 1
[1743165408079536568] 1
[1743165408079629610] 1
[1743165408079798069] 1
[1743165408083411625] 1
[1743165408083533625] 1
[1743165408083643667] 1
[1743165408083718667] 1
[1743165408083886376] 1
[1743165408083930210] 1
[1743165408083966127] 1
[1743165408084185002] 1
[1743165408084284753] 1
[1743165408084902672] 1
[1743165408084951839] 1
[1743165408954664012] 1
[1743165408955369682] 1
[1743165409089652602] 1
[1743165409089833686] 1
[1743165409089879895] 1
[1743165409089921270] 1
[1743165409090005145] 1
[1743165409090180730] 1
[1743165409090282938] 1
[1743165409090351939] 1
[1743165409102195156] 1
[1743165409102250281] 1
[1743165409102291198] 1
[1743165409102317948] 1
[1743165409102340698] 1
[1743165409102375448] 1
[1743165409103240202] 1
[1743165409106203714] 1
[1743165409106288173] 1
[1743165409957754419] 1
[1743165409958332755] 1
[1743165409958380463] 1
[1743165410084398830] 1
[1743165410084798541] 1
[1743165410084932708] 1
[1743165410085007500] 1
[1743165410085141250] 1
[1743165410085236959] 1
[1743165410085296501] 1
[1743165410096811139] 1
[1743165410096871515] 1
[1743165410096912556] 1
[1743165410097004724] 1
[1743165410097134557] 1
[1743165410097326350] 1
[1743165410099827529] 1
[1743165410100090072] 1
[1743165410100181072] 1
[1743165410100308864] 1
[1743165410961042871] 1
[1743165410962857546] 1
[1743165410964202011] 1
[1743165411055400219] 1
[1743165411055699596] 1
[1743165411055961764] 1
[1743165411056070431] 1
[1743165411056178515] 1
[1743165411061969295] 1
[1743165411062032004] 1
[1743165411062107296] 1
[1743165411062267505] 1
[1743165411063095176] 1
[1743165411063271594] 1
[1743165430772955308] 1
[1743165430773246187] 1
[1743165430776128892] 1
[1743165430776332478] 1
[1743165430860193173] 1
[1743165430860415593] 1
[1743165430883049559] 1
[1743165430883105310] 1
[1743165430883141560] 1
[1743165430883176561] 1
[1743165430883321605] 1
[1743165430883491482] 1
[1743165430883555733] 1
[1743165430883622817] 1
[1743165430883697401] 1
[1743165430883847570] 1
[1743165430884286659] 1
[1743165430890964122] 1
[1743165430923192550] 1
[1743165430923370594] 1
[1743165430923428553] 1
[1743165430923532763] 1
[1743165430923604680] 1
[1743165430923700223] 1
[1743165430926756514] 1
[1743165430926814014] 1
[1743165430927221145] 1
[1743165430937640116] 1
[1743165430949674276] 1
[1743165430949747193] 1
[1743165430949849195] 1
[1743165430957375044] 1
[1743165430957458671] 1
[1743165430957520463] 1
[1743165431011123384] 1
[1743165431011232427] 1
[1743165431011719600] 1
[1743165431011775101] 1
[1743165431014762725] 1
[1743165431015067313] 1
[1743165431024360939] 1
[1743165431024517025] 1
[1743165431030187477] 1
[1743165431030397355] 1
[1743165431112221594] 1
[1743165431112357221] 1
[1743165431112798727] 1
[1743165431112871394] 1
[1743165431113015646] 1
[1743165431137317519] 1
[1743165431137397686] 1
[1743165431157682921] 1
[1743165431157745255] 1
[1743165431157791756] 1
[1743165431157853382] 1
[1743165431158036509] 1
[1743165431158142885] 1
[1743165431158205636] 1
[1743165431158249512] 1
[1743165431158301721] 1
[1743165431168026020] 1
[1743165431168095563] 1
[1743165431168293690] 1
[1743165431168392358] 1
[1743165431168457151] 1
[1743165431168521902] 1
[1743165431181363327] 1
[1743165431181490453] 1
[1743165431190005653] 1
[1743165431190070403] 1
[1743165431190098446] 1
[1743165431190606536] 1
[1743165431190640245] 1
[1743165431190666078] 1
[1743165431190687287] 1
[1743165431190707537] 1
[1743165431190727329] 1
[1743165431207148761] 1
[1743165431207227304] 1
[1743165431207572392] 1
[1743165431207616226] 1
[1743165431208023773] 1
[1743165431208160108] 1
[1743165431208393945] 1
[1743165431257588406] 1
[1743165431257768908] 1
[1743165431257826868] 1
[1743165431258041204] 1
[1743165431260920535] 1
[1743165431261227789] 1
[1743165431282050614] 1
[1743165431282175616] 1
[1743165431282300117] 1
[1743165431284654691] 1
[1743165431361720824] 1
[1743165431361866492] 1
[1743165431361938327] 1
[1743165431382420480] 1
[1743165431382625567] 1
[1743165431403204305] 1
[1743165431403256389] 1
[1743165431403313890] 1
[1743165431403355891] 1
[1743165431403433683] 1
[1743165431403514476] 1
[1743165431403562768] 1
[1743165431403632519] 1
[1743165431403694687] 1
[1743165431413659656] 1
[1743165431413775449] 1
[1743165431414055745] 1
[1743165431414107120] 1
[1743165431414164163] 1
[1743165431414248289] 1
[1743165431414463708] 1
[1743165431435975376] 1
[1743165431438116114] 1
[1743165431455825271] 1
[1743165431456139817] 1
[1743165431456304153] 1
[1743165431456376029] 1
[1743165431456460238] 1
[1743165431456563240] 1
[1743165431459849785] 1
[1743165431513023009] 1
[1743165431513270970] 1
[1743165431513344055] 1
[1743165431513415806] 1
[1743165431513679976] 1
[1743165431516950187] 1
[1743165431532337521] 1
[1743165431532518482] 1
[1743165431539842790] 1
[1743165431621772489] 1
[1743165431622440498] 1
[1743165431622496416] 1
[1743165431622539374] 1
[1743165431622611042] 1
[1743165431622716544] 1
[1743165431652911705] 1
[1743165431670842532] 1
[1743165431670920825] 1
[1743165431671024410] 1
[1743165431671160328] 1
[1743165431671291455] 1
[1743165431671337830] 1
[1743165431671386748] 1
[1743165431671456915] 1
[1743165431671622459] 1
[1743165431716073815] 1
[1743165431716188941] 1
[1743165431719822491] 1
[1743165431719884658] 1
[1743165431719970576] 1
[1743165431720022618] 1
[1743165431720385748] 1
[1743165431720517375] 1
[1743165431723804586] 1
[1743165431735855501] 1
[1743165431735962835] 1
[1743165431736189172] 1
[1743165431736292673] 1
[1743165431736476551] 1
[1743165431736885098] 1
[1743165431765258484] 1
[1743165431765357277] 1
[1743165431765404819] 1
[1743165431768285192] 1
[1743165431770689391] 1
[1743165431868934021] 1
[1743165431869048647] 1
[1743165431869292984] 1
[1743165431869629530] 1
[1743165431872787073] 1
[1743165431872866116] 1
[1743165431873012076] 1
[1743165431873164745] 1
[1743165431873200995] 1
[1743165431873448332] 1
[1743165431873502499] 1
[1743165431874392387] 1
[1743165431912175484] 1
[1743165431977274329] 1
[1743165432007473699] 1
[1743165432121007743] 1
[1743165432124786838] 1
[1743165432124833130] 1
[1743165432124873172] 1
[1743165432124911464] 1
[1743165432131308137] 1
[1743165432131352346] 1
[1743165432131394472] 1
[1743165432131615891] 1
[1743165432132012189] 1
[1743165432135318068] 1
[1743165432138189692] 1
[1743165432166198833] 1
[1743165432191880525] 1
[1743165432192021652] 1
[1743165432192048735] 1
[1743165432192078236] 1
[1743165432192098111] 1
[1743165432192151237] 1
[1743165432192169112] 1
[1743165432192188154] 1
[1743165432192207196] 1
[1743165432192226696] 1
[1743165432192246655] 1
[1743165432192269405] 1
[1743165432192288697] 1
[1743165432192314822] 1
[1743165432192333406] 1
[1743165432192353865] 1
[1743165432192878164] 1
[1743165432192903789] 1
[1743165432192955706] 1
[1743165432203309351] 1
[1743165432227979154] 1
[1743165432265279258] 1
[1743165432378475673] 1
[1743165432381602633] 1
[1743165432381721968] 1
[1743165432381770302] 1
[1743165432384524840] 1
[1743165432384581008] 1
[1743165432384643925] 1
[1743165432384896596] 1
[1743165432384954721] 1
[1743165432384995847] 1
[1743165432385720857] 1
[1743165432386501618] 1
[1743165432424673151] 1
[1743165432490528321] 1
[1743165432515629630] 1
[1743165432631301412] 1
[1743165432631634125] 1
[1743165432631909087] 1
[1743165432632017756] 1
[1743165432640195662] 1
[1743165432640239745] 1
[1743165432640273079] 1
[1743165432640322872] 1
[1743165432643107036] 1
[1743165432646119036] 1
[1743165432646172912] 1
[1743165432650699225] 1
[1743165432708018692] 1
[1743165432743498688] 1
[1743165432880494976] 1
[1743165432880735896] 1
[1743165432880807481] 1
[1743165432881189069] 1
[1743165432889663271] 1
[1743165432889724230] 1
[1743165432889771814] 1
[1743165432890351072] 1
[1743165432892709813] 1
[1743165432892793398] 1
[1743165433157365438] 1
[1743165433157562941] 1
[1743165433169650530] 1
[1743165433169766365] 1
[1743165433169869367] 1
[1743165433169964035] 1
[1743165433170463750] 1
[1743165433173228248] 1
[1743165433173265915] 1
[1743165433173344625] 1
[1743165433193568581] 1
[1743165433194149714] 1
[1743165433194202798] 1
[1743165433194232757] 1
[1743165433194251966] 1
[1743165433194270549] 1
[1743165433194290883] 1
[1743165433194310425] 1
[1743165433194325425] 1
[1743165433194365384] 1
[1743165433194391093] 1
[1743165433194404968] 1
[1743165433194422802] 1
[1743165433194435593] 1
[1743165433194448719] 1
[1743165433194498428] 1
[1743165433194513095] 1
[1743165433194690055] 1
[1743165433194723723] 1
[1743165433422055227] 1
[1743165433422386773] 1
[1743165433423059200] 1
[1743165433434576614] 1
[1743165433434642532] 1
[1743165433434694699] 1
[1743165433434777617] 1
[1743165433435350459] 1
[1743165433435884383] 1
[1743165433436136553] 1
[1743165433659571044] 1
[1743165433659968008] 1
[1743165433668789717] 1
[1743165433669053304] 1
[1743165433669254099] 1
[1743165433669475519] 1
[1743165433669675563] 1
[1743165433697286958] 1
[1743165433705111612] 1
[1743165433928322349] 1
[1743165433928596436] 1
[1743165433928963650] 1
[1743165433929144277] 1
[1743165433932054569] 1
[1743165433932207946] 1
[1743165433932433658] 1
[1743165433932557243] 1
[1743165433932732246] 1
[1743165433932922040] 1
[1743165434177258638] 1
[1743165434189573819] 1
[1743165434189798197] 1
[1743165434189977241] 1
[1743165434190144577] 1
[1743165434190391122] 1
[1743165434190925505] 1
[1743165434191244635] 1
[1743165434191481388] 1
[1743165434191673141] 1
[1743165434195044357] 1
[1743165434195119442] 1
[1743165434195180151] 1
[1743165434195230735] 1
[1743165434195281152] 1
[1743165434195336320] 1
[1743165434195385904] 1
[1743165434195446071] 1
[1743165434195496405] 1
[1743165434195541031] 1
[1743165434195585365] 1
[1743165434196093248] 1
[1743165434196150748] 1
[1743165434196195124] 1
[1743165434196212333] 1
[1743165434196226999] 1
[1743165434196242333] 1
[1743165434196257000] 1
[1743165434196270625] 1
[1743165434196284000] 1
[1743165434444125258] 1
[1743165434444485430] 1
[1743165434456157018] 1
[1743165434456457522] 1
[1743165434456657483] 1
[1743165434456852861] 1
[1743165434457136324] 1
[1743165434457679248] 1
[1743165434457917294] 1
[1743165434458083838] 1
[1743165434737724686] 1
[1743165434738040149] 1
[1743165434738273695] 1
[1743165434738429447] 1
[1743165434738618825] 1
[1743165434738777035] 1
[1743165434738957413] 1
[1743165434739425378] 1
[1743165434739604214] 1
[1743165434740207556] 1
[1743165434939028054] 1
[1743165434939342433] 1
[1743165434939555978] 1
[1743165434942638107] 1
[1743165434942872985] 1
[1743165434943052904] 1
[1743165434943292658] 1
[1743165434943485911] 1
[1743165435195239956] 1
[1743165435195446709] 1
[1743165435195632129] 1
[1743165435195754089] 1
[1743165435195944800] 1
[1743165435196514017] 1
[1743165435196598810] 1
[1743165435196646852] 1
[1743165435196690145] 1
[1743165435196731312] 1
[1743165435196772854] 1
[1743165435196818522] 1
[1743165435196862856] 1
[1743165435196904565] 1
[1743165435196960691] 1
[1743165435197008816] 1
[1743165435197052192] 1
[1743165435197511074] 1
[1743165435197578491] 1
[1743165435197619992] 1
[1743165435197688576] 1
[1743165435197744827] 1
[1743165435197790411] 1
[1743165435197841912] 1
[1743165435197988039] 1
[1743165435453584622] 1
[1743165435457222260] 1
[1743165435457432096] 1
[1743165435457636474] 1
[1743165435457787393] 1
[1743165435743866183] 1
[1743165435743974768] 1
[1743165435744081144] 1
[1743165435744221146] 1
[1743165435744347815] 1
[1743165435944152769] 1
[1743165435944500316] 1
[1743165435944606151] 1
[1743165435950277153] 1
[1743165435951368211] 1
[1743165436202948173] 1
[1743165436203189260] 1
[1743165436203239178] 1
[1743165436203350138] 1
[1743165436203393139] 1
[1743165436203444056] 1
[1743165436203490015] 1
[1743165436203506724] 1
[1743165436203522682] 1
[1743165436203537932] 1
[1743165436203551891] 1
[1743165436203567308] 1
[1743165436203582766] 1
[1743165436203597475] 1
[1743165436203611767] 1
[1743165436203656476] 1
[1743165436203673268] 1
[1743165436203687060] 1
[1743165436203800936] 1
[1743165436207316074] 1
[1743165436207406575] 1
[1743165436207499618] 1
[1743165436207580036] 1
[1743165436207642495] 1
[1743165436209180769] 1
[1743165436477116125] 1
[1743165436477754468] 1
[1743165436480934892] 1
[1743165436481252564] 1
[1743165436481502734] 1
[1743165436775633950] 1
[1743165436775782703] 1
[1743165436776391379] 1
[1743165436776819469] 1
[1743165436776960179] 1
[1743165436966569710] 1
[1743165436969726258] 1
[1743165436970012304] 1
[1743165436970232516] 1
[1743165437224437859] 1
[1743165437224570236] 1
[1743165437224633320] 1
[1743165437224720321] 1
[1743165437224784114] 1
[1743165437224852698] 1
[1743165437224912033] 1
[1743165437224966867] 1
[1743165437225072827] 1
[1743165437225129994] 1
[1743165437225185412] 1
[1743165437225235663] 1
[1743165437225293414] 1
[1743165437225372748] 1
[1743165437225423957] 1
[1743165437266899482] 1
[1743165437267149402] 1
[1743165437270173699] 1
[1743165437270280826] 1
[1743165437270362244] 1
[1743165437270570289] 1
[1743165437270650665] 1
[1743165437270763334] 1
[1743165437270917544] 1
[1743165437271257258] 1
[1743165437497647385] 1
[1743165437497921139] 1
[1743165437500680099] 1
[1743165437500958854] 1
[1743165437501139440] 1
[1743165437768237370] 1
[1743165437778135442] 1
[1743165437781685539] 1
[1743165437781966544] 1
[1743165437782038753] 1
[1743165438002948586] 1
[1743165438003090672] 1
[1743165438006927899] 1
[1743165438007315322] 1
[1743165438010510248] 1
[1743165438239090482] 1
[1743165438239177942] 1
[1743165438239193234] 1
[1743165438239211234] 1
[1743165438239224443] 1
[1743165438244013978] 1
[1743165438244036853] 1
[1743165438244046770] 1
[1743165438244056395] 1
[1743165438244067020] 1
[1743165438244120313] 1
[1743165438244134605] 1
[1743165438244142313] 1
[1743165438244155938] 1
[1743165438244211606] 1
[1743165438244225481] 1
[1743165438268049528] 1
[1743165438268230531] 1
[1743165438268302574] 1
[1743165438268802790] 1
[1743165438277219008] 1
[1743165438277268801] 1
[1743165438277780309] 1
[1743165438278348818] 1
[1743165438278497903] 1
[1743165438525508849] 1
[1743165438525617184] 1
[1743165438525658352] 1
[1743165438525701102] 1
[1743165438525759728] 1
[1743165438766693119] 1
[1743165438766829412] 1
[1743165438767104167] 1
[1743165438767222919] 1
[1743165438774535702] 1
[1743165439246332232] 1
[1743165439246890324] 1
[1743165439246969825] 1
[1743165439247036410] 1
[1743165439247115994] 1
[1743165439247310997] 1
[1743165439247412666] 1
[1743165439247469625] 1
[1743165439247528959] 1
[1743165439247594835] 1
[1743165439247654628] 1
[1743165439343650609] 1
[1743165439343980822] 1
[1743165439344220535] 1
[1743165439347309460] 1
[1743165439347372419] 1
[1743165439347583923] 1
[1743165439347904886] 1
[1743165439348017013] 1
[1743165439348119765] 1
[1743165440250313496] 1
[1743165440251173552] 1
[1743165440384601267] 1
[1743165440385156693] 1
[1743165440385212194] 1
[1743165440385260153] 1
[1743165440385512866] 1
[1743165440385654285] 1
[1743165440385700119] 1
[1743165440385753161] 1
[1743165440400212860] 1
[1743165440400270236] 1
[1743165440400580991] 1
[1743165440400622075] 1
[1743165440400665492] 1
[1743165440400714702] 1
[1743165440403218951] 1
[1743165440403318495] 1
[1743165440403450247] 1
[1743165440403547999] 1
[1743165441257873259] 1
[1743165441258553687] 1
[1743165441258581688] 1
[1743165441365259367] 1
[1743165441365396702] 1
[1743165441365444370] 1
[1743165441369146932] 1
[1743165441369238601] 1
[1743165441369292352] 1
[1743165441369406062] 1
[1743165441380966549] 1
[1743165441381044509] 1
[1743165441381443765] 1
[1743165441381505766] 1
[1743165441381553642] 1
[1743165441381602518] 1
[1743165441385170870] 1
[1743165441385232829] 1
[1743165441385282414] 1
[1743165442261491765] 1
[1743165442261977190] 1
[1743165442262022899] 1
[1743165442373815239] 1
[1743165442373927366] 1
[1743165442374165829] 1
[1743165442374440500] 1
[1743165442374520626] 1
[1743165442374664671] 1
[1743165442374897550] 1
[1743165442375024052] 1
[1743165442391562961] 1
[1743165442391625087] 1
[1743165442391687547] 1
[1743165442391783215] 1
[1743165442392018969] 1
[1743165442392077804] 1
[1743165442394884352] 1
[1743165442395007437] 1
[1743165442395223191] 1
[1743165443264401727] 1
[1743165443264984570] 1
[1743165443265186490] 1
[1743165443390852357] 1
[1743165443391187405] 1
[1743165443391276823] 1
[1743165443391320032] 1
[1743165443391471368] 1
[1743165443391543036] 1
[1743165443391980085] 1
[1743165443392111463] 1
[1743165443406744010] 1
[1743165443406809012] 1
[1743165443406862929] 1
[1743165443407037724] 1
[1743165443407106225] 1
[1743165443409802356] 1
[1743165443409958900] 1
[1743165443410029693] 1
[1743165443410071944] 1
[1743165444269844156] 1
[1743165444271164846] 1
[1743165444271299557] 1
[1743165444393622984] 1
[1743165444393808988] 1
[1743165444393979241] 1
[1743165444397386301] 1
[1743165444397454344] 1
[1743165444397537137] 1
[1743165444397594638] 1
[1743165444405932912] 1
[1743165444405982663] 1
[1743165444406292835] 1
[1743165444406360544] 1
[1743165444406403712] 1
[1743165444406544214] 1
[1743165444407055224] 1
[1743165444410237947] 1
[1743165444410330740] 1
[1743165445274328039] 1
[1743165445275288362] 1
[1743165445275373819] 1
[1743165445408128271] 1
[1743165445408342685] 1
[1743165445408412143] 1
[1743165445411479319] 1
[1743165445411545526] 1
[1743165445411622817] 1
[1743165445411671650] 1
[1743165445411750899] 1
[1743165445422778489] 1
[1743165445422836072] 1
[1743165445422887113] 1
[1743165445423090694] 1
[1743165445423187901] 1
[1743165445423731229] 1
[1743165445423781437] 1
[1743165445426936778] 1
[1743165445427123526] 1
[1743165446277477308] 1
[1743165446277708306] 1
[1743165446278046136] 1
[1743165446278082094] 1
[1743165446278097677] 1
[1743165446278109427] 1
[1743165446278138593] 1
[1743165446278229634] 1
[1743165446278252384] 1
[1743165446278285175] 1
[1743165446278316133] 1
[1743165446278337925] 1
[1743165446278356799] 1
[1743165446278382216] 1
[1743165446278400257] 1
[1743165446278419091] 1
[1743165446278440257] 1
[1743165446311898088] 1
[1743165446312131669] 1
[1743165446312609289] 1
[1743165446444755048] 1
[1743165446444930296] 1
[1743165446448048182] 1
[1743165446448115806] 1
[1743165446448286721] 1
[1743165446765026920] 1
[1743165446765175711] 1
[1743165446765226127] 1
[1743165446765326376] 1
[1743165446765385125] 1
[1743165447281398807] 1
[1743165447282085384] 1
[1743165447282184383] 1
[1743165447282260924] 1
[1743165447282338423] 1
[1743165447282443339] 1
[1743165447282514380] 1
[1743165447282570504] 1
[1743165447282937834] 1
[1743165447283332664] 1
[1743165447373530946] 1
[1743165447373743152] 1
[1743165447376767249] 1
[1743165447376848373] 1
[1743165447382724777] 1
[1743165447382781859] 1
[1743165447382823817] 1
[1743165447385255461] 1
[1743165447385370877] 1
[1743165447385465126] 1
[1743165448285243157] 1
[1743165448286271440] 1
[1743165448397810306] 1
[1743165448397934471] 1
[1743165448398225802] 1
[1743165448398358968] 1
[1743165448398452092] 1
[1743165448398666798] 1
[1743165448398863672] 1
[1743165448398985171] 1
[1743165448413410671] 1
[1743165448413478462] 1
[1743165448413657502] 1
[1743165448413963207] 1
[1743165448414004290] 1
[1743165448414067290] 1
[1743165448416613309] 1
[1743165448416678267] 1
[1743165448416754058] 1
[1743165449289404887] 1
[1743165449290011423] 1
[1743165449290367046] 1
[1743165449422891609] 1
[1743165449423134107] 1
[1743165449423212815] 1
[1743165449423265106] 1
[1743165449423381397] 1
[1743165449423423146] 1
[1743165449423517396] 1
[1743165449423574395] 1
[1743165449432780946] 1
[1743165449432851863] 1
[1743165449432961487] 1
[1743165449433025111] 1
[1743165449433096319] 1
[1743165449433182360] 1
[1743165449433435233] 1
[1743165449440231762] 1
[1743165449440301886] 1
[1743165450297051713] 1
[1743165450297683208] 1
[1743165450297754499] 1
[1743165450421177257] 1
[1743165450421295215] 1
[1743165450421400422] 1
[1743165450421449380] 1
[1743165450421521088] 1
[1743165450421665504] 1
[1743165450421832794] 1
[1743165450421926752] 1
[1743165450435832650] 1
[1743165450435874816] 1
[1743165450435943774] 1
[1743165450435981607] 1
[1743165450436014648] 1
[1743165450436612185] 1
[1743165450437234389] 1
[1743165450437431929] 1
[1743165450437556137] 1
[1743165451301664467] 1
[1743165451303001249] 1
[1743165451409997697] 1
[1743165451410136738] 1
[1743165451410223487] 1
[1743165451410284862] 1
[1743165451410326778] 1
[1743165451410367028] 1
[1743165451410404819] 1
[1743165451410432194] 1
[1743165451424817222] 1
[1743165451424891680] 1
[1743165451424940430] 1
[1743165451424972513] 1
[1743165451425023013] 1
[1743165451427631370] 1
[1743165451427695078] 1
[1743165451427776536] 1
[1743165451427863993] 1
[1743165452307232566] 1
[1743165452307933478] 1
[1743165452308546350] 1
[1743165452446272178] 1
[1743165452446397385] 1
[1743165452446462801] 1
[1743165452448742204] 1
[1743165452448812245] 1
[1743165452448899245] 1
[1743165452452053392] 1
[1743165452452107975] 1
[1743165452452177017] 1
[1743165452452254350] 1
[1743165452452356057] 1
[1743165452452432057] 1
[1743165452452482431] 1
[1743165452452638806] 1
[1743165452452687555] 1
[1743165452452826054] 1
[1743165452452859971] 1
[1743165453311131267] 1
[1743165453311810472] 1
[1743165453312150179] 1
[1743165453450085341] 1
[1743165453450228923] 1
[1743165453450304090] 1
[1743165453450390423] 1
[1743165453450499172] 1
[1743165453450661463] 1
[1743165453453687571] 1
[1743165453453749487] 1
[1743165453453812070] 1
[1743165453453842529] 1
[1743165453454036319] 1
[1743165453454082944] 1
[1743165453454157902] 1
[1743165453454223443] 1
[1743165453454301068] 1
[1743165453454372276] 1
[1743165453454944148] 1
[1743165454314296053] 1
[1743165454315088632] 1
[1743165454442061682] 1
[1743165454442206432] 1
[1743165454442316389] 1
[1743165454442380306] 1
[1743165454442516805] 1
[1743165454442583430] 1
[1743165454442636221] 1
[1743165454442690138] 1
[1743165454451612178] 1
[1743165454451689969] 1
[1743165454451748594] 1
[1743165454451956134] 1
[1743165454452021926] 1
[1743165454452057634] 1
[1743165454452555173] 1
[1743165454455420451] 1
[1743165454455475700] 1
[1743165455318493738] 1
[1743165455319169318] 1
[1743165455319237901] 1
[1743165455460621258] 1
[1743165455460754924] 1
[1743165455461016339] 1
[1743165455461078172] 1
[1743165455463173289] 1
[1743165455463254913] 1
[1743165455466037443] 1
[1743165455466082318] 1
[1743165455466134818] 1
[1743165455466172234] 1
[1743165455466212901] 1
[1743165455466246734] 1
[1743165455466435441] 1
[1743165455466498108] 1
[1743165455466534024] 1
[1743165455466560482] 1
[1743165455467406812] 1
[1743165456324134562] 1
[1743165456325079892] 1
[1743165456325191892] 1
[1743165456325253558] 1
[1743165456325403474] 1
[1743165456325478141] 1
[1743165456325538515] 1
[1743165456325591307] 1
[1743165456325648307] 1
[1743165456325730390] 1
[1743165456325800140] 1
[1743165456325867431] 1
[1743165456325938889] 1
[1743165456325984014] 1
[1743165456326027097] 1
[1743165456373694256] 1
[1743165456373920422] 1
[1743165456374028713] 1
[1743165456380457856] 1
[1743165456380676105] 1
[1743165457328162571] 1
[1743165457455573095] 1
[1743165457455700636] 1
[1743165457455765844] 1
[1743165457455814011] 1
[1743165457455854052] 1
[1743165457455881927] 1
[1743165457455923469] 1
[1743165457455964135] 1
[1743165457468671346] 1
[1743165457468724471] 1
[1743165457468751596] 1
[1743165457468794429] 1
[1743165457468999178] 1
[1743165457469065553] 1
[1743165457469522968] 1
[1743165457472311918] 1
[1743165457472364084] 1
[1743165457472412543] 1
[1743165458332668662] 1
[1743165458333610785] 1
[1743165458333802868] 1
[1743165458451530947] 1
[1743165458451608280] 1
[1743165458451641864] 1
[1743165458451683322] 1
[1743165458451722780] 1
[1743165458451803905] 1
[1743165458451873030] 1
[1743165458452032821] 1
[1743165458452253195] 1
[1743165458452289570] 1
[1743165458452316445] 1
[1743165458452370195] 1
[1743165458452425903] 1
[1743165458455699145] 1
[1743165458455736937] 1
[1743165458455761187] 1
[1743165458456419435] 1
[1743165459340258198] 1
[1743165459340873322] 1
[1743165459470520820] 1
[1743165459470620237] 1
[1743165459470779778] 1
[1743165459470820028] 1
[1743165459470882236] 1
[1743165459470982611] 1
[1743165459471086819] 1
[1743165459471272402] 1
[1743165459485579416] 1
[1743165459485658999] 1
[1743165459485697707] 1
[1743165459485734832] 1
[1743165459485790707] 1
[1743165459485857290] 1
[1743165459485916790] 1
[1743165459487557204] 1
[1743165459487638620] 1
[1743165460344498268] 1
[1743165460345033975] 1
[1743165460348814554] 1
[1743165460455343656] 1
[1743165460455504905] 1
[1743165460455549114] 1
[1743165460455575530] 1
[1743165460455647155] 1
[1743165460455704947] 1
[1743165460455751905] 1
[1743165460455821780] 1
[1743165460469810177] 1
[1743165460469863760] 1
[1743165460470109593] 1
[1743165460470178260] 1
[1743165460470242885] 1
[1743165460472591882] 1
[1743165460472723256] 1
[1743165460472815048] 1
[1743165460472906006] 1
[1743165461352067475] 1
[1743165461352565600] 1
[1743165461352789808] 1
[1743165461467022629] 1
[1743165461467155587] 1
[1743165461467222337] 1
[1743165461467280212] 1
[1743165461467450045] 1
[1743165461467545628] 1
[1743165461467596253] 1
[1743165461467645753] 1
[1743165461481705325] 1
[1743165461481768616] 1
[1743165461482085991] 1
[1743165461482126574] 1
[1743165461482167866] 1
[1743165461484397489] 1
[1743165461484483114] 1
[1743165461484553364] 1
[1743165461484605822] 1
[1743165462354648362] 1
[1743165462355164028] 1
[1743165462355422070] 1
[1743165462490573737] 1
[1743165462490700695] 1
[1743165462490797029] 1
[1743165462490848779] 1
[1743165462490883362] 1
[1743165462490918029] 1
[1743165462493771194] 1
[1743165462493811403] 1
[1743165462493835694] 1
[1743165462493862486] 1
[1743165462494211278] 1
[1743165462494269861] 1
[1743165462494302194] 1
[1743165462494414278] 1
[1743165462494537611] 1
[1743165462494591153] 1
[1743165462494995361] 1
[1743165463362521704] 1
[1743165463363427788] 1
[1743165463477311439] 1
[1743165463477444855] 1
[1743165463477524939] 1
[1743165463477589730] 1
[1743165463477638397] 1
[1743165463477772230] 1
[1743165463477871272] 1
[1743165463489978400] 1
[1743165463490041108] 1
[1743165463490080233] 1
[1743165463490115483] 1
[1743165463490149483] 1
[1743165463490174150] 1
[1743165463490199316] 1
[1743165463492760275] 1
[1743165463492822817] 1
[1743165463493053734] 1
[1743165464365876204] 1
[1743165464366375538] 1
[1743165464366678496] 1
[1743165464488169962] 1
[1743165464488469962] 1
[1743165464488611129] 1
[1743165464488655379] 1
[1743165464488695213] 1
[1743165464488725921] 1
[1743165464488792588] 1
[1743165464488841921] 1
[1743165464504590433] 1
[1743165464504633766] 1
[1743165464504662183] 1
[1743165464504698058] 1
[1743165464504749183] 1
[1743165464507310977] 1
[1743165464507377727] 1
[1743165464507411560] 1
[1743165464507473477] 1
[1743165465369659018] 1
[1743165465370208686] 1
[1743165465370569728] 1
[1743165465505952399] 1
[1743165465506083732] 1
[1743165465506187857] 1
[1743165465506235357] 1
[1743165465506566066] 1
[1743165465506617775] 1
[1743165465509576237] 1
[1743165465509610487] 1
[1743165465509646070] 1
[1743165465509927695] 1
[1743165465509988737] 1
[1743165465510023904] 1
[1743165465510057946] 1
[1743165465510141862] 1
[1743165465510179529] 1
[1743165465510221362] 1
[1743165465510286404] 1
[1743165466372321637] 1
[1743165466373049971] 1
[1743165466373468805] 1
[1743165466373542181] 1
[1743165466373598139] 1
[1743165466373785931] 1
[1743165466373847098] 1
[1743165466373893806] 1
[1743165466373935431] 1
[1743165466373973890] 1
[1743165466374016265] 1
[1743165466374076723] 1
[1743165466374435599] 1
[1743165466374506891] 1
[1743165466446948852] 1
[1743165466450875442] 1
[1743165466450956026] 1
[1743165466450994318] 1
[1743165466451019234] 1
[1743165467376312847] 1
[1743165467377087224] 1
[1743165467506076475] 1
[1743165467506588892] 1
[1743165467506676309] 1
[1743165467506724559] 1
[1743165467506779684] 1
[1743165467506857976] 1
[1743165467507015852] 1
[1743165467507111560] 1
[1743165467522585762] 1
[1743165467522650012] 1
[1743165467522681345] 1
[1743165467522785137] 1
[1743165467522829637] 1
[1743165467522861429] 1
[1743165467523357555] 1
[1743165467526244854] 1
[1743165467526299645] 1
[1743165467526366229] 1
[1743165468379349762] 1
[1743165468379860347] 1
[1743165468379954264] 1
[1743165468495579832] 1
[1743165468495693583] 1
[1743165468495748791] 1
[1743165468495802541] 1
[1743165468495833375] 1
[1743165468496280834] 1
[1743165468499191176] 1
[1743165468510623457] 1
[1743165468510685124] 1
[1743165468510726707] 1
[1743165468510757999] 1
[1743165468510800416] 1
[1743165468511332959] 1
[1743165468515156970] 1
[1743165468515230720] 1
[1743165468515478512] 1
[1743165468515584721] 1
[1743165469382586084] 1
[1743165469383301461] 1
[1743165469509556454] 1
[1743165469509654829] 1
[1743165469512441296] 1
[1743165469512496463] 1
[1743165469512557338] 1
[1743165469512587088] 1
[1743165469512636547] 1
[1743165469513054340] 1
[1743165469521349950] 1
[1743165469521395075] 1
[1743165469521465034] 1
[1743165469521514534] 1
[1743165469521551159] 1
[1743165469521577451] 1
[1743165469522134078] 1
[1743165469525508630] 1
[1743165469525546047] 1
[1743165470386538392] 1
[1743165470387128935] 1
[1743165470387220519] 1
[1743165470521397851] 1
[1743165470521497934] 1
[1743165470521570685] 1
[1743165470521642352] 1
[1743165470521710560] 1
[1743165470521949686] 1
[1743165470524848905] 1
[1743165470524917322] 1
[1743165470524948697] 1
[1743165470525216448] 1
[1743165470525257282] 1
[1743165470525290948] 1
[1743165470525328282] 1
[1743165470525386115] 1
[1743165470525426991] 1
[1743165470525477741] 1
[1743165470525520949] 1
[1743165471389551171] 1
[1743165471389841505] 1
[1743165471389879464] 1
[1743165471484441734] 1
[1743165471484583360] 1
[1743165471484698569] 1
[1743165471484737485] 1
[1743165471484766694] 1
[1743165471484801819] 1
[1743165471484828902] 1
[1743165471498894086] 1
[1743165471498951128] 1
[1743165471498979212] 1
[1743165471499004253] 1
[1743165471499045504] 1
[1743165471501297888] 1
[1743165471501444722] 1
[1743165471501485972] 1
[1743165471501531306] 1
[1743165472395281305] 1
[1743165472395848183] 1
[1743165472395939767] 1
[1743165472527020625] 1
[1743165472529876388] 1
[1743165472529913513] 1
[1743165472529953805] 1
[1743165472529983389] 1
[1743165472530425057] 1
[1743165472530491141] 1
[1743165472530528016] 1
[1743165472539683559] 1
[1743165472539735351] 1
[1743165472539767392] 1
[1743165472539794268] 1
[1743165472539823226] 1
[1743165472539868810] 1
[1743165472540557979] 1
[1743165472543746703] 1
[1743165472543844995] 1
[1743165473398422264] 1
[1743165473398817349] 1
[1743165473398876308] 1
[1743165473531602276] 1
[1743165473531702776] 1
[1743165473531776526] 1
[1743165473531811068] 1
[1743165473532204612] 1
[1743165473532267029] 1
[1743165473535728963] 1
[1743165473535765255] 1
[1743165473535800672] 1
[1743165473535824630] 1
[1743165473535875089] 1
[1743165473535916381] 1
[1743165473535960631] 1
[1743165473536055590] 1
[1743165473536108548] 1
[1743165473536786427] 1
[1743165473536911386] 1
[1743165474401624883] 1
[1743165474402440721] 1
[1743165474530383971] 1
[1743165474530470805] 1
[1743165474533291070] 1
[1743165474533348154] 1
[1743165474533409946] 1
[1743165474533476071] 1
[1743165474533578739] 1
[1743165474533939241] 1
[1743165474542336496] 1
[1743165474542381537] 1
[1743165474542412829] 1
[1743165474542439538] 1
[1743165474542464871] 1
[1743165474542490163] 1
[1743165474542992416] 1
[1743165474546521227] 1
[1743165474546649478] 1
[1743165475405673369] 1
[1743165475406206039] 1
[1743165475406256664] 1
[1743165475514438686] 1
[1743165475514554812] 1
[1743165475514641895] 1
[1743165475514789980] 1
[1743165475514847772] 1
[1743165475514931147] 1
[1743165475514998439] 1
[1743165475515189399] 1
[1743165475529040481] 1
[1743165475529092315] 1
[1743165475529149524] 1
[1743165475529223191] 1
[1743165475529282233] 1
[1743165475529832278] 1
[1743165475530574699] 1
[1743165475530692908] 1
[1743165475530808159] 1
[1743165476408540455] 1
[1743165476409169168] 1
[1743165476409240627] 1
[1743165476409292835] 1
[1743165476409394253] 1
[1743165476409450003] 1
[1743165476409505712] 1
[1743165476409553587] 1
[1743165476409605837] 1
[1743165476409660088] 1
[1743165476409719130] 1
[1743165476409771380] 1
[1743165476409821214] 1
[1743165476409947423] 1
[1743165476475404842] 1
[1743165476483967522] 1
[1743165476484173524] 1
[1743165476484222899] 1
[1743165476488036507] 1
[1743165477412388980] 1
[1743165477413552322] 1
[1743165477544121214] 1
[1743165477544312715] 1
[1743165477544401674] 1
[1743165477544465800] 1
[1743165477544515425] 1
[1743165477544561634] 1
[1743165477544616551] 1
[1743165477544658926] 1
[1743165477556684050] 1
[1743165477556726717] 1
[1743165477556753467] 1
[1743165477556780051] 1
[1743165477556805967] 1
[1743165477556827884] 1
[1743165477557659265] 1
[1743165477560573577] 1
[1743165477560607827] 1
[1743165477560643744] 1
[1743165478416289098] 1
[1743165478416946561] 1
[1743165478416985728] 1
[1743165478519365012] 1
[1743165478519454805] 1
[1743165478522263283] 1
[1743165478522574911] 1
[1743165478535042543] 1
[1743165478535091335] 1
[1743165478535121918] 1
[1743165478535650922] 1
[1743165478535687464] 1
[1743165478535725089] 1
[1743165478538575610] 1
[1743165478538629361] 1
[1743165478538668236] 1
[1743165478538752820] 1
[1743165478538792445] 1
[1743165478538836695] 1
[1743165478539516575] 1
[1743165479418884125] 1
[1743165479419682839] 1
[1743165479540921769] 1
[1743165479541050645] 1
[1743165479541112645] 1
[1743165479544521547] 1
[1743165479544629339] 1
[1743165479544811465] 1
[1743165479545365886] 1
[1743165479557049268] 1
[1743165479557112060] 1
[1743165479557292228] 1
[1743165479557508188] 1
[1743165479557564480] 1
[1743165479557757523] 1
[1743165479558404653] 1
[1743165479561421468] 1
[1743165479561514135] 1
[1743165479561689303] 1
[1743165480422306652] 1
[1743165480422820989] 1
[1743165480422875073] 1
[1743165480554530969] 1
[1743165480554680095] 1
[1743165480554810680] 1
[1743165480554859888] 1
[1743165480555082765] 1
[1743165480555483060] 1
[1743165480558483668] 1
[1743165480558527585] 1
[1743165480558572793] 1
[1743165480558630377] 1
[1743165480558862254] 1
[1743165480558926129] 1
[1743165480558978505] 1
[1743165480559170465] 1
[1743165480559407967] 1
[1743165480559530884] 1
[1743165480559600718] 1
[1743165481426070839] 1
[1743165481427402850] 1
[1743165481427660894] 1
[1743165481545591393] 1
[1743165481545806353] 1
[1743165481545961188] 1
[1743165481546016146] 1
[1743165481546128939] 1
[1743165481546193648] 1
[1743165481549413467] 1
[1743165481560696479] 1
[1743165481560755146] 1
[1743165481560795063] 1
[1743165481560828314] 1
[1743165481560925731] 1
[1743165481561574320] 1
[1743165481564564887] 1
[1743165481564631762] 1
[1743165481564763014] 1
[1743165482430058886] 1
[1743165482430776392] 1
[1743165482430850809] 1
[1743165482565128708] 1
[1743165482565241251] 1
[1743165482565284084] 1
[1743165482567445229] 1
[1743165482567496437] 1
[1743165482567549979] 1
[1743165482571478723] 1
[1743165482571577098] 1
[1743165482571614890] 1
[1743165482571674683] 1
[1743165482571725766] 1
[1743165482571776892] 1
[1743165482571929018] 1
[1743165482572188687] 1
[1743165482572274063] 1
[1743165482572722275] 1
[1743165482573274447] 1
[1743165483433186068] 1
[1743165483434017868] 1
[1743165483434076035] 1
[1743165483548666387] 1
[1743165483548916264] 1
[1743165483549025932] 1
[1743165483549075890] 1
[1743165483549178558] 1
[1743165483549238517] 1
[1743165483549483019] 1
[1743165483564070404] 1
[1743165483564124280] 1
[1743165483564218447] 1
[1743165483564297115] 1
[1743165483564346448] 1
[1743165483565005246] 1
[1743165483568046274] 1
[1743165483568181359] 1
[1743165483568277693] 1
[1743165483568345694] 1
[1743165484437274647] 1
[1743165484437806069] 1
[1743165484571224937] 1
[1743165484571342480] 1
[1743165484571376814] 1
[1743165484571415397] 1
[1743165484571530232] 1
[1743165484571625233] 1
[1743165484574542427] 1
[1743165484574581469] 1
[1743165484574616178] 1
[1743165484574789430] 1
[1743165484574829847] 1
[1743165484574887847] 1
[1743165484574937098] 1
[1743165484575217392] 1
[1743165484575280559] 1
[1743165484575334018] 1
[1743165484576058109] 1
[1743165485445894944] 1
[1743165485446434616] 1
[1743165485446539492] 1
[1743165485580218746] 1
[1743165485580402456] 1
[1743165485580490874] 1
[1743165485580532583] 1
[1743165485580573333] 1
[1743165485583001316] 1
[1743165485586238098] 1
[1743165485586305307] 1
[1743165485586377683] 1
[1743165485586439642] 1
[1743165485586482767] 1
[1743165485586576477] 1
[1743165485586756062] 1
[1743165485586856604] 1
[1743165485586924063] 1
[1743165485587094940] 1
[1743165485587146066] 1
[1743165486451330545] 1
[1743165486451915551] 1
[1743165486451986010] 1
[1743165486452051552] 1
[1743165486452100219] 1
[1743165486452162803] 1
[1743165486452219012] 1
[1743165486452278221] 1
[1743165486452323638] 1
[1743165486452373931] 1
[1743165486452421973] 1
[1743165486452694976] 1
[1743165486452984104] 1
[1743165486528494137] 1
[1743165486528653597] 1
[1743165486532387302] 1
[1743165486535693170] 1
[1743165486535755796] 1
[1743165486536081966] 1
[1743165486536510595] 1
[1743165487456012633] 1
[1743165487588824309] 1
[1743165487589242480] 1
[1743165487589368482] 1
[1743165487589434732] 1
[1743165487589475358] 1
[1743165487589513858] 1
[1743165487592362555] 1
[1743165487592402097] 1
[1743165487605061858] 1
[1743165487605130484] 1
[1743165487605170360] 1
[1743165487605212235] 1
[1743165487605371028] 1
[1743165487605413529] 1
[1743165487605438571] 1
[1743165487609256278] 1
[1743165487609522781] 1
[1743165487609582282] 1
[1743165488458727355] 1
[1743165488459253694] 1
[1743165488459348612] 1
[1743165488585202133] 1
[1743165488585352468] 1
[1743165488585827724] 1
[1743165488585886641] 1
[1743165488585964059] 1
[1743165488586023934] 1
[1743165488586190394] 1
[1743165488586248062] 1
[1743165488601051309] 1
[1743165488601101685] 1
[1743165488601155894] 1
[1743165488601454980] 1
[1743165488601527273] 1
[1743165488604173427] 1
[1743165488604282387] 1
[1743165488604468514] 1
[1743165488604543640] 1
[1743165489461735729] 1
[1743165489462166567] 1
[1743165489462300777] 1
[1743165489577009007] 1
[1743165489577311886] 1
[1743165489577404262] 1
[1743165489577521555] 1
[1743165489577638389] 1
[1743165489577715765] 1
[1743165489581137721] 1
[1743165489593604406] 1
[1743165489593655531] 1
[1743165489593699740] 1
[1743165489593771824] 1
[1743165489593815116] 1
[1743165489594455665] 1
[1743165489597661994] 1
[1743165489597734453] 1
[1743165489597944997] 1
[1743165489598019039] 1
[1743165490465175793] 1
[1743165490465783551] 1
[1743165490590746066] 1
[1743165490593807102] 1
[1743165490593880812] 1
[1743165490593994688] 1
[1743165490594068772] 1
[1743165490594219232] 1
[1743165490594259233] 1
[1743165490606287083] 1
[1743165490606346375] 1
[1743165490606384542] 1
[1743165490606462460] 1
[1743165490606829923] 1
[1743165490606876715] 1
[1743165490607388596] 1
[1743165490610381589] 1
[1743165490610433007] 1
[1743165490610486091] 1
[1743165491468395035] 1
[1743165491469182919] 1
[1743165491469561132] 1
[1743165491603172295] 1
[1743165491603298339] 1
[1743165491603364006] 1
[1743165491603519883] 1
[1743165491603647009] 1
[1743165491604045348] 1
[1743165491606897091] 1
[1743165491606931549] 1
[1743165491606975717] 1
[1743165491607016384] 1
[1743165491607139594] 1
[1743165491607192761] 1
[1743165491607230553] 1
[1743165491607283720] 1
[1743165491607312304] 1
[1743165491607379513] 1
[1743165491607433097] 1
[1743165492475630625] 1
[1743165492476175965] 1
[1743165492597497020] 1
[1743165492597756398] 1
[1743165492598738036] 1
[1743165492598780286] 1
[1743165492598824328] 1
[1743165492598941413] 1
[1743165492601775949] 1
[1743165492601822949] 1
[1743165492610896479] 1
[1743165492610958105] 1
[1743165492610995439] 1
[1743165492611048273] 1
[1743165492611092023] 1
[1743165492611740073] 1
[1743165492611779448] 1
[1743165492614867570] 1
[1743165492615014072] 1
[1743165493482781553] 1
[1743165493483324435] 1
[1743165493483361685] 1
[1743165493599728175] 1
[1743165493599869260] 1
[1743165493599932303] 1
[1743165493599977470] 1
[1743165493600198973] 1
[1743165493600292099] 1
[1743165493600336391] 1
[1743165493614878911] 1
[1743165493614946828] 1
[1743165493615032329] 1
[1743165493615075288] 1
[1743165493615120872] 1
[1743165493615174623] 1
[1743165493617858490] 1
[1743165493617953742] 1
[1743165493618043784] 1
[1743165493618127119] 1
[1743165494485286669] 1
[1743165494485820842] 1
[1743165494486171139] 1
[1743165494611180071] 1
[1743165494611270698] 1
[1743165494611313032] 1
[1743165494611401991] 1
[1743165494611437533] 1
[1743165494611851580] 1
[1743165494611920831] 1
[1743165494611989832] 1
[1743165494626078559] 1
[1743165494626149893] 1
[1743165494626263144] 1
[1743165494626321270] 1
[1743165494626572565] 1
[1743165494627021113] 1
[1743165494627701830] 1
[1743165494627940916] 1
[1743165494628143169] 1
[1743165495489845887] 1
[1743165495490534604] 1
[1743165495619342962] 1
[1743165495619513589] 1
[1743165495622505504] 1
[1743165495622569963] 1
[1743165495622721090] 1
[1743165495622775841] 1
[1743165495622809758] 1
[1743165495622849467] 1
[1743165495631087370] 1
[1743165495631147329] 1
[1743165495631467958] 1
[1743165495631519417] 1
[1743165495631579293] 1
[1743165495631649711] 1
[1743165495632069383] 1
[1743165495634984964] 1
[1743165495635045215] 1
[1743165496492553942] 1
[1743165496493791542] 1
[1743165496494104296] 1
[1743165496494331008] 1
[1743165496494513760] 1
[1743165496494669096] 1
[1743165496494858432] 1
[1743165496494916224] 1
[1743165496494958683] 1
[1743165496495000809] 1
[1743165496495125019] 1
[1743165496495177353] 1
[1743165496579370095] 1
[1743165496579533639] 1
[1743165496579620848] 1
[1743165496579765809] 1
[1743165496579824143] 1
[1743165496579904311] 1
[1743165496582928311] 1
[1743165496585287468] 1
[1743165497498599900] 1
[1743165497499188617] 1
[1743165497625068180] 1
[1743165497625215099] 1
[1743165497626342365] 1
[1743165497626421116] 1
[1743165497626501158] 1
[1743165497626586701] 1
[1743165497626651286] 1
[1743165497639266421] 1
[1743165497639328422] 1
[1743165497639386298] 1
[1743165497639473799] 1
[1743165497639541509] 1
[1743165497639607760] 1
[1743165497642501759] 1
[1743165497642669678] 1
[1743165497642734012] 1
[1743165497642867014] 1
[1743165498500793114] 1
[1743165498501260871] 1
[1743165498501674919] 1
[1743165498620872133] 1
[1743165498621180054] 1
[1743165498621224596] 1
[1743165498621315264] 1
[1743165498621402682] 1
[1743165498621777563] 1
[1743165498621825188] 1
[1743165498633248602] 1
[1743165498633495814] 1
[1743165498633539732] 1
[1743165498633603983] 1
[1743165498633649692] 1
[1743165498633775277] 1
[1743165498633822819] 1
[1743165498637550706] 1
[1743165498637645624] 1
[1743165498637711292] 1
[1743165499503636936] 1
[1743165499503942607] 1
[1743165499603652112] 1
[1743165499603844698] 1
[1743165499603909074] 1
[1743165499604109244] 1
[1743165499604161745] 1
[1743165499604239329] 1
[1743165499604279497] 1
[1743165499604354956] 1
[1743165499618705250] 1
[1743165499618802710] 1
[1743165499618870127] 1
[1743165499619027546] 1
[1743165499619093922] 1
[1743165499619142256] 1
[1743165499620508443] 1
[1743165499620741030] 1
[1743165499620850031] 1
[1743165500507615532] 1
[1743165500509116638] 1
[1743165500628451217] 1
[1743165500628611969] 1
[1743165500628750263] 1
[1743165500628865931] 1
[1743165500629011559] 1
[1743165500629077810] 1
[1743165500629108102] 1
[1743165500629137519] 1
[1743165500643687362] 1
[1743165500643743863] 1
[1743165500643784405] 1
[1743165500643860489] 1
[1743165500643927990] 1
[1743165500644072159] 1
[1743165500644163869] 1
[1743165500647458460] 1
[1743165500647571253] 1
[1743165500647628129] 1
[1743165501516542084] 1
[1743165501516624960] 1
[1743165501516637668] 1
[1743165501621138430] 1
[1743165501621286474] 1
[1743165501621524603] 1
[1743165501621617813] 1
[1743165501621663022] 1
[1743165501621761773] 1
[1743165501621833691] 1
[1743165501621874067] 1
[1743165501621930359] 1
[1743165501621982318] 1
[1743165501622219739] 1
[1743165501622304157] 1
[1743165501622355407] 1
[1743165501622440034] 1
[1743165501622491868] 1
[1743165501622534243] 1
[1743165501622558702] 1
[1743165502518861327] 1
[1743165502519956302] 1
[1743165502628564116] 1
[1743165502637432754] 1
[1743165502637626632] 1
[1743165502637680675] 1
[1743165502637789301] 1
[1743165502637857969] 1
[1743165502637947804] 1
[1743165502637990430] 1
[1743165502638023972] 1
[1743165502638256559] 1
[1743165502638310601] 1
[1743165502638476395] 1
[1743165502638517771] 1
[1743165502638649148] 1
[1743165502638694024] 1
[1743165502638748108] 1
[1743165502638878985] 1
[1743165503522195663] 1
[1743165503522360040] 1
[1743165503522379041] 1
[1743165503613613652] 1
[1743165503613771113] 1
[1743165503613811530] 1
[1743165503613853364] 1
[1743165503616274194] 1
[1743165503616394030] 1
[1743165503616502156] 1
[1743165503616545115] 1
[1743165503616722326] 1
[1743165503616784161] 1
[1743165503616837370] 1
[1743165503616889162] 1
[1743165503616978164] 1
[1743165503617041081] 1
[1743165503617094499] 1
[1743165503617257293] 1
[1743165503617322711] 1
[1743165504524556763] 1
[1743165504524678515] 1
[1743165504616847612] 1
[1743165504617032406] 1
[1743165504617287035] 1
[1743165504617920793] 1
[1743165504617966502] 1
[1743165504618035003] 1
[1743165504618084629] 1
[1743165504618172422] 1
[1743165504618256465] 1
[1743165504618305340] 1
[1743165504618344966] 1
[1743165504618441342] 1
[1743165504618525135] 1
[1743165504618558219] 1
[1743165504621525510] 1
[1743165504621633011] 1
[1743165504621687928] 1
[1743165505527315094] 1
[1743165505527521342] 1
[1743165505613526250] 1
[1743165505613685415] 1
[1743165505616613928] 1
[1743165505616692219] 1
[1743165505616746552] 1
[1743165505616785843] 1
[1743165505616836884] 1
[1743165505616874717] 1
[1743165505625715089] 1
[1743165505625771172] 1
[1743165505625810380] 1
[1743165505625849213] 1
[1743165505625914420] 1
[1743165505626132626] 1
[1743165505626576414] 1
[1743165505629465969] 1
[1743165505629517385] 1
[1743165505629791549] 1
[1743165506528908581] 1
[1743165506528988289] 1
[1743165506528998414] 1
[1743165506529007205] 1
[1743165506529018164] 1
[1743165506529130913] 1
[1743165506529162704] 1
[1743165506529170412] 1
[1743165506529176412] 1
[1743165506529185329] 1
[1743165506529195162] 1
[1743165506529205079] 1
[1743165506564308007] 1
[1743165506564503672] 1
[1743165506564602963] 1
[1743165506570607866] 1
[1743165506570671657] 1
[1743165506571034571] 1
[1743165506571610316] 1
[1743165506571800855] 1
[1743165507622452256] 1
[1743165507622570713] 1
[1743165507622625505] 1
[1743165507622704421] 1
[1743165507622741462] 1
[1743165507622895252] 1
[1743165507622994126] 1
[1743165507626366181] 1
[1743165507626420514] 1
[1743165507634940441] 1
[1743165507634992899] 1
[1743165507635038440] 1
[1743165507635085315] 1
[1743165507635208314] 1
[1743165507635274563] 1
[1743165507635850850] 1
[1743165507639094531] 1
[1743165507639143322] 1
[1743165507640424020] 1
[1743165508533625364] 1
[1743165508533722655] 1
[1743165508629165067] 1
[1743165508629368191] 1
[1743165508629439315] 1
[1743165508629553356] 1
[1743165508629784604] 1
[1743165508629839895] 1
[1743165508629909645] 1
[1743165508630081394] 1
[1743165508630155935] 1
[1743165508630225059] 1
[1743165508630317558] 1
[1743165508630364100] 1
[1743165508630462807] 1
[1743165508630573973] 1
[1743165508630664764] 1
[1743165508630722722] 1
[1743165508630808304] 1
[1743165508633470908] 1
[1743165509537038514] 1
[1743165509537683718] 1
[1743165509669071593] 1
[1743165509669149968] 1
[1743165509669177509] 1
[1743165509669238550] 1
[1743165509669376883] 1
[1743165509669561006] 1
[1743165509669998337] 1
[1743165509670054086] 1
[1743165509678795272] 1
[1743165509678849605] 1
[1743165509678895980] 1
[1743165509678936521] 1
[1743165509679028896] 1
[1743165509679077770] 1
[1743165509679696766] 1
[1743165509683797278] 1
[1743165509683949193] 1
[1743165510540877064] 1
[1743165510541657058] 1
[1743165510541713350] 1
[1743165510668894124] 1
[1743165510669299330] 1
[1743165510669526953] 1
[1743165510669576703] 1
[1743165510669675036] 1
[1743165510669731827] 1
[1743165510672623724] 1
[1743165510672686099] 1
[1743165510672719974] 1
[1743165510672904556] 1
[1743165510672970889] 1
[1743165510673065430] 1
[1743165510673108013] 1
[1743165510673227512] 1
[1743165510673269970] 1
[1743165510673350636] 1
[1743165510674060631] 1
[1743165511543926053] 1
[1743165511544033302] 1
[1743165511638539726] 1
[1743165511638668017] 1
[1743165511638703600] 1
[1743165511638728891] 1
[1743165511638796433] 1
[1743165511639254888] 1
[1743165511642234953] 1
[1743165511642279995] 1
[1743165511642314453] 1
[1743165511642345286] 1
[1743165511642398244] 1
[1743165511642426244] 1
[1743165511642447910] 1
[1743165511642490118] 1
[1743165511642514160] 1
[1743165511642599326] 1
[1743165511642634243] 1
[1743165512547119257] 1
[1743165512547912252] 1
[1743165512681528224] 1
[1743165512681648932] 1
[1743165512682835342] 1
[1743165512682892550] 1
[1743165512683024008] 1
[1743165512683092965] 1
[1743165512683186632] 1
[1743165512683270131] 1
[1743165512695009483] 1
[1743165512695065191] 1
[1743165512695125607] 1
[1743165512695171524] 1
[1743165512695267357] 1
[1743165512695377439] 1
[1743165512696096560] 1
[1743165512699409209] 1
[1743165512699492375] 1
[1743165512699749624] 1
[1743165513549702212] 1
[1743165513550092919] 1
[1743165513550151418] 1
[1743165513680846731] 1
[1743165513680971981] 1
[1743165513681069272] 1
[1743165513681119730] 1
[1743165513681559978] 1
[1743165513681613644] 1
[1743165513684468713] 1
[1743165513684506838] 1
[1743165513684533963] 1
[1743165513684953503] 1
[1743165513685015544] 1
[1743165513685065669] 1
[1743165513685108335] 1
[1743165513685252501] 1
[1743165513685421209] 1
[1743165513685596875] 1
[1743165513685660791] 1
[1743165514552631155] 1
[1743165514553226028] 1
[1743165514674863746] 1
[1743165514675017412] 1
[1743165514675085703] 1
[1743165514675166869] 1
[1743165514675261411] 1
[1743165514675342702] 1
[1743165514675389993] 1
[1743165514675442701] 1
[1743165514683824498] 1
[1743165514683892456] 1
[1743165514683938248] 1
[1743165514683997372] 1
[1743165514684043581] 1
[1743165514684084747] 1
[1743165514684843827] 1
[1743165514687854356] 1
[1743165514687907439] 1
[1743165515555326954] 1
[1743165515555540287] 1
[1743165515555566745] 1
[1743165515675583412] 1
[1743165515675717995] 1
[1743165515675765453] 1
[1743165515675897744] 1
[1743165515676234784] 1
[1743165515676273451] 1
[1743165515679303981] 1
[1743165515679352314] 1
[1743165515679399356] 1
[1743165515679482605] 1
[1743165515679520147] 1
[1743165515679704854] 1
[1743165515679754396] 1
[1743165515680116603] 1
[1743165515680175769] 1
[1743165515680221644] 1
[1743165515680281477] 1
[1743165516557068811] 1
[1743165516557224977] 1
[1743165516557247143] 1
[1743165516557265435] 1
[1743165516557284185] 1
[1743165516557297143] 1
[1743165516557334976] 1
[1743165516557355851] 1
[1743165516557367643] 1
[1743165516557379685] 1
[1743165516605165612] 1
[1743165516605273778] 1
[1743165516613644417] 1
[1743165516613689959] 1
[1743165516613729500] 1
[1743165516614122332] 1
[1743165516614181749] 1
[1743165516617201531] 1
[1743165516617265447] 1
[1743165516617499363] 1
[1743165517560720789] 1
[1743165517689070480] 1
[1743165517692480638] 1
[1743165517692592179] 1
[1743165517692680720] 1
[1743165517692737095] 1
[1743165517692794137] 1
[1743165517692852095] 1
[1743165517693203844] 1
[1743165517701410780] 1
[1743165517701462821] 1
[1743165517701516280] 1
[1743165517701674029] 1
[1743165517701845070] 1
[1743165517701892570] 1
[1743165517702611235] 1
[1743165517702678360] 1
[1743165517705764851] 1
[1743165517705869226] 1
[1743165518565190596] 1
[1743165518565800053] 1
[1743165518565868636] 1
[1743165518684567500] 1
[1743165518702569877] 1
[1743165518702671752] 1
[1743165518702762377] 1
[1743165518702825960] 1
[1743165518703024168] 1
[1743165518705485704] 1
[1743165518705528079] 1
[1743165518705573371] 1
[1743165518705622037] 1
[1743165518705765953] 1
[1743165518705807662] 1
[1743165518705848912] 1
[1743165518705996245] 1
[1743165518706054578] 1
[1743165518706088911] 1
[1743165518706111411] 1
[1743165519568904310] 1
[1743165519569679434] 1
[1743165519569737809] 1
[1743165519685641989] 1
[1743165519685786322] 1
[1743165519685843614] 1
[1743165519685942697] 1
[1743165519686041363] 1
[1743165519689312691] 1
[1743165519689356358] 1
[1743165519701169921] 1
[1743165519701224463] 1
[1743165519701288005] 1
[1743165519701350546] 1
[1743165519701415254] 1
[1743165519702027628] 1
[1743165519705988705] 1
[1743165519706135163] 1
[1743165519706247163] 1
[1743165520574712709] 1
[1743165520575368667] 1
[1743165520575426042] 1
[1743165520704109725] 1
[1743165520707583888] 1
[1743165520707628305] 1
[1743165520707666263] 1
[1743165520707701679] 1
[1743165520707780388] 1
[1743165520707879179] 1
[1743165520707976346] 1
[1743165520717022877] 1
[1743165520717075877] 1
[1743165520717124918] 1
[1743165520717168127] 1
[1743165520717215585] 1
[1743165520717277168] 1
[1743165520717932418] 1
[1743165520721151372] 1
[1743165520721200622] 1
[1743165521577296584] 1
[1743165521577452084] 1
[1743165521577463126] 1
[1743165521655696033] 1
[1743165521655855741] 1
[1743165521655912908] 1
[1743165521655971449] 1
[1743165521656100241] 1
[1743165521656323449] 1
[1743165521656561157] 1
[1743165521656683032] 1
[1743165521668146066] 1
[1743165521668192191] 1
[1743165521668249774] 1
[1743165521668439899] 1
[1743165521668687524] 1
[1743165521671278606] 1
[1743165521671347814] 1
[1743165521671465689] 1
[1743165521671554272] 1
[1743165522580143880] 1
[1743165522580397255] 1
[1743165522696352820] 1
[1743165522696483195] 1
[1743165522696628861] 1
[1743165522696686361] 1
[1743165522696731445] 1
[1743165522696824528] 1
[1743165522696864736] 1
[1743165522708518318] 1
[1743165522708576651] 1
[1743165522708622443] 1
[1743165522708662443] 1
[1743165522708721734] 1
[1743165522708996734] 1
[1743165522709430901] 1
[1743165522712792359] 1
[1743165522712926150] 1
[1743165522713085025] 1
[1743165523583157589] 1
[1743165523583680089] 1
[1743165523583753047] 1
[1743165523703488170] 1
[1743165523704155962] 1
[1743165523704349962] 1
[1743165523704452170] 1
[1743165523704567420] 1
[1743165523704650837] 1
[1743165523704705421] 1
[1743165523704774296] 1
[1743165523719639300] 1
[1743165523719691884] 1
[1743165523719737217] 1
[1743165523719780301] 1
[1743165523720046634] 1
[1743165523722561510] 1
[1743165523722664760] 1
[1743165523722714343] 1
[1743165523722755760] 1
[1743165524586448412] 1
[1743165524586915454] 1
[1743165524586989787] 1
[1743165524722630022] 1
[1743165524722776772] 1
[1743165524722815064] 1
[1743165524722871939] 1
[1743165524722930564] 1
[1743165524722973189] 1
[1743165524725801692] 1
[1743165524725836317] 1
[1743165524725881567] 1
[1743165524725916442] 1
[1743165524726010317] 1
[1743165524726048567] 1
[1743165524726087275] 1
[1743165524726149525] 1
[1743165524726568859] 1
[1743165524726655442] 1
[1743165524727317984] 1
[1743165525589866924] 1
[1743165525590136883] 1
[1743165525706796033] 1
[1743165525706977950] 1
[1743165525707061034] 1
[1743165525707109575] 1
[1743165525709481870] 1
[1743165525709550953] 1
[1743165525712531249] 1
[1743165525712593457] 1
[1743165525712624207] 1
[1743165525712653999] 1
[1743165525712676833] 1
[1743165525712698083] 1
[1743165525712767416] 1
[1743165525713007250] 1
[1743165525713424917] 1
[1743165525713479709] 1
[1743165525713564292] 1
[1743165526592028534] 1
[1743165526592266618] 1
[1743165526592302868] 1
[1743165526592338701] 1
[1743165526592371659] 1
[1743165526592419160] 1
[1743165526592451785] 1
[1743165526592478951] 1
[1743165526592542160] 1
[1743165526592570701] 1
[1743165526671804341] 1
[1743165526672034091] 1
[1743165526672124675] 1
[1743165526675075013] 1
[1743165526675142846] 1
[1743165526675223597] 1
[1743165526675263305] 1
[1743165526675394889] 1
[1743165526675604347] 1
[1743165526675884806] 1
[1743165527595864487] 1
[1743165527721136557] 1
[1743165527721253724] 1
[1743165527721337557] 1
[1743165527722497893] 1
[1743165527725865400] 1
[1743165527725943734] 1
[1743165527726065609] 1
[1743165527726153193] 1
[1743165527737719302] 1
[1743165527737771135] 1
[1743165527737820760] 1
[1743165527737857469] 1
[1743165527737905844] 1
[1743165527738050052] 1
[1743165527738759971] 1
[1743165527742085353] 1
[1743165527742151812] 1
[1743165527742238187] 1
[1743165528599308775] 1
[1743165528599882776] 1
[1743165528599950610] 1
[1743165528721361517] 1
[1743165528721737935] 1
[1743165528721860519] 1
[1743165528721925935] 1
[1743165528721973394] 1
[1743165528722031019] 1
[1743165528722091394] 1
[1743165528722173228] 1
[1743165528736411266] 1
[1743165528736474308] 1
[1743165528736610558] 1
[1743165528736850559] 1
[1743165528736901684] 1
[1743165528739188732] 1
[1743165528739301274] 1
[1743165528739375982] 1
[1743165528739425649] 1
[1743165529602043137] 1
[1743165529602358304] 1
[1743165529602440513] 1
[1743165529712233272] 1
[1743165529712380772] 1
[1743165529712431981] 1
[1743165529712480648] 1
[1743165529715312948] 1
[1743165529715362698] 1
[1743165529715424407] 1
[1743165529715476532] 1
[1743165529724346643] 1
[1743165529724405393] 1
[1743165529724455060] 1
[1743165529724645560] 1
[1743165529724714977] 1
[1743165529725271521] 1
[1743165529728188863] 1
[1743165529728249988] 1
[1743165529728329989] 1
[1743165530604611943] 1
[1743165530605640321] 1
[1743165530739394005] 1
[1743165530739547881] 1
[1743165530739612339] 1
[1743165530739781048] 1
[1743165530739838548] 1
[1743165530739885924] 1
[1743165530739950966] 1
[1743165530751537548] 1
[1743165530751596299] 1
[1743165530751640632] 1
[1743165530751734924] 1
[1743165530751792133] 1
[1743165530751866425] 1
[1743165530752487052] 1
[1743165530755495354] 1
[1743165530755581396] 1
[1743165530755712605] 1
[1743165531608918318] 1
[1743165531609723613] 1
[1743165531609798405] 1
[1743165531728615670] 1
[1743165531728736712] 1
[1743165531728889088] 1
[1743165531728994338] 1
[1743165531729068547] 1
[1743165531729137422] 1
[1743165531729194756] 1
[1743165531744409608] 1
[1743165531744473275] 1
[1743165531744511942] 1
[1743165531744726859] 1
[1743165531744875277] 1
[1743165531744970860] 1
[1743165531747552246] 1
[1743165531747698954] 1
[1743165531747755955] 1
[1743165531747807330] 1
[1743165532612287787] 1
[1743165532612868873] 1
[1743165532612932540] 1
[1743165532733551697] 1
[1743165532733717073] 1
[1743165532734917412] 1
[1743165532734979579] 1
[1743165532735054037] 1
[1743165532738001425] 1
[1743165532738052592] 1
[1743165532749857728] 1
[1743165532749917645] 1
[1743165532750021187] 1
[1743165532750160104] 1
[1743165532750355980] 1
[1743165532750814690] 1
[1743165532754196163] 1
[1743165532754249330] 1
[1743165532754293164] 1
[1743165533615031428] 1
[1743165533615755640] 1
[1743165533615869807] 1
[1743165533739245445] 1
[1743165533739359404] 1
[1743165533739488863] 1
[1743165533739584530] 1
[1743165533739645238] 1
[1743165533739676447] 1
[1743165533739705697] 1
[1743165533739734989] 1
[1743165533753860265] 1
[1743165533753935974] 1
[1743165533753994641] 1
[1743165533754459393] 1
[1743165533754516560] 1
[1743165533756772988] 1
[1743165533756901197] 1
[1743165533756942739] 1
[1743165533756967780] 1
[1743165534618392655] 1
[1743165534619308326] 1
[1743165534619570786] 1
[1743165534741960969] 1
[1743165534742343513] 1
[1743165534742561056] 1
[1743165534742628848] 1
[1743165534742806974] 1
[1743165534742863641] 1
[1743165534742914433] 1
[1743165534742964600] 1
[1743165534757029590] 1
[1743165534757077049] 1
[1743165534757122340] 1
[1743165534757163091] 1
[1743165534757591718] 1
[1743165534758073304] 1
[1743165534758624598] 1
[1743165534758957225] 1
[1743165534759075559] 1
[1743165535626684404] 1
[1743165535627378783] 1
[1743165535755566632] 1
[1743165535755810009] 1
[1743165535755908759] 1
[1743165535756010052] 1
[1743165535756391845] 1
[1743165535756433721] 1
[1743165535756485054] 1
[1743165535756603847] 1
[1743165535767846952] 1
[1743165535767919619] 1
[1743165535767963202] 1
[1743165535768154954] 1
[1743165535768235454] 1
[1743165535768285663] 1
[1743165535768360538] 1
[1743165535771935142] 1
[1743165535771995475] 1
[1743165536630269659] 1
[1743165536630826996] 1
[1743165536630897622] 1
[1743165536630945372] 1
[1743165536630994414] 1
[1743165536631087789] 1
[1743165536631205498] 1
[1743165536631266540] 1
[1743165536631328874] 1
[1743165536631450333] 1
[1743165536733686243] 1
[1743165536733930453] 1
[1743165536734101038] 1
[1743165536734165746] 1
[1743165536737040847] 1
[1743165536737079014] 1
[1743165536737128473] 1
[1743165536737194306] 1
[1743165536737539225] 1
[1743165536737616184] 1
[1743165537634598318] 1
[1743165537635431282] 1
[1743165537762334099] 1
[1743165537762494559] 1
[1743165537762630101] 1
[1743165537762693685] 1
[1743165537762766102] 1
[1743165537762863144] 1
[1743165537762914728] 1
[1743165537763002645] 1
[1743165537778300536] 1
[1743165537778363661] 1
[1743165537778418078] 1
[1743165537778508079] 1
[1743165537778554537] 1
[1743165537778578412] 1
[1743165537781357305] 1
[1743165537781528973] 1
[1743165537781654307] 1
[1743165537782047643] 1
[1743165538639107787] 1
[1743165538639681625] 1
[1743165538639733000] 1
[1743165538759460109] 1
[1743165538759664194] 1
[1743165538762810382] 1
[1743165538762922591] 1
[1743165538762977467] 1
[1743165538763085426] 1
[1743165538763288302] 1
[1743165538775629678] 1
[1743165538775684179] 1
[1743165538775731762] 1
[1743165538776036431] 1
[1743165538776114056] 1
[1743165538776598518] 1
[1743165538779680664] 1
[1743165538779736873] 1
[1743165538779853332] 1
[1743165539642358467] 1
[1743165539642861638] 1
[1743165539642894471] 1
[1743165539760769238] 1
[1743165539761046490] 1
[1743165539761105365] 1
[1743165539764268638] 1
[1743165539776169724] 1
[1743165539776223183] 1
[1743165539776261725] 1
[1743165539776377059] 1
[1743165539776450809] 1
[1743165539776490685] 1
[1743165539776583060] 1
[1743165539776680603] 1
[1743165539776724520] 1
[1743165539779808334] 1
[1743165539779884751] 1
[1743165539780351171] 1
[1743165540646011780] 1
[1743165540646256491] 1
[1743165540646299616] 1
[1743165540754512937] 1
[1743165540754635605] 1
[1743165540754856440] 1
[1743165540755004649] 1
[1743165540755104066] 1
[1743165540755176150] 1
[1743165540755254651] 1
[1743165540755330485] 1
[1743165540769778053] 1
[1743165540769828345] 1
[1743165540769864720] 1
[1743165540769946554] 1
[1743165540769996138] 1
[1743165540772839701] 1
[1743165540772928243] 1
[1743165540773044036] 1
[1743165540773097370] 1
[1743165541649560842] 1
[1743165541650160138] 1
[1743165541650225972] 1
[1743165541779881170] 1
[1743165541780020922] 1
[1743165541780090255] 1
[1743165541780156214] 1
[1743165541780194798] 1
[1743165541780248340] 1
[1743165541780359841] 1
[1743165541780801886] 1
[1743165541793166859] 1
[1743165541793233402] 1
[1743165541793442320] 1
[1743165541793522112] 1
[1743165541793602446] 1
[1743165541796278343] 1
[1743165541796327885] 1
[1743165541796487844] 1
[1743165541796548261] 1
[1743165542652978270] 1
[1743165542653793111] 1
[1743165542654147822] 1
[1743165542774120070] 1
[1743165542774259113] 1
[1743165542774328905] 1
[1743165542774495740] 1
[1743165542777646266] 1
[1743165542777688016] 1
[1743165542777730017] 1
[1743165542790791917] 1
[1743165542790882251] 1
[1743165542790930960] 1
[1743165542791010919] 1
[1743165542791080794] 1
[1743165542791632757] 1
[1743165542794663782] 1
[1743165542794757575] 1
[1743165542794876951] 1
[1743165543657078234] 1
[1743165543657384153] 1
[1743165543657416528] 1
[1743165543773970081] 1
[1743165543774119458] 1
[1743165543774162125] 1
[1743165543774285543] 1
[1743165543774612045] 1
[1743165543774684254] 1
[1743165543777740697] 1
[1743165543777887240] 1
[1743165543777971324] 1
[1743165543778017742] 1
[1743165543778086409] 1
[1743165543778121617] 1
[1743165543778174326] 1
[1743165543778419037] 1
[1743165543778478704] 1
[1743165543778548038] 1
[1743165543778591205] 1
[1743165544659095660] 1
[1743165544659540248] 1
[1743165544790249095] 1
[1743165544790466763] 1
[1743165544790510930] 1
[1743165544790572973] 1
[1743165544790612431] 1
[1743165544790719224] 1
[1743165544790775558] 1
[1743165544790841475] 1
[1743165544806313323] 1
[1743165544806370199] 1
[1743165544806434866] 1
[1743165544806481158] 1
[1743165544806699535] 1
[1743165544806934870] 1
[1743165544809327184] 1
[1743165544809415018] 1
[1743165544809511435] 1
[1743165544809589019] 1
[1743165545662359199] 1
[1743165545662945079] 1
[1743165545663000580] 1
[1743165545783763337] 1
[1743165545783894172] 1
[1743165545787008868] 1
[1743165545787061826] 1
[1743165545787139619] 1
[1743165545787182744] 1
[1743165545787231911] 1
[1743165545799973072] 1
[1743165545800023990] 1
[1743165545800057448] 1
[1743165545800085740] 1
[1743165545800122074] 1
[1743165545800655996] 1
[1743165545803604482] 1
[1743165545803647357] 1
[1743165545803888859] 1
[1743165546674029581] 1
[1743165546674659837] 1
[1743165546674917631] 1
[1743165546674987715] 1
[1743165546675049591] 1
[1743165546675140675] 1
[1743165546675264593] 1
[1743165546675336969] 1
[1743165546675380677] 1
[1743165546786505549] 1
[1743165546786645550] 1
[1743165546786768802] 1
[1743165546786970220] 1
[1743165546787029221] 1
[1743165546787058888] 1
[1743165546787116305] 1
[1743165546787168680] 1
[1743165546787202264] 1
[1743165546788251983] 1
[1743165546788356359] 1
[1743165547678304234] 1
[1743165547678905240] 1
[1743165547808137373] 1
[1743165547808283791] 1
[1743165547808504210] 1
[1743165547808569086] 1
[1743165547808611586] 1
[1743165547808784338] 1
[1743165547808898006] 1
[1743165547808963965] 1
[1743165547823252358] 1
[1743165547823335151] 1
[1743165547823438944] 1
[1743165547823508903] 1
[1743165547823555070] 1
[1743165547823605112] 1
[1743165547823646737] 1
[1743165547824957709] 1
[1743165547825035751] 1
[1743165547825114835] 1
[1743165548681969800] 1
[1743165548682519431] 1
[1743165548809759169] 1
[1743165548809912962] 1
[1743165548809960963] 1
[1743165548810002088] 1
[1743165548810080005] 1
[1743165548810173631] 1
[1743165548810301841] 1
[1743165548810388842] 1
[1743165548822304216] 1
[1743165548822355008] 1
[1743165548822403383] 1
[1743165548822453759] 1
[1743165548822497759] 1
[1743165548822740387] 1
[1743165548825392373] 1
[1743165548825538541] 1
[1743165548825594875] 1
[1743165549684675977] 1
[1743165549685299775] 1
[1743165549685413318] 1
[1743165549809707108] 1
[1743165549810080320] 1
[1743165549810163904] 1
[1743165549810197446] 1
[1743165549810320198] 1
[1743165549810430032] 1
[1743165549810679076] 1
[1743165549825991574] 1
[1743165549826072991] 1
[1743165549826160284] 1
[1743165549826341452] 1
[1743165549826390453] 1
[1743165549826442787] 1
[1743165549826495537] 1
[1743165549827625591] 1
[1743165549827744509] 1
[1743165549827927511] 1
[1743165550688509948] 1
[1743165550689100538] 1
[1743165550821743960] 1
[1743165550821849711] 1
[1743165550824607700] 1
[1743165550824652950] 1
[1743165550824683992] 1
[1743165550824763035] 1
[1743165550824803493] 1
[1743165550825235248] 1
[1743165550833846052] 1
[1743165550833912302] 1
[1743165550833950844] 1
[1743165550833988970] 1
[1743165550834156222] 1
[1743165550834410974] 1
[1743165550834928147] 1
[1743165550838613146] 1
[1743165550838711480] 1
[1743165551691361686] 1
[1743165551691957527] 1
[1743165551692053861] 1
[1743165551832255368] 1
[1743165551832556622] 1
[1743165551832685498] 1
[1743165551832769499] 1
[1743165551832974418] 1
[1743165551833037377] 1
[1743165551833408715] 1
[1743165551833473632] 1
[1743165551833551966] 1
[1743165551833701760] 1
[1743165551837264759] 1
[1743165551837731930] 1
[1743165551837812015] 1
[1743165551837868182] 1
[1743165551846097067] 1
[1743165551854258535] 1
[1743165551854384286] 1
[1743165552693757316] 1
[1743165552694324823] 1
[1743165552694414824] 1
[1743165552694792703] 1
[1743165552694858996] 1
[1743165552694911955] 1
[1743165552694963164] 1
[1743165552695002248] 1
[1743165552695047456] 1
[1743165552695096665] 1
[1743165552791077284] 1
[1743165552791226869] 1
[1743165552791285412] 1
[1743165552794220571] 1
[1743165552794265405] 1
[1743165552794305572] 1
[1743165552794338155] 1
[1743165552794428990] 1
[1743165552795031580] 1
[1743165553697678107] 1
[1743165553698307156] 1
[1743165553835814093] 1
[1743165553836083512] 1
[1743165553836157347] 1
[1743165553838356498] 1
[1743165553838405457] 1
[1743165553838441332] 1
[1743165553838495875] 1
[1743165553841585912] 1
[1743165553841637329] 1
[1743165553841680371] 1
[1743165553841745247] 1
[1743165553841783331] 1
[1743165553841844706] 1
[1743165553841963333] 1
[1743165553842075834] 1
[1743165553842147335] 1
[1743165553842176877] 1
[1743165553842200711] 1
[1743165554701265239] 1
[1743165554701926456] 1
[1743165554702133417] 1
[1743165554825033716] 1
[1743165554825540638] 1
[1743165554825612098] 1
[1743165554825680307] 1
[1743165554825836559] 1
[1743165554826096979] 1
[1743165554826159854] 1
[1743165554826224147] 1
[1743165554838466755] 1
[1743165554838545381] 1
[1743165554838668841] 1
[1743165554838844052] 1
[1743165554838888635] 1
[1743165554839288724] 1
[1743165554839360475] 1
[1743165554841827588] 1
[1743165554841962381] 1
[1743165555705114925] 1
[1743165555705825976] 1
[1743165555705893476] 1
[1743165555822633943] 1
[1743165555822767944] 1
[1743165555822887862] 1
[1743165555822988572] 1
[1743165555823109490] 1
[1743165555823176533] 1
[1743165555823249617] 1
[1743165555839520363] 1
[1743165555839589947] 1
[1743165555839685073] 1
[1743165555839859826] 1
[1743165555839920326] 1
[1743165555840381165] 1
[1743165555843430329] 1
[1743165555843495830] 1
[1743165555843652457] 1
[1743165555843727999] 1
[1743165556709180159] 1
[1743165556710157546] 1
[1743165556710220464] 1
[1743165556710274923] 1
[1743165556710318090] 1
[1743165556710368174] 1
[1743165556710639386] 1
[1743165556710987015] 1
[1743165556816117908] 1
[1743165556816245743] 1
[1743165556816328911] 1
[1743165556816574497] 1
[1743165556816654623] 1
[1743165556816711999] 1
[1743165556816768625] 1
[1743165556816836042] 1
[1743165556816870918] 1
[1743165556817603344] 1
[1743165556817705678] 1
[1743165557714550617] 1
[1743165557715197876] 1
[1743165557842055376] 1
[1743165557842347755] 1
[1743165557842419214] 1
[1743165557842488548] 1
[1743165557842548132] 1
[1743165557842620050] 1
[1743165557842665300] 1
[1743165557842700051] 1
[1743165557856894821] 1
[1743165557856941655] 1
[1743165557856981322] 1
[1743165557857059823] 1
[1743165557857116324] 1
[1743165557857142991] 1
[1743165557859511355] 1
[1743165557859603606] 1
[1743165557859694482] 1
[1743165557859751317] 1
[1743165558717736166] 1
[1743165558718237381] 1
[1743165558718285840] 1
[1743165558836629762] 1
[1743165558836906182] 1
[1743165558837044309] 1
[1743165558840020349] 1
[1743165558840067475] 1
[1743165558840149851] 1
[1743165558840319811] 1
[1743165558851914925] 1
[1743165558852017843] 1
[1743165558852069636] 1
[1743165558852109595] 1
[1743165558852140512] 1
[1743165558852718603] 1
[1743165558855821311] 1
[1743165558855890270] 1
[1743165558855946480] 1
[1743165559721186125] 1
[1743165559721873385] 1
[1743165559721945302] 1
[1743165559852543050] 1
[1743165559852646926] 1
[1743165559852803095] 1
[1743165559852891513] 1
[1743165559852945513] 1
[1743165559853087057] 1
[1743165559853128558] 1
[1743165559853171433] 1
[1743165559861793051] 1
[1743165559861870844] 1
[1743165559861998637] 1
[1743165559862081930] 1
[1743165559862131306] 1
[1743165559862190723] 1
[1743165559863056110] 1
[1743165559866132611] 1
[1743165559866217487] 1
[1743165560725136785] 1
[1743165560726077756] 1
[1743165560726400552] 1
[1743165560855077725] 1
[1743165560855303603] 1
[1743165560855414480] 1
[1743165560855587857] 1
[1743165560855694317] 1
[1743165560855818694] 1
[1743165560855885278] 1
[1743165560856199991] 1
[1743165560867652401] 1
[1743165560867714527] 1
[1743165560867752986] 1
[1743165560867984239] 1
[1743165560868066907] 1
[1743165560868132658] 1
[1743165560870579525] 1
[1743165560870740277] 1
[1743165560870786278] 1
[1743165561728377165] 1
[1743165561728953215] 1
[1743165561729028799] 1
[1743165561771699282] 1
[1743165561773241262] 1
[1743165601233556759] 1
[1743165601233678635] 1
[1743165601233856678] 1
[1743165601233923595] 1
[1743165601236768784] 1
[1743165601236823618] 1
[1743165601236863368] 1
[1743165601240045226] 1
[1743165601240095018] 1
[1743165601240130393] 1
[1743165601240154977] 1
[1743165601241280777] 1
[1743165601272502352] 1
[1743165601272650561] 1
[1743165601272700562] 1
[1743165601272748229] 1
[1743165601272794729] 1
[1743165601313099666] 1
[1743165601382131116] 1
[1743165601385083348] 1
[1743165601385129223] 1
[1743165601385177890] 1
[1743165601385233515] 1
[1743165601385362600] 1
[1743165601388639375] 1
[1743165601388689209] 1
[1743165601397449443] 1
[1743165601403613908] 1
[1743165601403711867] 1
[1743165601403766867] 1
[1743165601403950993] 1
[1743165601413360150] 1
[1743165601416098754] 1
[1743165601416132713] 1
[1743165601421827632] 1
[1743165601421886924] 1
[1743165601421978591] 1
[1743165601422034175] 1
[1743165601422184676] 1
[1743165601422240052] 1
[1743165601422271218] 1
[1743165601426454417] 1
[1743165601426527293] 1
[1743165601426573168] 1
[1743165601427117173] 1
[1743165601444159429] 1
[1743165601444221722] 1
[1743165601444258638] 1
[1743165601444317347] 1
[1743165601444368848] 1
[1743165601498059513] 1
[1743165601510531526] 1
[1743165601510745153] 1
[1743165601510816778] 1
[1743165601524695094] 1
[1743165601524978054] 1
[1743165601525051013] 1
[1743165601525174598] 1
[1743165601533418495] 1
[1743165601587412329] 1
[1743165601590589937] 1
[1743165601590663354] 1
[1743165601593989713] 1
[1743165601594044297] 1
[1743165601677038564] 1
[1743165601680276297] 1
[1743165601680327172] 1
[1743165601680397631] 1
[1743165601680438840] 1
[1743165601680469424] 1
[1743165601680500590] 1
[1743165601680532924] 1
[1743165601683875117] 1
[1743165601683919575] 1
[1743165601684225994] 1
[1743165601686951182] 1
[1743165601686987974] 1
[1743165601687035974] 1
[1743165601687084808] 1
[1743165601713240677] 1
[1743165601716106366] 1
[1743165601722769834] 1
[1743165601722854126] 1
[1743165601722960669] 1
[1743165601723014836] 1
[1743165601723051836] 1
[1743165601723114503] 1
[1743165601723183629] 1
[1743165601723220671] 1
[1743165601723249671] 1
[1743165601723278838] 1
[1743165601754683872] 1
[1743165601780137861] 1
[1743165601780235445] 1
[1743165601780735282] 1
[1743165601780801241] 1
[1743165601780958034] 1
[1743165601781045410] 1
[1743165601798555920] 1
[1743165601798640587] 1
[1743165601798732338] 1
[1743165601798896798] 1
[1743165601799020340] 1
[1743165601799084174] 1
[1743165601799118799] 1
[1743165601801832737] 1
[1743165601801896154] 1
[1743165601840362618] 1
[1743165601938388085] 1
[1743165601938518586] 1
[1743165601938568920] 1
[1743165601938663504] 1
[1743165601938727004] 1
[1743165601938761088] 1
[1743165601938874214] 1
[1743165601952804363] 1
[1743165601952891697] 1
[1743165601955842636] 1
[1743165601955879428] 1
[1743165601955923470] 1
[1743165601958657575] 1
[1743165601958704492] 1
[1743165601958744201] 1
[1743165602008093251] 1
[1743165602008285961] 1
[1743165602008351795] 1
[1743165602008393087] 1
[1743165602008451712] 1
[1743165602008490004] 1
[1743165602008529255] 1
[1743165602008583338] 1
[1743165602008631589] 1
[1743165602008672006] 1
[1743165602008725506] 1
[1743165602008798507] 1
[1743165602008874674] 1
[1743165602017567869] 1
[1743165602017623453] 1
[1743165602017682078] 1
[1743165602031987902] 1
[1743165602032051278] 1
[1743165602032117403] 1
[1743165602032153487] 1
[1743165602032180779] 1
[1743165602045707513] 1
[1743165602051558727] 1
[1743165602051597977] 1
[1743165602051657478] 1
[1743165602051717311] 1
[1743165602051760895] 1
[1743165602051790895] 1
[1743165602051817354] 1
[1743165602177809078] 1
[1743165602178087747] 1
[1743165602178193915] 1
[1743165602178240749] 1
[1743165602188930668] 1
[1743165602189005085] 1
[1743165602191929276] 1
[1743165602192054568] 1
[1743165602192174069] 1
[1743165602192236236] 1
[1743165602192277487] 1
[1743165602192440780] 1
[1743165602198097117] 1
[1743165602198146492] 1
[1743165602198192868] 1
[1743165602198317494] 1
[1743165602198412495] 1
[1743165602198475620] 1
[1743165602198642038] 1
[1743165602198701747] 1
[1743165602198779456] 1
[1743165602198818373] 1
[1743165602214555458] 1
[1743165602214612084] 1
[1743165602214646292] 1
[1743165602226453179] 1
[1743165602226515430] 1
[1743165602226568180] 1
[1743165602226815724] 1
[1743165602226857932] 1
[1743165602226897099] 1
[1743165602226933641] 1
[1743165602231342635] 1
[1743165602231409177] 1
[1743165602231538970] 1
[1743165602249971952] 1
[1743165602279958777] 1
[1743165602373620949] 1
[1743165602373958702] 1
[1743165602374059245] 1
[1743165602374126954] 1
[1743165602374221663] 1
[1743165602374259246] 1
[1743165602374301705] 1
[1743165602385158918] 1
[1743165602385197751] 1
[1743165602385261877] 1
[1743165602386490637] 1
[1743165602386542304] 1
[1743165602389897206] 1
[1743165602389949581] 1
[1743165602392748937] 1
[1743165602393671320] 1
[1743165602394426034] 1
[1743165602428266640] 1
[1743165602428384308] 1
[1743165602428461600] 1
[1743165602429200731] 1
[1743165602429426066] 1
[1743165602429494484] 1
[1743165602429537526] 1
[1743165602429573526] 1
[1743165602429755277] 1
[1743165602429806653] 1
[1743165602429847945] 1
[1743165602429895070] 1
[1743165602429941029] 1
[1743165602430579201] 1
[1743165602430618743] 1
[1743165602430654618] 1
[1743165602430718868] 1
[1743165602431749710] 1
[1743165602431805252] 1
[1743165602442109502] 1
[1743165602442632214] 1
[1743165602507344403] 1
[1743165602532057769] 1
[1743165602633977341] 1
[1743165602634403720] 1
[1743165602634453095] 1
[1743165602634519387] 1
[1743165602634591971] 1
[1743165602634716681] 1
[1743165602648263831] 1
[1743165602648327707] 1
[1743165602648375624] 1
[1743165602648436083] 1
[1743165602648506417] 1
[1743165602649433966] 1
[1743165602649475508] 1
[1743165602652914577] 1
[1743165602652989328] 1
[1743165602654189421] 1
[1743165602654694133] 1
[1743165602694557372] 1
[1743165602759535521] 1
[1743165602787438287] 1
[1743165602887476928] 1
[1743165602887915556] 1
[1743165602888004224] 1
[1743165602888130683] 1
[1743165602888261684] 1
[1743165602888333185] 1
[1743165602900034904] 1
[1743165602900084321] 1
[1743165602900122655] 1
[1743165602900160988] 1
[1743165602900202989] 1
[1743165602901328581] 1
[1743165602901577083] 1
[1743165602902230630] 1
[1743165602902287089] 1
[1743165602902338756] 1
[1743165602926255824] 1
[1743165602952505577] 1
[1743165603013969119] 1
[1743165603043610368] 1
[1743165603143229287] 1
[1743165603143441247] 1
[1743165603143592457] 1
[1743165603143693333] 1
[1743165603143794417] 1
[1743165603143840084] 1
[1743165603155749309] 1
[1743165603155833851] 1
[1743165603155897227] 1
[1743165603155958561] 1
[1743165603156060728] 1
[1743165603157275780] 1
[1743165603159231713] 1
[1743165603159465507] 1
[1743165603159505091] 1
[1743165603159555716] 1
[1743165603417957802] 1
[1743165603421669083] 1
[1743165603421796667] 1
[1743165603421882043] 1
[1743165603422095003] 1
[1743165603423531890] 1
[1743165603423812809] 1
[1743165603424030269] 1
[1743165603424084686] 1
[1743165603424146395] 1
[1743165603424597732] 1
[1743165603424687316] 1
[1743165603428415556] 1
[1743165603432120962] 1
[1743165603432207254] 1
[1743165603432246546] 1
[1743165603432283422] 1
[1743165603432317297] 1
[1743165603432347422] 1
[1743165603432377464] 1
[1743165603432408089] 1
[1743165603432439548] 1
[1743165603433362514] 1
[1743165603433425431] 1
[1743165603433474265] 1
[1743165603433508932] 1
[1743165603433542307] 1
[1743165603433579974] 1
[1743165603435194821] 1
[1743165603435252613] 1
[1743165603437208755] 1
[1743165603437358339] 1
[1743165603441293206] 1
[1743165603449341440] 1
[1743165603462440050] 1
[1743165603665742006] 1
[1743165603665850049] 1
[1743165603668809865] 1
[1743165603668896741] 1
[1743165603668980575] 1
[1743165603669026826] 1
[1743165603669243744] 1
[1743165603678386946] 1
[1743165603678446655] 1
[1743165603678486780] 1
[1743165603678597239] 1
[1743165603678645156] 1
[1743165603678798033] 1
[1743165603678863825] 1
[1743165603682895650] 1
[1743165603927963291] 1
[1743165603928346835] 1
[1743165603928401711] 1
[1743165603928512379] 1
[1743165603928740589] 1
[1743165603928807964] 1
[1743165603928917590] 1
[1743165603943786298] 1
[1743165603943949091] 1
[1743165603944002884] 1
[1743165603944084843] 1
[1743165603944149135] 1
[1743165603944198052] 1
[1743165603944875058] 1
[1743165603948484005] 1
[1743165604183708954] 1
[1743165604183852956] 1
[1743165604183900289] 1
[1743165604184014915] 1
[1743165604184109749] 1
[1743165604184169792] 1
[1743165604184244167] 1
[1743165604198817294] 1
[1743165604198887212] 1
[1743165604198935254] 1
[1743165604198989379] 1
[1743165604199015504] 1
[1743165604199050505] 1
[1743165604199965638] 1
[1743165604203133290] 1
[1743165604450482404] 1
[1743165604450704823] 1
[1743165604450744490] 1
[1743165604450778532] 1
[1743165604450811491] 1
[1743165604450842908] 1
[1743165604450886408] 1
[1743165604450918658] 1
[1743165604451658915] 1
[1743165604451773041] 1
[1743165604451807166] 1
[1743165604451838125] 1
[1743165604451867083] 1
[1743165604451900292] 1
[1743165604451943667] 1
[1743165604452948884] 1
[1743165604453013510] 1
[1743165604453109136] 1
[1743165604453338138] 1
[1743165604453391513] 1
[1743165604453432389] 1
[1743165604453480639] 1
[1743165604453544890] 1
[1743165604453599723] 1
[1743165604453793183] 1
[1743165604453903684] 1
[1743165604454019019] 1
[1743165604454089644] 1
[1743165604459970237] 1
[1743165604460031113] 1
[1743165604460080113] 1
[1743165604460231989] 1
[1743165604461383874] 1
[1743165604463476976] 1
[1743165604463543352] 1
[1743165604694978577] 1
[1743165604695220829] 1
[1743165604695321330] 1
[1743165604695407123] 1
[1743165604695560249] 1
[1743165604696015086] 1
[1743165604696087628] 1
[1743165604710491379] 1
[1743165604710551088] 1
[1743165604710594463] 1
[1743165604710640380] 1
[1743165604710894966] 1
[1743165604710945300] 1
[1743165604710989508] 1
[1743165604715116128] 1
[1743165604960617351] 1
[1743165604960838019] 1
[1743165604960928062] 1
[1743165604961020479] 1
[1743165604961063771] 1
[1743165604961185939] 1
[1743165604961260898] 1
[1743165604977495748] 1
[1743165604977550248] 1
[1743165604977597915] 1
[1743165604977638457] 1
[1743165604977722750] 1
[1743165604977799625] 1
[1743165604977862168] 1
[1743165604981065029] 1
[1743165605207324358] 1
[1743165605207512610] 1
[1743165605207559485] 1
[1743165605207653444] 1
[1743165605207702320] 1
[1743165605207734487] 1
[1743165605207763070] 1
[1743165605223833340] 1
[1743165605223889633] 1
[1743165605223991759] 1
[1743165605224149218] 1
[1743165605224217427] 1
[1743165605225051018] 1
[1743165605225097019] 1
[1743165605226650616] 1
[1743165605439684124] 1
[1743165605439827917] 1
[1743165605439882459] 1
[1743165605439914292] 1
[1743165605439978251] 1
[1743165605450795057] 1
[1743165605450881975] 1
[1743165605450950642] 1
[1743165605451012143] 1
[1743165605451062851] 1
[1743165605452197487] 1
[1743165605452226904] 1
[1743165605452252196] 1
[1743165605452926827] 1
[1743165605452958452] 1
[1743165605452992286] 1
[1743165605453021036] 1
[1743165605453054078] 1
[1743165605453083036] 1
[1743165605453109537] 1
[1743165605453904377] 1
[1743165605453955086] 1
[1743165605453981794] 1
[1743165605454022753] 1
[1743165605454049670] 1
[1743165605454258255] 1
[1743165605458758296] 1
[1743165605458817463] 1
[1743165605460463936] 1
[1743165605461237652] 1
[1743165605706280574] 1
[1743165605706888537] 1
[1743165605706939663] 1
[1743165605706989622] 1
[1743165605707049455] 1
[1743165605707230582] 1
[1743165605707283666] 1
[1743165605707413834] 1
[1743165605707601752] 1
[1743165605714659941] 1
[1743165605969067572] 1
[1743165605969198615] 1
[1743165605969281241] 1
[1743165605969327866] 1
[1743165605969905080] 1
[1743165605972814564] 1
[1743165605972851023] 1
[1743165605972914232] 1
[1743165605972977191] 1
[1743165605973530363] 1
[1743165606197255528] 1
[1743165606197594198] 1
[1743165606197656115] 1
[1743165606197707699] 1
[1743165606206965286] 1
[1743165606207016744] 1
[1743165606207065245] 1
[1743165606207245788] 1
[1743165606208186714] 1
[1743165606211230075] 1
[1743165606467483054] 1
[1743165606467656388] 1
[1743165606467719389] 1
[1743165606467751973] 1
[1743165606467793181] 1
[1743165606467820515] 1
[1743165606467848390] 1
[1743165606467877141] 1
[1743165606467912808] 1
[1743165606467948350] 1
[1743165606467974641] 1
[1743165606467997558] 1
[1743165606468022892] 1
[1743165606468047267] 1
[1743165606468595689] 1
[1743165606469061443] 1
[1743165606469118069] 1
[1743165606469259195] 1
[1743165606469350488] 1
[1743165606469444905] 1
[1743165606469507489] 1
[1743165606469548156] 1
[1743165606469633032] 1
[1743165606469774367] 1
[1743165606476176760] 1
[1743165606476228469] 1
[1743165606476345178] 1
[1743165606477283478] 1
[1743165606478856785] 1
[1743165606478990078] 1
[1743165606716720633] 1
[1743165606716859009] 1
[1743165606730955891] 1
[1743165606731019600] 1
[1743165606731056017] 1
[1743165606731092059] 1
[1743165606732164027] 1
[1743165606732214861] 1
[1743165606732260153] 1
[1743165606990132730] 1
[1743165606990239189] 1
[1743165606990300189] 1
[1743165606990351607] 1
[1743165606991807037] 1
[1743165606994820523] 1
[1743165606994861732] 1
[1743165606994970316] 1
[1743165606995037734] 1
[1743165606995548364] 1
[1743165607248796306] 1
[1743165607248918641] 1
[1743165607249038600] 1
[1743165607249122434] 1
[1743165607250253820] 1
[1743165607253440768] 1
[1743165607253486185] 1
[1743165607253571561] 1
[1743165607253641770] 1
[1743165607254056399] 1
[1743165607475042240] 1
[1743165607475135283] 1
[1743165607475164075] 1
[1743165607475186242] 1
[1743165607475208909] 1
[1743165607475233825] 1
[1743165607475256034] 1
[1743165607475277576] 1
[1743165607475298201] 1
[1743165607475320368] 1
[1743165607475349993] 1
[1743165607475372243] 1
[1743165607475394202] 1
[1743165607476087959] 1
[1743165607476283794] 1
[1743165607490969977] 1
[1743165607491029228] 1
[1743165607491067937] 1
[1743165607491153354] 1
[1743165607491204480] 1
[1743165607491656234] 1
[1743165607491701568] 1
[1743165607491745902] 1
[1743165607491811652] 1
[1743165607497808960] 1
[1743165607497871919] 1
[1743165607497922753] 1
[1743165607497983587] 1
[1743165607499978606] 1
[1743165607500078607] 1
[1743165607762221137] 1
[1743165607762470598] 1
[1743165607762839727] 1
[1743165607762886686] 1
[1743165607763452358] 1
[1743165607766601638] 1
[1743165607766665805] 1
[1743165607766777431] 1
[1743165607766921433] 1
[1743165607767269644] 1
[1743165608005433236] 1
[1743165608005612530] 1
[1743165608006046076] 1
[1743165608006141618] 1
[1743165608020681513] 1
[1743165608020731097] 1
[1743165608020779973] 1
[1743165608020857515] 1
[1743165608020929682] 1
[1743165608022021818] 1
[1743165608277652030] 1
[1743165608277790906] 1
[1743165608277869740] 1
[1743165608277972950] 1
[1743165608278588872] 1
[1743165608281865488] 1
[1743165608281913906] 1
[1743165608282026990] 1
[1743165608282092824] 1
[1743165608282966041] 1
[1743165608493536012] 1
[1743165608493638847] 1
[1743165608493657847] 1
[1743165608493710431] 1
[1743165608493739348] 1
[1743165608493763723] 1
[1743165608493782515] 1
[1743165608494172602] 1
[1743165608494936776] 1
[1743165608494963818] 1
[1743165608494983652] 1
[1743165608495003152] 1
[1743165608495023986] 1
[1743165608495044569] 1
[1743165608495063319] 1
[1743165608518449260] 1
[1743165608518862681] 1
[1743165608518939724] 1
[1743165608519006099] 1
[1743165608519259769] 1
[1743165608519322227] 1
[1743165608528926615] 1
[1743165608529645372] 1
[1743165608529699914] 1
[1743165608529739164] 1
[1743165608529789123] 1
[1743165608530374046] 1
[1743165608536400147] 1
[1743165608536651608] 1
[1743165608537159697] 1
[1743165608774038347] 1
[1743165608774258849] 1
[1743165608774350225] 1
[1743165608774412017] 1
[1743165608791143600] 1
[1743165608791202101] 1
[1743165608791258560] 1
[1743165608791354269] 1
[1743165608792169860] 1
[1743165609031043539] 1
[1743165609031275417] 1
[1743165609031334459] 1
[1743165609031397751] 1
[1743165609048611886] 1
[1743165609048667345] 1
[1743165609048713179] 1
[1743165609048774304] 1
[1743165609048826096] 1
[1743165609049737147] 1
[1743165609286085946] 1
[1743165609286337532] 1
[1743165609286437533] 1
[1743165609286506825] 1
[1743165609301333852] 1
[1743165609301404061] 1
[1743165609301572313] 1
[1743165609301635314] 1
[1743165609301695064] 1
[1743165609302488947] 1
[1743165609498496082] 1
[1743165609498568958] 1
[1743165609498586833] 1
[1743165609498601292] 1
[1743165609498616333] 1
[1743165609498633000] 1
[1743165609498650917] 1
[1743165609498667792] 1
[1743165609498685667] 1
[1743165609498703251] 1
[1743165609498722335] 1
[1743165609498747126] 1
[1743165609498764210] 1
[1743165609498783627] 1
[1743165609498803835] 1
[1743165609498818877] 1
[1743165609506269412] 1
[1743165609506345746] 1
[1743165609506472997] 1
[1743165609506555581] 1
[1743165609512680728] 1
[1743165609512746395] 1
[1743165609515001960] 1
[1743165609515094002] 1
[1743165609788760517] 1
[1743165609788934560] 1
[1743165609788997603] 1
[1743165609789144104] 1
[1743165609789500524] 1
[1743165610046960719] 1
[1743165610050018043] 1
[1743165610050358963] 1
[1743165610050416964] 1
[1743165610050458131] 1
[1743165610302771917] 1
[1743165610302925752] 1
[1743165610303086629] 1
[1743165610303154088] 1
[1743165610303232547] 1
[1743165610506025103] 1
[1743165610506760027] 1
[1743165610506789777] 1
[1743165610506811486] 1
[1743165610506835028] 1
[1743165610506856070] 1
[1743165610506880153] 1
[1743165610506903154] 1
[1743165610506924029] 1
[1743165610506946446] 1
[1743165610506965821] 1
[1743165610506989946] 1
[1743165610507017405] 1
[1743165610507039322] 1
[1743165610507060780] 1
[1743165610507083739] 1
[1743165610507102114] 1
[1743165610541740813] 1
[1743165610541871481] 1
[1743165610541978482] 1
[1743165610542060524] 1
[1743165610547741001] 1
[1743165610547988129] 1
[1743165610548622094] 1
[1743165610549494561] 1
[1743165610811824536] 1
[1743165610811959663] 1
[1743165610812094206] 1
[1743165610812177082] 1
[1743165610812264166] 1
[1743165611025786758] 0 : Request cancelled by client due to FailedTimeout
[1743165611065170435] 1
[1743165611065382562] 1
[1743165611077189982] 1
[1743165611077264816] 1
[1743165611077527611] 1
[1743165611078045283] 0 : Request cancelled by client due to FailedTimeout
[1743165611122507598] 0 : Request cancelled by client due to FailedTimeout
[1743165611173177689] 0 : Request cancelled by client due to FailedTimeout
[1743165611223153147] 0 : Request cancelled by client due to FailedTimeout
[1743165611274954167] 0 : Request cancelled by client due to FailedTimeout
[1743165611326593268] 0 : Request cancelled by client due to FailedTimeout
[1743165611378363870] 0 : Request cancelled by client due to FailedTimeout
[1743165611428450038] 0 : Request cancelled by client due to FailedTimeout
[1743165611481222777] 0 : Request cancelled by client due to FailedTimeout
[1743165611508676074] 1
[1743165611508757825] 1
[1743165611508849326] 1
[1743165611508908702] 1
[1743165611509491124] 1
[1743165611509512625] 1
[1743165611509532958] 1
[1743165611509549792] 1
[1743165611509565250] 1
[1743165611509585001] 1
[1743165611509598417] 1
[1743165611509614793] 1
[1743165611509628834] 1
[1743165611530244391] 0 : Request cancelled by client due to FailedTimeout
[1743165611582500291] 0 : Request cancelled by client due to FailedTimeout
[1743165611633787971] 0 : Request cancelled by client due to FailedTimeout
[1743165611685366280] 0 : Request cancelled by client due to FailedTimeout
[1743165611735546741] 0 : Request cancelled by client due to FailedTimeout
[1743165611785723784] 0 : Request cancelled by client due to FailedTimeout
[1743165611837677306] 0 : Request cancelled by client due to FailedTimeout
[1743165611887226801] 0 : Request cancelled by client due to FailedTimeout
[1743165611939868621] 0 : Request cancelled by client due to FailedTimeout
[1743165611994035541] 0 : Request cancelled by client due to FailedTimeout
[1743165612041463067] 0 : Request cancelled by client due to FailedTimeout
[1743165612092914889] 0 : Request cancelled by client due to FailedTimeout
[1743165612142156186] 0 : Request cancelled by client due to FailedTimeout
[1743165612195362320] 0 : Request cancelled by client due to FailedTimeout
[1743165612244561867] 0 : Request cancelled by client due to FailedTimeout
[1743165612297608623] 0 : Request cancelled by client due to FailedTimeout
[1743165612346994047] 0 : Request cancelled by client due to FailedTimeout
[1743165612398246201] 0 : Request cancelled by client due to FailedTimeout
[1743165612448574969] 0 : Request cancelled by client due to FailedTimeout
[1743165612499666662] 0 : Request cancelled by client due to FailedTimeout
[1743165612549832219] 0 : Request cancelled by client due to FailedTimeout
[1743165612601766547] 0 : Request cancelled by client due to FailedTimeout
[1743165612651579434] 0 : Request cancelled by client due to FailedTimeout
[1743165612704342563] 0 : Request cancelled by client due to FailedTimeout
[1743165612755519840] 0 : Request cancelled by client due to FailedTimeout
[1743165612807298874] 0 : Request cancelled by client due to FailedTimeout
[1743165612857164637] 0 : Request cancelled by client due to FailedTimeout
[1743165612909536261] 0 : Request cancelled by client due to FailedTimeout
[1743165612960578537] 0 : Request cancelled by client due to FailedTimeout
[1743165613011305477] 0 : Request cancelled by client due to FailedTimeout
[1743165613064347165] 0 : Request cancelled by client due to FailedTimeout
[1743165613114989159] 0 : Request cancelled by client due to FailedTimeout
[1743165613164968395] 0 : Request cancelled by client due to FailedTimeout
[1743165613215253468] 0 : Request cancelled by client due to FailedTimeout
[1743165613265543792] 0 : Request cancelled by client due to FailedTimeout
[1743165613320274207] 0 : Request cancelled by client due to FailedTimeout
[1743165613368072710] 0 : Request cancelled by client due to FailedTimeout
[1743165613419083459] 0 : Request cancelled by client due to FailedTimeout
[1743165613469883704] 0 : Request cancelled by client due to FailedTimeout
[1743165613520512573] 0 : Request cancelled by client due to FailedTimeout
[1743165613572330622] 0 : Request cancelled by client due to FailedTimeout
[1743165613624248922] 0 : Request cancelled by client due to FailedTimeout
[1743165613674884458] 0 : Request cancelled by client due to FailedTimeout
[1743165613726901926] 0 : Request cancelled by client due to FailedTimeout
[1743165613778074176] 0 : Request cancelled by client due to FailedTimeout
[1743165613830285313] 0 : Request cancelled by client due to FailedTimeout
[1743165613880535510] 0 : Request cancelled by client due to FailedTimeout
[1743165613934118330] 0 : Request cancelled by client due to FailedTimeout
[1743165613988148362] 0 : Request cancelled by client due to FailedTimeout
[1743165614041112435] 0 : Request cancelled by client due to FailedTimeout
[1743165614096308996] 0 : Request cancelled by client due to FailedTimeout
[1743165614148365062] 0 : Request cancelled by client due to FailedTimeout
[1743165614199425659] 0 : Request cancelled by client due to FailedTimeout
[1743165614251232638] 0 : Request cancelled by client due to FailedTimeout
[1743165614302068649] 0 : Request cancelled by client due to FailedTimeout
[1743165614352739823] 0 : Request cancelled by client due to FailedTimeout
[1743165614403855170] 0 : Request cancelled by client due to FailedTimeout
[1743165614454621596] 0 : Request cancelled by client due to FailedTimeout
[1743165614504698723] 0 : Request cancelled by client due to FailedTimeout
[1743165614555721860] 0 : Request cancelled by client due to FailedTimeout
[1743165614607051042] 0 : Request cancelled by client due to FailedTimeout
[1743165614659707866] 0 : Request cancelled by client due to FailedTimeout
[1743165614711037090] 0 : Request cancelled by client due to FailedTimeout
[1743165614763170990] 0 : Request cancelled by client due to FailedTimeout
[1743165614814585840] 0 : Request cancelled by client due to FailedTimeout
[1743165614866231068] 0 : Request cancelled by client due to FailedTimeout
[1743165614917840921] 0 : Request cancelled by client due to FailedTimeout
[1743165614972236389] 0 : Request cancelled by client due to FailedTimeout
[1743165615019991535] 0 : Request cancelled by client due to FailedTimeout
[1743165615071843779] 0 : Request cancelled by client due to FailedTimeout
[1743165615123121809] 0 : Request cancelled by client due to FailedTimeout
[1743165615179484815] 0 : Request cancelled by client due to FailedTimeout
[1743165615227292678] 0 : Request cancelled by client due to FailedTimeout
[1743165615277421610] 0 : Request cancelled by client due to FailedTimeout
[1743165615327985798] 0 : Request cancelled by client due to FailedTimeout
[1743165615378352441] 0 : Request cancelled by client due to FailedTimeout
[1743165615429261091] 0 : Request cancelled by client due to FailedTimeout
[1743165615479482982] 0 : Request cancelled by client due to FailedTimeout
[1743165615531159766] 0 : Request cancelled by client due to FailedTimeout
[1743165621236941458] 1
[1743165621295373204] 1
[1743165621295566123] 1
[1743165621295752001] 1
[1743165621318508724] 1
[1743165621318770561] 1
[1743165621318873813] 1
[1743165621321914687] 1
[1743165621321971313] 1
[1743165621322003897] 1
[1743165621322080148] 1
[1743165621322463319] 1
[1743165621413832135] 1
[1743165621413992012] 1
[1743165621417977441] 1
[1743165621421015940] 1
[1743165621424015481] 1
[1743165621424318943] 1
[1743165621444540966] 1
[1743165621444692176] 1
[1743165621444805261] 1
[1743165621444992013] 1
[1743165621445136765] 1
[1743165621468380079] 1
[1743165621468603665] 1
[1743165621468697916] 1
[1743165621475938431] 1
[1743165621475992265] 1
[1743165621476032557] 1
[1743165621477027112] 1
[1743165621547865901] 1
[1743165621548014486] 1
[1743165621548096779] 1
[1743165621548165738] 1
[1743165621548236322] 1
[1743165621548278406] 1
[1743165621567469623] 1
[1743165621567549541] 1
[1743165621567603709] 1
[1743165621567682710] 1
[1743165621567721210] 1
[1743165621581185183] 1
[1743165621582543743] 1
[1743165621582799080] 1
[1743165621583127543] 1
[1743165621583272045] 1
[1743165621583470048] 1
[1743165621583616716] 1
[1743165621583989180] 1
[1743165621637145563] 1
[1743165621637404275] 1
[1743165621638389288] 1
[1743165621638451706] 1
[1743165621641890335] 1
[1743165621642020129] 1
[1743165621652197974] 1
[1743165621654399879] 1
[1743165621654526464] 1
[1743165621676761931] 1
[1743165621680016683] 1
[1743165621680720567] 1
[1743165621727621450] 1
[1743165621727768327] 1
[1743165621727869578] 1
[1743165621731037246] 1
[1743165621731127455] 1
[1743165621731395584] 1
[1743165621735485723] 1
[1743165621782492356] 1
[1743165621782668275] 1
[1743165621782861361] 1
[1743165621799936717] 1
[1743165621800872104] 1
[1743165621820788665] 1
[1743165621820979542] 1
[1743165621824056584] 1
[1743165621824190919] 1
[1743165621824595758] 1
[1743165621824764885] 1
[1743165621890690607] 1
[1743165621890830526] 1
[1743165621890905027] 1
[1743165621891078446] 1
[1743165621891167197] 1
[1743165621891467034] 1
[1743165621903358403] 1
[1743165621903509197] 1
[1743165621903707491] 1
[1743165621930575270] 1
[1743165621930795273] 1
[1743165621930985401] 1
[1743165621980014603] 1
[1743165621980180189] 1
[1743165621980383150] 1
[1743165621980604820] 1
[1743165621983655194] 1
[1743165621986535566] 1
[1743165621987111616] 1
[1743165622037290468] 1
[1743165622037411595] 1
[1743165622037476054] 1
[1743165622040359468] 1
[1743165622040961352] 1
[1743165622073339046] 1
[1743165622073579841] 1
[1743165622073786136] 1
[1743165622076874886] 1
[1743165622079196293] 1
[1743165622086558269] 1
[1743165622135873196] 1
[1743165622136034824] 1
[1743165622141874445] 1
[1743165622146200921] 1
[1743165622146422883] 1
[1743165622146527509] 1
[1743165622157300240] 1
[1743165622157512743] 1
[1743165622190279193] 1
[1743165622190431529] 1
[1743165622190511780] 1
[1743165622190900785] 1
[1743165622233470828] 1
[1743165622233732290] 1
[1743165622233986293] 1
[1743165622234201296] 1
[1743165622237107503] 1
[1743165622246660676] 1
[1743165622316946557] 1
[1743165622378543153] 1
[1743165622407215046] 1
[1743165622472094104] 1
[1743165622550011882] 1
[1743165622550106508] 1
[1743165622550154009] 1
[1743165622550200259] 1
[1743165622550248052] 1
[1743165622550279802] 1
[1743165622550312511] 1
[1743165622550334803] 1
[1743165622550367137] 1
[1743165622550391095] 1
[1743165622550415679] 1
[1743165622550859893] 1
[1743165622550888477] 1
[1743165622550916102] 1
[1743165622550932644] 1
[1743165622550958228] 1
[1743165622550974895] 1
[1743165622550999187] 1
[1743165622551019812] 1
[1743165622557266648] 1
[1743165622557536902] 1
[1743165622557745780] 1
[1743165622557833322] 1
[1743165622560919698] 1
[1743165622563502484] 1
[1743165622569714777] 1
[1743165622632834935] 1
[1743165622698501337] 1
[1743165622727868823] 1
[1743165622818536776] 1
[1743165622818747404] 1
[1743165622818803572] 1
[1743165622818936657] 1
[1743165622825048741] 1
[1743165622828048990] 1
[1743165622829470635] 1
[1743165622888896867] 1
[1743165622953816384] 1
[1743165622988814614] 1
[1743165623076461460] 1
[1743165623076725964] 1
[1743165623076819132] 1
[1743165623076863049] 1
[1743165623082408335] 1
[1743165623082756215] 1
[1743165623083386182] 1
[1743165623111850830] 1
[1743165623142253838] 1
[1743165623208829601] 1
[1743165623325907736] 1
[1743165623329432744] 1
[1743165623329578954] 1
[1743165623330060377] 1
[1743165623556558249] 1
[1743165623556843712] 1
[1743165623556887504] 1
[1743165623556929796] 1
[1743165623556980464] 1
[1743165623557028298] 1
[1743165623557073465] 1
[1743165623557113757] 1
[1743165623557161508] 1
[1743165623557747058] 1
[1743165623557807350] 1
[1743165623557843809] 1
[1743165623557871809] 1
[1743165623557908601] 1
[1743165623557935685] 1
[1743165623557964686] 1
[1743165623612313236] 1
[1743165623612410988] 1
[1743165623612475072] 1
[1743165623612642574] 1
[1743165623618245028] 1
[1743165623618308945] 1
[1743165623618458072] 1
[1743165623619289875] 1
[1743165623619583338] 1
[1743165623865134309] 1
[1743165623865575107] 1
[1743165623865627483] 1
[1743165623868399063] 1
[1743165623869151157] 1
[1743165624124029496] 1
[1743165624124327625] 1
[1743165624127661339] 1
[1743165624127761591] 1
[1743165624129730702] 1
[1743165624414375161] 1
[1743165624414604456] 1
[1743165624414734083] 1
[1743165624414826084] 1
[1743165624415034754] 1
[1743165624559952863] 1
[1743165624560977250] 1
[1743165624561050834] 1
[1743165624561083043] 1
[1743165624561104585] 1
[1743165624561125044] 1
[1743165624561145877] 1
[1743165624561164544] 1
[1743165624561193795] 1
[1743165624561222587] 1
[1743165624561245795] 1
[1743165624561343505] 1
[1743165624561376713] 1
[1743165624561403297] 1
[1743165624561422339] 1
[1743165624561454131] 1
[1743165624561478506] 1
[1743165624613104928] 1
[1743165624613316181] 1
[1743165624613461224] 1
[1743165624613558767] 1
[1743165624616307009] 1
[1743165624616349676] 1
[1743165624616491386] 1
[1743165624617173561] 1
[1743165624893667229] 1
[1743165624893934232] 1
[1743165624894187444] 1
[1743165624897282190] 1
[1743165624897477650] 1
[1743165625143660341] 1
[1743165625143862506] 1
[1743165625150450626] 1
[1743165625153863478] 1
[1743165625153936644] 1
[1743165625428906890] 1
[1743165625429181388] 1
[1743165625429364470] 1
[1743165625552505901] 0 : Request cancelled by client due to FailedTimeout
[1743165625566426804] 1
[1743165625566525387] 1
[1743165625566578095] 1
[1743165625566601761] 1
[1743165625566637053] 1
[1743165625566658552] 1
[1743165625566681511] 1
[1743165625566703219] 1
[1743165625566726594] 1
[1743165625566750052] 1
[1743165625566773427] 1
[1743165625566796135] 1
[1743165625566818926] 1
[1743165625566843051] 1
[1743165625566866468] 1
[1743165625566890634] 1
[1743165625566954967] 1
[1743165625578945258] 1
[1743165625582718315] 1
[1743165625583447893] 1
[1743165625602708092] 0 : Request cancelled by client due to FailedTimeout
[1743165625655706639] 0 : Request cancelled by client due to FailedTimeout
[1743165625706364910] 0 : Request cancelled by client due to FailedTimeout
[1743165625758322547] 0 : Request cancelled by client due to FailedTimeout
[1743165625809826229] 0 : Request cancelled by client due to FailedTimeout
[1743165625862292904] 0 : Request cancelled by client due to FailedTimeout
[1743165625913406297] 0 : Request cancelled by client due to FailedTimeout
[1743165625964953062] 0 : Request cancelled by client due to FailedTimeout
[1743165626014979970] 0 : Request cancelled by client due to FailedTimeout
[1743165626065673392] 0 : Request cancelled by client due to FailedTimeout
[1743165626117210102] 0 : Request cancelled by client due to FailedTimeout
[1743165626168675936] 0 : Request cancelled by client due to FailedTimeout
[1743165626220510685] 0 : Request cancelled by client due to FailedTimeout
[1743165626271859520] 0 : Request cancelled by client due to FailedTimeout
[1743165626322987440] 0 : Request cancelled by client due to FailedTimeout
[1743165626374801481] 0 : Request cancelled by client due to FailedTimeout
[1743165626426213066] 0 : Request cancelled by client due to FailedTimeout
[1743165626476776781] 0 : Request cancelled by client due to FailedTimeout
[1743165626528128324] 0 : Request cancelled by client due to FailedTimeout
[1743165626567675653] 1
[1743165626567859526] 1
[1743165626567913401] 1
[1743165626567963901] 1
[1743165626568012317] 1
[1743165626568066275] 1
[1743165626568100400] 1
[1743165626568121108] 1
[1743165626568134858] 1
[1743165626568155816] 1
[1743165626568880145] 1
[1743165626568906770] 1
[1743165626568924353] 1
[1743165626568992477] 1
[1743165626569011852] 1
[1743165626569027977] 1
[1743165626569046935] 1
[1743165626569061352] 1
[1743165626569105518] 1
[1743165626579052037] 0 : Request cancelled by client due to FailedTimeout
[1743165626580190905] 1
[1743165626631446158] 0 : Request cancelled by client due to FailedTimeout
[1743165626682278996] 0 : Request cancelled by client due to FailedTimeout
[1743165626733521832] 0 : Request cancelled by client due to FailedTimeout
[1743165626784430629] 0 : Request cancelled by client due to FailedTimeout
[1743165626834224516] 0 : Request cancelled by client due to FailedTimeout
[1743165626886727718] 0 : Request cancelled by client due to FailedTimeout
[1743165626938914340] 0 : Request cancelled by client due to FailedTimeout
[1743165626988787185] 0 : Request cancelled by client due to FailedTimeout
[1743165627041613698] 0 : Request cancelled by client due to FailedTimeout
[1743165627091890192] 0 : Request cancelled by client due to FailedTimeout
[1743165627143236179] 0 : Request cancelled by client due to FailedTimeout
[1743165627195109955] 0 : Request cancelled by client due to FailedTimeout
[1743165627246085402] 0 : Request cancelled by client due to FailedTimeout
[1743165627297845220] 0 : Request cancelled by client due to FailedTimeout
[1743165627349427706] 0 : Request cancelled by client due to FailedTimeout
[1743165627399954865] 0 : Request cancelled by client due to FailedTimeout
[1743165627452036181] 0 : Request cancelled by client due to FailedTimeout
[1743165627501738928] 0 : Request cancelled by client due to FailedTimeout
[1743165627554858738] 0 : Request cancelled by client due to FailedTimeout
[1743165627569759733] 1
[1743165627570339563] 1
[1743165627570421104] 1
[1743165627570433354] 1
[1743165627570462645] 1
[1743165627570487062] 1
[1743165627570506645] 1
[1743165627570537728] 1
[1743165627570564061] 1
[1743165627570587436] 1
[1743165627570613811] 1
[1743165627570631436] 1
[1743165627570648144] 1
[1743165627570664102] 1
[1743165627570683060] 1
[1743165627570732685] 1
[1743165627570752435] 1
[1743165627570767685] 1
[1743165627570785560] 1
[1743165627605880810] 0 : Request cancelled by client due to FailedTimeout
[1743165627656504385] 0 : Request cancelled by client due to FailedTimeout
[1743165627707729289] 0 : Request cancelled by client due to FailedTimeout
[1743165627759299067] 0 : Request cancelled by client due to FailedTimeout
[1743165627810392014] 0 : Request cancelled by client due to FailedTimeout
[1743165627861794876] 0 : Request cancelled by client due to FailedTimeout
[1743165627913048405] 0 : Request cancelled by client due to FailedTimeout
[1743165627964883098] 0 : Request cancelled by client due to FailedTimeout
[1743165628014552601] 0 : Request cancelled by client due to FailedTimeout
[1743165628066408487] 0 : Request cancelled by client due to FailedTimeout
[1743165628117322878] 0 : Request cancelled by client due to FailedTimeout
[1743165628169143931] 0 : Request cancelled by client due to FailedTimeout
[1743165628219809782] 0 : Request cancelled by client due to FailedTimeout
[1743165628271125629] 0 : Request cancelled by client due to FailedTimeout
[1743165628322084478] 0 : Request cancelled by client due to FailedTimeout
[1743165628372892744] 0 : Request cancelled by client due to FailedTimeout
[1743165628424220050] 0 : Request cancelled by client due to FailedTimeout
[1743165628475168607] 0 : Request cancelled by client due to FailedTimeout
[1743165628524421590] 0 : Request cancelled by client due to FailedTimeout
[1743165628572078290] 1
[1743165628572201706] 1
[1743165628572274498] 1
[1743165628572293998] 1
[1743165628572311747] 1
[1743165628572328289] 1
[1743165628572342456] 1
[1743165628572391664] 1
[1743165628572432955] 1
[1743165628572449372] 1
[1743165628572458913] 1
[1743165628572481038] 1
[1743165628572501621] 1
[1743165628572520705] 1
[1743165628572538580] 1
[1743165628572558954] 1
[1743165628572575871] 1
[1743165628572593704] 1
[1743165628572611746] 1
[1743165628576421975] 0 : Request cancelled by client due to FailedTimeout
[1743165628586459421] 1
[1743165628628768108] 0 : Request cancelled by client due to FailedTimeout
[1743165628680414079] 0 : Request cancelled by client due to FailedTimeout
[1743165628730453766] 0 : Request cancelled by client due to FailedTimeout
[1743165628782296110] 0 : Request cancelled by client due to FailedTimeout
[1743165628833801415] 0 : Request cancelled by client due to FailedTimeout
[1743165628885890716] 0 : Request cancelled by client due to FailedTimeout
[1743165628936847190] 0 : Request cancelled by client due to FailedTimeout
[1743165628987839039] 0 : Request cancelled by client due to FailedTimeout
[1743165629038028452] 0 : Request cancelled by client due to FailedTimeout
[1743165629090629486] 0 : Request cancelled by client due to FailedTimeout
[1743165629142014609] 0 : Request cancelled by client due to FailedTimeout
[1743165629192704818] 0 : Request cancelled by client due to FailedTimeout
[1743165629246870260] 0 : Request cancelled by client due to FailedTimeout
[1743165629296238643] 0 : Request cancelled by client due to FailedTimeout
[1743165629348079764] 0 : Request cancelled by client due to FailedTimeout
[1743165629398889223] 0 : Request cancelled by client due to FailedTimeout
[1743165629450662302] 0 : Request cancelled by client due to FailedTimeout
[1743165629501232429] 0 : Request cancelled by client due to FailedTimeout
[1743165629551921430] 0 : Request cancelled by client due to FailedTimeout
[1743165629574949442] 1
[1743165629575042233] 1
[1743165629575079858] 1
[1743165629575105941] 1
[1743165629575121066] 1
[1743165629575137774] 1
[1743165629575159107] 1
[1743165629575172274] 1
[1743165629575188024] 1
[1743165629575201440] 1
[1743165629575215982] 1
[1743165629575261274] 1
[1743165629575275065] 1
[1743165629575282107] 1
[1743165629575299190] 1
[1743165629575308898] 1
[1743165629575322773] 1
[1743165629575335606] 1
[1743165629575348231] 1
[1743165629576026311] 1
[1743165629602272516] 0 : Request cancelled by client due to FailedTimeout
[1743165629655113132] 0 : Request cancelled by client due to FailedTimeout
[1743165629707608916] 0 : Request cancelled by client due to FailedTimeout
[1743165629758466916] 0 : Request cancelled by client due to FailedTimeout
[1743165629810487744] 0 : Request cancelled by client due to FailedTimeout
[1743165629862457489] 0 : Request cancelled by client due to FailedTimeout
[1743165629913890528] 0 : Request cancelled by client due to FailedTimeout
[1743165629963812200] 0 : Request cancelled by client due to FailedTimeout
[1743165630013962751] 0 : Request cancelled by client due to FailedTimeout
[1743165630065988355] 0 : Request cancelled by client due to FailedTimeout
[1743165630118672998] 0 : Request cancelled by client due to FailedTimeout
[1743165630170022605] 0 : Request cancelled by client due to FailedTimeout
[1743165630220454508] 0 : Request cancelled by client due to FailedTimeout
[1743165630271758865] 0 : Request cancelled by client due to FailedTimeout
[1743165630322570766] 0 : Request cancelled by client due to FailedTimeout
[1743165630373572916] 0 : Request cancelled by client due to FailedTimeout
[1743165630422685782] 0 : Request cancelled by client due to FailedTimeout
[1743165630474418388] 0 : Request cancelled by client due to FailedTimeout
[1743165630524992873] 0 : Request cancelled by client due to FailedTimeout
[1743165630576153939] 1
[1743165630576285605] 1
[1743165630576305938] 1
[1743165630576331397] 1
[1743165630576348563] 1
[1743165630576363688] 1
[1743165630576380646] 1
[1743165630576390730] 1
[1743165630576408063] 1
[1743165630576418896] 1
[1743165630576501063] 1
[1743165630576524062] 1
[1743165630576574062] 1
[1743165630576621229] 1
[1743165630576641145] 1
[1743165630576655479] 1
[1743165630576675312] 1
[1743165630576693312] 1
[1743165630576703478] 1
[1743165630576725353] 0 : Request cancelled by client due to FailedTimeout
[1743165630590954374] 1
[1743165630627213631] 0 : Request cancelled by client due to FailedTimeout
[1743165630678292697] 0 : Request cancelled by client due to FailedTimeout
[1743165630731139172] 0 : Request cancelled by client due to FailedTimeout
[1743165630782761695] 0 : Request cancelled by client due to FailedTimeout
[1743165630834254676] 0 : Request cancelled by client due to FailedTimeout
[1743165630886702320] 0 : Request cancelled by client due to FailedTimeout
[1743165630937219305] 0 : Request cancelled by client due to FailedTimeout
[1743165630988027873] 0 : Request cancelled by client due to FailedTimeout
[1743165631040560744] 0 : Request cancelled by client due to FailedTimeout
[1743165631092280333] 0 : Request cancelled by client due to FailedTimeout
[1743165631142620469] 0 : Request cancelled by client due to FailedTimeout
[1743165631194490057] 0 : Request cancelled by client due to FailedTimeout
[1743165631244415945] 0 : Request cancelled by client due to FailedTimeout
[1743165631296203659] 0 : Request cancelled by client due to FailedTimeout
[1743165631346384920] 0 : Request cancelled by client due to FailedTimeout
[1743165631397755678] 0 : Request cancelled by client due to FailedTimeout
[1743165631447974731] 0 : Request cancelled by client due to FailedTimeout
[1743165631500553358] 0 : Request cancelled by client due to FailedTimeout
[1743165631551380326] 0 : Request cancelled by client due to FailedTimeout
[1743165631577757597] 1
[1743165631577885305] 1
[1743165631577936721] 1
[1743165631577991346] 1
[1743165631578034263] 1
[1743165631578064096] 1
[1743165631578087638] 1
[1743165631578096971] 1
[1743165631578148012] 1
[1743165631578164429] 1
[1743165631578178304] 1
[1743165631578222720] 1
[1743165631578236887] 1
[1743165631578263429] 1
[1743165631578271387] 1
[1743165631578318137] 1
[1743165631578332553] 1
[1743165631578339345] 1
[1743165631578353678] 1
[1743165631602546958] 0 : Request cancelled by client due to FailedTimeout
[1743165631653683091] 0 : Request cancelled by client due to FailedTimeout
[1743165632580246532] 1
[1743165632580602406] 1
[1743165632706407057] 1
[1743165632706606515] 1
[1743165632706697389] 1
[1743165632706761389] 1
[1743165632706809097] 1
[1743165632706877014] 1
[1743165632707024263] 1
[1743165632707097388] 1
[1743165632707148346] 1
[1743165632715709233] 1
[1743165632715773691] 1
[1743165632715832316] 1
[1743165632715900733] 1
[1743165632715969149] 1
[1743165632716039232] 1
[1743165632716095524] 1
[1743165632717126645] 1
[1743165632717900684] 1
[1743165633583000363] 1
[1743165633583609861] 1
[1743165633715960011] 1
[1743165633716177428] 1
[1743165633716257719] 1
[1743165633719773750] 1
[1743165633719852000] 1
[1743165633719934041] 1
[1743165633720000166] 1
[1743165633720126666] 1
[1743165633728667807] 1
[1743165633728726557] 1
[1743165633728786474] 1
[1743165633728850598] 1
[1743165633728900057] 1
[1743165633728950473] 1
[1743165633729637054] 1
[1743165633732980461] 1
[1743165633733054044] 1
[1743165634585595254] 1
[1743165634586324835] 1
[1743165634586585793] 1
[1743165634707892199] 1
[1743165634708042282] 1
[1743165634708160615] 1
[1743165634708262573] 1
[1743165634708395656] 1
[1743165634708461865] 1
[1743165634708512823] 1
[1743165634708579281] 1
[1743165634722754371] 1
[1743165634722797121] 1
[1743165634722840662] 1
[1743165634722918954] 1
[1743165634722993453] 1
[1743165634723638243] 1
[1743165634724194367] 1
[1743165634724294408] 1
[1743165634724386367] 1
[1743165635589910149] 1
[1743165635590703148] 1
[1743165635713504024] 1
[1743165635716798517] 1
[1743165635716985933] 1
[1743165635717138683] 1
[1743165635717278474] 1
[1743165635717575099] 1
[1743165635717638140] 1
[1743165635729227992] 1
[1743165635729283200] 1
[1743165635729332658] 1
[1743165635729373741] 1
[1743165635729402033] 1
[1743165635729447325] 1
[1743165635730139948] 1
[1743165635733075276] 1
[1743165635733274942] 1
[1743165635733428233] 1
[1743165636593749423] 1
[1743165636594570963] 1
[1743165636594967004] 1
[1743165636595192295] 1
[1743165636595804753] 1
[1743165636595904086] 1
[1743165636595946544] 1
[1743165636596038711] 1
[1743165636596111544] 1
[1743165636596344585] 1
[1743165636596403002] 1
[1743165636688608148] 1
[1743165636688824731] 1
[1743165636688923439] 1
[1743165636689011606] 1
[1743165636689065689] 1
[1743165636689103272] 1
[1743165636689150106] 1
[1743165636689474480] 1
[1743165636689677188] 1
[1743165637598874440] 1
[1743165637600315147] 1
[1743165637728388836] 1
[1743165637728552752] 1
[1743165637728629336] 1
[1743165637728671836] 1
[1743165637728718961] 1
[1743165637728766127] 1
[1743165637728822044] 1
[1743165637729022585] 1
[1743165637743425194] 1
[1743165637743516277] 1
[1743165637743808610] 1
[1743165637743889985] 1
[1743165637743946652] 1
[1743165637744062443] 1
[1743165637744509276] 1
[1743165637745360775] 1
[1743165637745544233] 1
[1743165638603248989] 1
[1743165638604075030] 1
[1743165638604405571] 1
[1743165638734690607] 1
[1743165638738268188] 1
[1743165638738365271] 1
[1743165638738554187] 1
[1743165638738611479] 1
[1743165638738685812] 1
[1743165638738752979] 1
[1743165638738969979] 1
[1743165638747511473] 1
[1743165638747572348] 1
[1743165638747695765] 1
[1743165638747767348] 1
[1743165638747851139] 1
[1743165638747888723] 1
[1743165638748763264] 1
[1743165638751745012] 1
[1743165638751797178] 1
[1743165639607024727] 1
[1743165639607977310] 1
[1743165639608266060] 1
[1743165639735622736] 1
[1743165639735883319] 1
[1743165639735954653] 1
[1743165639736041653] 1
[1743165639736107236] 1
[1743165639736157778] 1
[1743165639736217736] 1
[1743165639736307528] 1
[1743165639748157108] 1
[1743165639748211733] 1
[1743165639748285066] 1
[1743165639748356774] 1
[1743165639748407149] 1
[1743165639748437024] 1
[1743165639749072858] 1
[1743165639749948107] 1
[1743165639750072816] 1
[1743165640610752315] 1
[1743165640611440481] 1
[1743165640733687377] 1
[1743165640733860794] 1
[1743165640734082919] 1
[1743165640734156794] 1
[1743165640734257878] 1
[1743165640734564294] 1
[1743165640734634878] 1
[1743165640734766503] 1
[1743165640749105380] 1
[1743165640749181005] 1
[1743165640749258172] 1
[1743165640749391213] 1
[1743165640749461005] 1
[1743165640752097881] 1
[1743165640752237381] 1
[1743165640752362506] 1
[1743165640752413631] 1
[1743165641613854577] 1
[1743165641614548661] 1
[1743165641614622619] 1
[1743165641737675484] 1
[1743165641737907525] 1
[1743165641738033567] 1
[1743165641738138859] 1
[1743165641738229651] 1
[1743165641738411984] 1
[1743165641738763818] 1
[1743165641738961776] 1
[1743165641753822660] 1
[1743165641753882243] 1
[1743165641753925451] 1
[1743165641754063577] 1
[1743165641754127118] 1
[1743165641754492493] 1
[1743165641755273036] 1
[1743165641755428827] 1
[1743165641755517827] 1
[1743165642617219091] 1
[1743165642619651885] 1
[1743165642749317182] 1
[1743165642749452182] 1
[1743165642749924641] 1
[1743165642752908769] 1
[1743165642752962436] 1
[1743165642753001978] 1
[1743165642753074061] 1
[1743165642753435145] 1
[1743165642762370570] 1
[1743165642762466445] 1
[1743165642762662571] 1
[1743165642762705487] 1
[1743165642762752612] 1
[1743165642763043446] 1
[1743165642763582322] 1
[1743165642766693366] 1
[1743165642766776116] 1
[1743165643625185857] 1
[1743165643626775401] 1
[1743165643627291402] 1
[1743165643750698868] 1
[1743165643750827951] 1
[1743165643750944285] 1
[1743165643751042951] 1
[1743165643751120826] 1
[1743165643751576619] 1
[1743165643751727327] 1
[1743165643766397098] 1
[1743165643766447348] 1
[1743165643766478557] 1
[1743165643766507265] 1
[1743165643766535098] 1
[1743165643766560307] 1
[1743165643767056724] 1
[1743165643767868517] 1
[1743165643767985684] 1
[1743165643768085892] 1
[1743165644629864485] 1
[1743165644630780736] 1
[1743165644759509761] 1
[1743165644762601767] 1
[1743165644762689767] 1
[1743165644762757725] 1
[1743165644762797267] 1
[1743165644762868059] 1
[1743165644762943726] 1
[1743165644763018726] 1
[1743165644772131701] 1
[1743165644772182576] 1
[1743165644772296076] 1
[1743165644772373951] 1
[1743165644772493951] 1
[1743165644772552326] 1
[1743165644773156619] 1
[1743165644776214666] 1
[1743165644776279791] 1
[1743165645632725008] 1
[1743165645633441968] 1
[1743165645633822844] 1
[1743165645741710207] 1
[1743165645741906582] 1
[1743165645742005082] 1
[1743165645742044583] 1
[1743165645742097749] 1
[1743165645742738917] 1
[1743165645745808799] 1
[1743165645745855883] 1
[1743165645754429235] 1
[1743165645754486818] 1
[1743165645754531735] 1
[1743165645754598360] 1
[1743165645754653485] 1
[1743165645755571612] 1
[1743165645758669869] 1
[1743165645758787161] 1
[1743165645758875286] 1
[1743165646636534677] 1
[1743165646637731638] 1
[1743165646638005972] 1
[1743165646638460015] 1
[1743165646638548390] 1
[1743165646638626849] 1
[1743165646638677140] 1
[1743165646638731349] 1
[1743165646638781682] 1
[1743165646740603946] 1
[1743165646740747113] 1
[1743165646741021822] 1
[1743165646741108948] 1
[1743165646743915205] 1
[1743165646743951122] 1
[1743165646744016997] 1
[1743165646744047622] 1
[1743165646744249247] 1
[1743165646744396206] 1
[1743165647641267984] 1
[1743165647642271571] 1
[1743165647772148499] 1
[1743165647772326916] 1
[1743165647772381499] 1
[1743165647772605708] 1
[1743165647772677875] 1
[1743165647772747792] 1
[1743165647772788750] 1
[1743165647772840959] 1
[1743165647772896417] 1
[1743165647784186576] 1
[1743165647784268743] 1
[1743165647784321451] 1
[1743165647784469119] 1
[1743165647784541202] 1
[1743165647784596619] 1
[1743165647785179704] 1
[1743165647785853831] 1
[1743165647788082338] 1
[1743165648646943052] 1
[1743165648648012764] 1
[1743165648648168181] 1
[1743165648751781528] 1
[1743165648751968529] 1
[1743165648752095863] 1
[1743165648752172488] 1
[1743165648752568323] 1
[1743165648752738573] 1
[1743165648752928282] 1
[1743165648767382872] 1
[1743165648767437206] 1
[1743165648767492914] 1
[1743165648767532831] 1
[1743165648767671623] 1
[1743165648770091590] 1
[1743165648770299965] 1
[1743165648770377841] 1
[1743165648770449633] 1
[1743165649651097699] 1
[1743165649652033077] 1
[1743165649652567121] 1
[1743165649775094535] 1
[1743165649775268369] 1
[1743165649775437661] 1
[1743165649775493953] 1
[1743165649775603329] 1
[1743165649775673662] 1
[1743165649775761371] 1
[1743165649775808205] 1
[1743165649790188550] 1
[1743165649790259050] 1
[1743165649790298258] 1
[1743165649790337884] 1
[1743165649790437009] 1
[1743165649790481009] 1
[1743165649792956310] 1
[1743165649793068185] 1
[1743165649793190769] 1
[1743165650654814880] 1
[1743165650656105927] 1
[1743165650657878476] 1
[1743165650782947528] 1
[1743165650783046279] 1
[1743165650783149029] 1
[1743165650783231279] 1
[1743165650783329946] 1
[1743165650783386322] 1
[1743165650783452947] 1
[1743165650783509322] 1
[1743165650792557609] 1
[1743165650792627859] 1
[1743165650792679026] 1
[1743165650792766985] 1
[1743165650792813360] 1
[1743165650792931694] 1
[1743165650792980944] 1
[1743165650796437708] 1
[1743165651660042431] 1
[1743165651660691934] 1
[1743165651660805976] 1
[1743165651802445439] 1
[1743165651802580481] 1
[1743165651802633064] 1
[1743165651802675815] 1
[1743165651802737440] 1
[1743165651802764190] 1
[1743165651802818024] 1
[1743165651802896607] 1
[1743165651810102973] 1
[1743165651810297182] 1
[1743165651810375849] 1
[1743165651810453974] 1
[1743165651810537266] 1
[1743165651810592933] 1
[1743165651814120699] 1
[1743165651826193961] 1
[1743165651826366212] 1
[1743165652663797041] 1
[1743165652665022922] 1
[1743165652667131766] 1
[1743165652667262308] 1
[1743165652667322392] 1
[1743165652667390350] 1
[1743165652667442226] 1
[1743165652667484309] 1
[1743165652667643852] 1
[1743165652763113184] 1
[1743165652763258185] 1
[1743165652763370977] 1
[1743165652763415686] 1
[1743165652763462145] 1
[1743165652772185311] 1
[1743165652772236812] 1
[1743165652772281728] 1
[1743165652772783981] 1
[1743165652776114205] 1
[1743165652776221372] 1
[1743165653670377269] 1
[1743165653671054855] 1
[1743165653802962076] 1
[1743165653803128576] 1
[1743165653803258327] 1
[1743165653803333286] 1
[1743165653803473703] 1
[1743165653803509245] 1
[1743165653803539620] 1
[1743165653803959622] 1
[1743165653818471822] 1
[1743165653818553447] 1
[1743165653818617198] 1
[1743165653818707698] 1
[1743165653818784240] 1
[1743165653818823407] 1
[1743165653818851782] 1
[1743165653820531666] 1
[1743165653820646708] 1
[1743165654674007078] 1
[1743165654675103375] 1
[1743165654675383960] 1
[1743165654798746179] 1
[1743165654799010430] 1
[1743165654799121597] 1
[1743165654799186681] 1
[1743165654799228681] 1
[1743165654799288098] 1
[1743165654799343974] 1
[1743165654799441849] 1
[1743165654810940579] 1
[1743165654811002913] 1
[1743165654811056996] 1
[1743165654811211539] 1
[1743165654811301664] 1
[1743165654811373748] 1
[1743165654814156722] 1
[1743165654814334014] 1
[1743165654814535515] 1
[1743165655677943188] 1
[1743165655678781360] 1
[1743165655679182904] 1
[1743165655794422575] 1
[1743165655794580034] 1
[1743165655794648159] 1
[1743165655794688410] 1
[1743165655794721160] 1
[1743165655794753785] 1
[1743165655794814785] 1
[1743165655794853910] 1
[1743165655803784671] 1
[1743165655803840963] 1
[1743165655803910255] 1
[1743165655804128631] 1
[1743165655804193465] 1
[1743165655804256090] 1
[1743165655804918594] 1
[1743165655807900195] 1
[1743165655807960362] 1
[1743165656681194922] 1
[1743165656681792092] 1
[1743165656681878134] 1
[1743165656681979010] 1
[1743165656682138927] 1
[1743165656682214511] 1
[1743165656682254137] 1
[1743165656682287220] 1
[1743165656773164529] 1
[1743165656773530282] 1
[1743165656773673282] 1
[1743165656773726574] 1
[1743165656776634884] 1
[1743165656776712593] 1
[1743165656777071512] 1
[1743165656777122845] 1
[1743165656777161929] 1
[1743165656777246846] 1
[1743165656777602682] 1
[1743165657685629076] 1
[1743165657686409748] 1
[1743165657812943193] 1
[1743165657813067568] 1
[1743165657813157986] 1
[1743165657813270028] 1
[1743165657813344904] 1
[1743165657813459863] 1
[1743165657813543238] 1
[1743165657813688781] 1
[1743165657827952082] 1
[1743165657828210375] 1
[1743165657828257125] 1
[1743165657828289084] 1
[1743165657828341834] 1
[1743165657828433043] 1
[1743165657828528252] 1
[1743165657831001268] 1
[1743165657831154602] 1
[1743165657831352270] 1
[1743165658689516927] 1
[1743165658695860637] 1
[1743165658696451099] 1
[1743165658825169350] 1
[1743165658825345226] 1
[1743165658825490602] 1
[1743165658825603311] 1
[1743165658825823896] 1
[1743165658825885563] 1
[1743165658829015751] 1
[1743165658829094835] 1
[1743165658829147960] 1
[1743165658829217502] 1
[1743165658829293378] 1
[1743165658829344753] 1
[1743165658829375337] 1
[1743165658829422212] 1
[1743165658829444087] 1
[1743165658829481212] 1
[1743165658829510046] 1
[1743165659699895186] 1
[1743165659701517906] 1
[1743165659814222750] 1
[1743165659814401585] 1
[1743165659814528294] 1
[1743165659814575627] 1
[1743165659814645878] 1
[1743165659814717920] 1
[1743165659814880421] 1
[1743165659814922463] 1
[1743165659826510337] 1
[1743165659826571713] 1
[1743165659826606463] 1
[1743165659826728672] 1
[1743165659826784798] 1
[1743165659826839506] 1
[1743165659829008230] 1
[1743165659829132939] 1
[1743165659829206815] 1
[1743165660703342921] 1
[1743165660703504173] 1
[1743165660703582798] 1
[1743165660791995663] 1
[1743165660792127414] 1
[1743165660792240082] 1
[1743165660792291707] 1
[1743165660792335624] 1
[1743165660804253421] 1
[1743165660804339880] 1
[1743165660804437797] 1
[1743165660804575382] 1
[1743165660804636299] 1
[1743165660807313402] 1
[1743165660807369986] 1
[1743165660807410028] 1
[1743165660807503153] 1
[1743165660807542612] 1
[1743165660807588279] 1
[1743165660807654821] 1
[1743165661706241295] 1
[1743165661706479881] 1
[1743165661804466847] 1
[1743165661804620098] 1
[1743165661804792891] 1
[1743165661804860850] 1
[1743165661804914184] 1
[1743165661804959892] 1
[1743165661804993309] 1
[1743165661819904883] 1
[1743165661819979675] 1
[1743165661820063218] 1
[1743165661820248011] 1
[1743165661820306761] 1
[1743165661820436304] 1
[1743165661821010933] 1
[1743165661821594729] 1
[1743165661824057623] 1
[1743165661824108749] 1
[1743165662711282408] 1
[1743165662711800871] 1
[1743165662712248958] 1
[1743165662826812878] 1
[1743165662826939921] 1
[1743165662827029213] 1
[1743165662827141089] 1
[1743165662827278757] 1
[1743165662827400050] 1
[1743165662827462758] 1
[1743165662827637426] 1
[1743165662841883833] 1
[1743165662841986583] 1
[1743165662842068459] 1
[1743165662842112793] 1
[1743165662842141293] 1
[1743165662842700673] 1
[1743165662843322969] 1
[1743165662843434178] 1
[1743165662843493304] 1
[1743165663714715392] 1
[1743165663715970527] 1
[1743165663868143587] 1
[1743165663868314589] 1
[1743165663868378256] 1
[1743165663868475382] 1
[1743165663868541465] 1
[1743165663868585049] 1
[1743165663868897218] 1
[1743165663868953802] 1
[1743165663869295972] 1
[1743165663869403139] 1
[1743165663869451098] 1
[1743165663869491432] 1
[1743165663869533557] 1
[1743165663869708309] 1
[1743165663870291563] 1
[1743165663870417356] 1
[1743165663870448856] 1
[1743165664718547383] 1
[1743165664719054971] 1
[1743165664719174138] 1
[1743165664838451209] 1
[1743165664838596335] 1
[1743165664838682419] 1
[1743165664838795587] 1
[1743165664838990505] 1
[1743165664839134840] 1
[1743165664839357758] 1
[1743165664839442759] 1
[1743165664854802600] 1
[1743165664854855350] 1
[1743165664854906517] 1
[1743165664854980310] 1
[1743165664855040644] 1
[1743165664857633958] 1
[1743165664857748125] 1
[1743165664857929252] 1
[1743165664858120545] 1
[1743165665721183321] 1
[1743165665724343974] 1
[1743165665724495267] 1
[1743165665848541414] 1
[1743165665848641124] 1
[1743165665848713666] 1
[1743165665848757791] 1
[1743165665848809125] 1
[1743165665848839209] 1
[1743165665848926668] 1
[1743165665848994585] 1
[1743165665863516340] 1
[1743165665863584840] 1
[1743165665863783925] 1
[1743165665863846509] 1
[1743165665863918635] 1
[1743165665864412014] 1
[1743165665865073478] 1
[1743165665865396190] 1
[1743165665865462399] 1
[1743165666726838656] 1
[1743165666727643414] 1
[1743165666727843332] 1
[1743165666727922041] 1
[1743165666728154210] 1
[1743165666728212919] 1
[1743165666728256336] 1
[1743165666835271320] 1
[1743165666835497989] 1
[1743165666835561364] 1
[1743165666835853159] 1
[1743165666838828519] 1
[1743165666838876811] 1
[1743165666838915020] 1
[1743165666838941770] 1
[1743165666838968229] 1
[1743165666839032396] 1
[1743165666839116689] 1
[1743165666839404650] 1
[1743165667731467931] 1
[1743165667732055937] 1
[1743165667861761166] 1
[1743165667861866250] 1
[1743165667863047594] 1
[1743165667863137387] 1
[1743165667863189762] 1
[1743165667863262096] 1
[1743165667863606516] 1
[1743165667863652475] 1
[1743165667878012736] 1
[1743165667878066362] 1
[1743165667878096237] 1
[1743165667878121196] 1
[1743165667878146654] 1
[1743165667878178821] 1
[1743165667881002598] 1
[1743165667881090682] 1
[1743165667881207891] 1
[1743165667881246892] 1
[1743165668736456654] 1
[1743165668737391914] 1
[1743165668737450456] 1
[1743165668846921190] 1
[1743165668847013774] 1
[1743165668847056649] 1
[1743165668847093525] 1
[1743165668847235276] 1
[1743165668847332985] 1
[1743165668847393153] 1
[1743165668858939598] 1
[1743165668858985974] 1
[1743165668859020641] 1
[1743165668859087892] 1
[1743165668859140184] 1
[1743165668861689917] 1
[1743165668861824835] 1
[1743165668861889961] 1
[1743165668861924211] 1
[1743165669739423006] 1
[1743165669740171389] 1
[1743165669740320099] 1
[1743165669870267275] 1
[1743165669870428819] 1
[1743165669870535028] 1
[1743165669872763259] 1
[1743165669872839801] 1
[1743165669872890843] 1
[1743165669875753455] 1
[1743165669875806998] 1
[1743165669875848165] 1
[1743165669875880748] 1
[1743165669875914332] 1
[1743165669875937124] 1
[1743165669876003083] 1
[1743165669876239419] 1
[1743165669876297003] 1
[1743165669876365378] 1
[1743165669876417629] 1
[1743165670742647921] 1
[1743165670743349012] 1
[1743165670743543305] 1
[1743165670865010929] 1
[1743165670865470809] 1
[1743165670865530810] 1
[1743165670865614019] 1
[1743165670865657353] 1
[1743165670865820063] 1
[1743165670865864147] 1
[1743165670865891688] 1
[1743165670880819884] 1
[1743165670880877968] 1
[1743165670881231221] 1
[1743165670881308597] 1
[1743165670881364639] 1
[1743165670881913020] 1
[1743165670883110574] 1
[1743165670883163241] 1
[1743165670883201325] 1
[1743165671750716901] 1
[1743165671751254240] 1
[1743165671882452207] 1
[1743165671882636584] 1
[1743165671882691251] 1
[1743165671882748960] 1
[1743165671882801127] 1
[1743165671882849378] 1
[1743165671882947254] 1
[1743165671883006380] 1
[1743165671898676295] 1
[1743165671898743587] 1
[1743165671898968256] 1
[1743165671899038215] 1
[1743165671899152050] 1
[1743165671899215259] 1
[1743165671899657305] 1
[1743165671900281270] 1
[1743165671900439480] 1
[1743165672754057635] 1
[1743165672754822851] 1
[1743165672755013478] 1
[1743165672888801174] 1
[1743165672888928467] 1
[1743165672889000176] 1
[1743165672889069302] 1
[1743165672889141636] 1
[1743165672891723080] 1
[1743165672894672196] 1
[1743165672894709488] 1
[1743165672894748946] 1
[1743165672894793447] 1
[1743165672894846906] 1
[1743165672894880114] 1
[1743165672894914490] 1
[1743165672894985407] 1
[1743165672895015949] 1
[1743165672895073450] 1
[1743165672895387370] 1
[1743165673758545887] 1
[1743165673759074060] 1
[1743165673759144560] 1
[1743165673896057949] 1
[1743165673896165409] 1
[1743165673896218326] 1
[1743165673896244743] 1
[1743165673896499163] 1
[1743165673896538621] 1
[1743165673899273735] 1
[1743165673899311777] 1
[1743165673899336111] 1
[1743165673899359027] 1
[1743165673899383111] 1
[1743165673899541238] 1
[1743165673899606655] 1
[1743165673899859616] 1
[1743165673899900075] 1
[1743165673900163370] 1
[1743165673900243371] 1
[1743165674762573137] 1
[1743165674763235061] 1
[1743165674892802443] 1
[1743165674892961236] 1
[1743165674893015154] 1
[1743165674893069071] 1
[1743165674893118363] 1
[1743165674893161072] 1
[1743165674896143897] 1
[1743165674896176648] 1
[1743165674905111499] 1
[1743165674905169083] 1
[1743165674905204417] 1
[1743165674905231750] 1
[1743165674905258542] 1
[1743165674905299209] 1
[1743165674905923633] 1
[1743165674909190670] 1
[1743165674909413381] 1
[1743165675765470581] 1
[1743165675766251965] 1
[1743165675766347008] 1
[1743165675885520968] 1
[1743165675885615302] 1
[1743165675885644428] 1
[1743165675885707720] 1
[1743165675885784554] 1
[1743165675885873305] 1
[1743165675885929264] 1
[1743165675885976057] 1
[1743165675899880759] 1
[1743165675899933509] 1
[1743165675899969135] 1
[1743165675900395056] 1
[1743165675900452015] 1
[1743165675900851728] 1
[1743165675901767156] 1
[1743165675901900282] 1
[1743165675902071867] 1
[1743165676768738607] 1
[1743165676769436532] 1
[1743165676769502532] 1
[1743165676769555908] 1
[1743165676769598784] 1
[1743165676769639451] 1
[1743165676872817626] 1
[1743165676872927794] 1
[1743165676872970669] 1
[1743165676873018045] 1
[1743165676873058671] 1
[1743165676873085337] 1
[1743165676881634022] 1
[1743165676881682606] 1
[1743165676881711231] 1
[1743165676881754773] 1
[1743165676883741380] 1
[1743165676883857715] 1
[1743165676884386804] 1
[1743165677772416878] 1
[1743165677773093970] 1
[1743165677773579309] 1
[1743165677901759393] 1
[1743165677905121558] 1
[1743165677905249060] 1
[1743165677905313060] 1
[1743165677905356394] 1
[1743165677905397478] 1
[1743165677905429353] 1
[1743165677905512438] 1
[1743165677914710424] 1
[1743165677914754132] 1
[1743165677914787716] 1
[1743165677914820425] 1
[1743165677914873550] 1
[1743165677914930259] 1
[1743165677915583309] 1
[1743165677918672846] 1
[1743165677918734222] 1
[1743165678775600630] 1
[1743165678776339597] 1
[1743165678776424390] 1
[1743165678891064630] 1
[1743165678891305216] 1
[1743165678891408551] 1
[1743165678891449426] 1
[1743165678891552636] 1
[1743165678891598261] 1
[1743165678891651387] 1
[1743165678907282620] 1
[1743165678907332121] 1
[1743165678907373205] 1
[1743165678907463414] 1
[1743165678907510248] 1
[1743165678908052463] 1
[1743165678911048458] 1
[1743165678911089042] 1
[1743165678911131459] 1
[1743165678911398754] 1
[1743165679779588959] 1
[1743165679780351843] 1
[1743165679916704714] 1
[1743165679916888966] 1
[1743165679916933300] 1
[1743165679917165470] 1
[1743165679917238762] 1
[1743165679917278929] 1
[1743165679917319305] 1
[1743165679917402056] 1
[1743165679923129627] 1
[1743165679923197878] 1
[1743165679923231712] 1
[1743165679923284796] 1
[1743165679923521382] 1
[1743165679923604758] 1
[1743165679923637884] 1
[1743165679923672134] 1
[1743165679924229600] 1
[1743165680782908925] 1
[1743165680783632934] 1
[1743165680783787561] 1
[1743165680916950005] 1
[1743165680917046173] 1
[1743165680917141633] 1
[1743165680917181383] 1
[1743165680917220884] 1
[1743165680917475429] 1
[1743165680920280215] 1
[1743165680920318132] 1
[1743165680920343840] 1
[1743165680920375632] 1
[1743165680920401299] 1
[1743165680920425800] 1
[1743165680920491259] 1
[1743165680920556301] 1
[1743165680920777679] 1
[1743165680920971890] 1
[1743165680921020599] 1
[1743165681785718444] 1
[1743165681786461412] 1
[1743165681786575371] 1
[1743165681906773636] 1
[1743165681906927346] 1
[1743165681907038098] 1
[1743165681910162930] 1
[1743165681910198764] 1
[1743165681910245723] 1
[1743165681910313515] 1
[1743165681922454464] 1
[1743165681922491631] 1
[1743165681922527757] 1
[1743165681922555799] 1
[1743165681922622716] 1
[1743165681923136890] 1
[1743165681926062844] 1
[1743165681926107678] 1
[1743165681926185096] 1
[1743165682789258194] 1
[1743165682789883577] 1
[1743165682789960287] 1
[1743165682926251790] 1
[1743165682926431250] 1
[1743165682927597599] 1
[1743165682927640600] 1
[1743165682929848795] 1
[1743165682929898254] 1
[1743165682932824543] 1
[1743165682932867168] 1
[1743165682932907627] 1
[1743165682932984962] 1
[1743165682933009254] 1
[1743165682933038504] 1
[1743165682933185881] 1
[1743165682933279716] 1
[1743165682933366717] 1
[1743165682933417634] 1
[1743165682933457635] 1
[1743165683792458784] 1
[1743165683792854914] 1
[1743165683792905290] 1
[1743165683916762364] 1
[1743165683916972909] 1
[1743165683917027243] 1
[1743165683917102911] 1
[1743165683917164911] 1
[1743165683917217287] 1
[1743165683920173077] 1
[1743165683929216948] 1
[1743165683929272032] 1
[1743165683929490576] 1
[1743165683929531619] 1
[1743165683929567369] 1
[1743165683929602244] 1
[1743165683930309337] 1
[1743165683933253127] 1
[1743165683933317461] 1
[1743165684797706060] 1
[1743165684798424318] 1
[1743165684798517403] 1
[1743165684920122878] 1
[1743165684920395631] 1
[1743165684920459465] 1
[1743165684920535425] 1
[1743165684920642301] 1
[1743165684920707385] 1
[1743165684920768052] 1
[1743165684935903481] 1
[1743165684935981398] 1
[1743165684936066066] 1
[1743165684936192109] 1
[1743165684936267110] 1
[1743165684936315861] 1
[1743165684938917391] 1
[1743165684939050643] 1
[1743165684939195103] 1
[1743165684939304187] 1
[1743165685801123952] 1
[1743165685801802656] 1
[1743165685801991780] 1
[1743165685923780594] 1
[1743165685924078009] 1
[1743165685924241550] 1
[1743165685924336924] 1
[1743165685924394965] 1
[1743165685924551298] 1
[1743165685924628797] 1
[1743165685924721130] 1
[1743165685943496733] 1
[1743165685943556024] 1
[1743165685943614565] 1
[1743165685943888230] 1
[1743165685943971355] 1
[1743165685944459727] 1
[1743165685945178890] 1
[1743165685945455805] 1
[1743165685945637179] 1
[1743165686805803885] 1
[1743165686806624005] 1
[1743165686806742130] 1
[1743165686806794963] 1
[1743165686806848671] 1
[1743165686927298550] 1
[1743165686927416799] 1
[1743165686927472132] 1
[1743165686927545507] 1
[1743165686927576298] 1
[1743165686930504783] 1
[1743165686930609658] 1
[1743165686930662116] 1
[1743165686930750574] 1
[1743165686930809240] 1
[1743165686930843282] 1
[1743165686930954656] 1
[1743165686930999656] 1
[1743165686931466862] 1
[1743165687809403053] 1
[1743165687810238424] 1
[1743165687810299257] 1
[1743165687929587490] 1
[1743165687929742823] 1
[1743165687931079275] 1
[1743165687931149316] 1
[1743165687931206358] 1
[1743165687931378440] 1
[1743165687931682689] 1
[1743165687931758772] 1
[1743165687931807688] 1
[1743165687931856855] 1
[1743165687931892896] 1
[1743165687931947354] 1
[1743165687932111645] 1
[1743165687937784119] 1
[1743165687937829243] 1
[1743165687937872993] 1
[1743165687938461657] 1
[1743165688813410858] 1
[1743165688814055439] 1
[1743165688936938296] 1
[1743165688937125212] 1
[1743165688937194503] 1
[1743165688937290586] 1
[1743165688937374711] 1
[1743165688940335698] 1
[1743165688940391573] 1
[1743165688952802854] 1
[1743165688952861979] 1
[1743165688952902312] 1
[1743165688953168436] 1
[1743165688953242102] 1
[1743165688953285394] 1
[1743165688953831058] 1
[1743165688957065169] 1
[1743165688957138836] 1
[1743165688957175336] 1
[1743165689817221837] 1
[1743165689817952126] 1
[1743165689818023459] 1
[1743165689950817544] 1
[1743165689953814366] 1
[1743165689953862074] 1
[1743165689953913783] 1
[1743165689953957741] 1
[1743165689954006241] 1
[1743165689954057824] 1
[1743165689954100240] 1
[1743165689964291827] 1
[1743165689964342993] 1
[1743165689964378327] 1
[1743165689964468618] 1
[1743165689964598409] 1
[1743165689964667909] 1
[1743165689965226865] 1
[1743165689968139104] 1
[1743165689968243812] 1
[1743165690823297225] 1
[1743165690824006014] 1
[1743165690824248138] 1
[1743165690942495040] 1
[1743165690942694289] 1
[1743165690942762539] 1
[1743165690942854414] 1
[1743165690942983913] 1
[1743165690943203538] 1
[1743165690943338245] 1
[1743165690943450162] 1
[1743165690957641240] 1
[1743165690957738573] 1
[1743165690957798531] 1
[1743165690957952531] 1
[1743165690957997114] 1
[1743165690958830819] 1
[1743165690959123360] 1
[1743165690959390192] 1
[1743165690959456026] 1
[1743165691830462104] 1
[1743165691831563475] 1
[1743165691915555319] 1
[1743165691915655569] 1
[1743165691915740985] 1
[1743165691915798193] 1
[1743165691925745207] 1
[1743165691925820540] 1
[1743165691925935331] 1
[1743165691926719079] 1
[1743165691927013620] 1
[1743165691927141953] 1
[1743165711566528242] 1
[1743165711566674368] 1
[1743165711566733035] 1
[1743165711566802160] 1
[1743165711566827869] 1
[1743165711567782165] 1
[1743165711613282755] 1
[1743165711613676132] 1
[1743165711638666209] 1
[1743165711648280046] 1
[1743165711648419297] 1
[1743165711714320817] 1
[1743165711714426484] 1
[1743165711714494526] 1
[1743165711714553984] 1
[1743165711714643443] 1
[1743165711717549415] 1
[1743165711717604332] 1
[1743165711724670074] 1
[1743165711724742824] 1
[1743165711724799450] 1
[1743165711724901158] 1
[1743165711747992309] 1
[1743165711751970870] 1
[1743165711752266871] 1
[1743165711752427289] 1
[1743165711755428344] 1
[1743165711763438966] 1
[1743165711763514049] 1
[1743165711769422077] 1
[1743165711769465328] 1
[1743165711769507953] 1
[1743165711772931886] 1
[1743165711776058234] 1
[1743165711776217360] 1
[1743165711779074456] 1
[1743165711779160082] 1
[1743165711791059680] 1
[1743165711791144222] 1
[1743165711791180055] 1
[1743165711811253942] 1
[1743165711814044497] 1
[1743165711814083122] 1
[1743165711814137039] 1
[1743165711814426832] 1
[1743165711814984001] 1
[1743165711869119882] 1
[1743165711869212341] 1
[1743165711869283425] 1
[1743165711901613661] 1
[1743165711906068349] 1
[1743165711944902949] 1
[1743165711945127409] 1
[1743165711945228242] 1
[1743165711945335451] 1
[1743165711945400160] 1
[1743165711945510869] 1
[1743165711974417256] 1
[1743165711974470172] 1
[1743165711975173759] 1
[1743165711975229343] 1
[1743165711975265093] 1
[1743165711975311551] 1
[1743165711975344968] 1
[1743165711991277335] 1
[1743165711991319669] 1
[1743165711991344419] 1
[1743165711991984339] 1
[1743165711992026297] 1
[1743165711992066756] 1
[1743165711992092964] 1
[1743165711994366392] 1
[1743165712010841098] 1
[1743165712010905348] 1
[1743165712010936723] 1
[1743165712017851216] 1
[1743165712017923550] 1
[1743165712017993217] 1
[1743165712018038051] 1
[1743165712018073634] 1
[1743165712024186207] 1
[1743165712024246707] 1
[1743165712024279374] 1
[1743165712024693418] 1
[1743165712024760918] 1
[1743165712033704588] 1
[1743165712033818380] 1
[1743165712046824696] 1
[1743165712047103531] 1
[1743165712062353774] 1
[1743165712062577817] 1
[1743165712062677234] 1
[1743165712067628759] 1
[1743165712067889511] 1
[1743165712072376533] 1
[1743165712077780894] 1
[1743165712160434395] 1
[1743165712160593896] 1
[1743165712160639896] 1
[1743165712160749522] 1
[1743165712210707566] 1
[1743165712213692622] 1
[1743165712213733956] 1
[1743165712213773414] 1
[1743165712213821623] 1
[1743165712213854748] 1
[1743165712213882332] 1
[1743165712213908207] 1
[1743165712230551749] 1
[1743165712230657458] 1
[1743165712230706000] 1
[1743165712230760042] 1
[1743165712230801417] 1
[1743165712230831167] 1
[1743165712230871959] 1
[1743165712230902334] 1
[1743165712239268043] 1
[1743165712259724521] 1
[1743165712259866356] 1
[1743165712260059606] 1
[1743165712277169610] 1
[1743165712277289027] 1
[1743165712277360152] 1
[1743165712277691529] 1
[1743165712299496222] 1
[1743165712299623473] 1
[1743165712299661015] 1
[1743165712299724807] 1
[1743165712312183245] 1
[1743165712321363541] 1
[1743165712321456375] 1
[1743165712323910679] 1
[1743165712323966304] 1
[1743165712324012471] 1
[1743165712324199972] 1
[1743165712341259058] 1
[1743165712376370152] 1
[1743165712376598612] 1
[1743165712376651195] 1
[1743165712376696696] 1
[1743165712409232068] 1
[1743165712409322777] 1
[1743165712450719361] 1
[1743165712450858279] 1
[1743165712451042446] 1
[1743165712451153072] 1
[1743165712451223072] 1
[1743165712451268197] 1
[1743165712451319739] 1
[1743165712473494935] 1
[1743165712473571518] 1
[1743165712473633977] 1
[1743165712473706561] 1
[1743165712473756644] 1
[1743165712538279387] 1
[1743165712538562763] 1
[1743165712540452981] 1
[1743165712540578148] 1
[1743165712547440891] 1
[1743165712547513475] 1
[1743165712547565850] 1
[1743165712547604017] 1
[1743165712548051020] 1
[1743165712566006985] 1
[1743165712571353887] 1
[1743165712581283729] 1
[1743165712587304968] 1
[1743165712587416343] 1
[1743165712587468094] 1
[1743165712591469156] 1
[1743165712595407925] 1
[1743165712615493277] 1
[1743165712689015232] 1
[1743165712689869153] 1
[1743165712689929445] 1
[1743165712691979747] 1
[1743165712694867511] 1
[1743165712694903886] 1
[1743165712694962637] 1
[1743165712695030887] 1
[1743165712695156221] 1
[1743165712695203180] 1
[1743165712699479159] 1
[1743165712742819378] 1
[1743165712772207819] 1
[1743165712841448335] 1
[1743165712868307637] 1
[1743165712949015337] 1
[1743165712949151546] 1
[1743165712949600798] 1
[1743165712955586828] 1
[1743165712955631120] 1
[1743165712955682412] 1
[1743165712955713370] 1
[1743165712955743912] 1
[1743165712955855955] 1
[1743165712955914621] 1
[1743165712957174628] 1
[1743165712992658349] 1
[1743165712992785433] 1
[1743165712992810058] 1
[1743165712992835808] 1
[1743165712992857558] 1
[1743165712992880642] 1
[1743165712992904517] 1
[1743165712992928142] 1
[1743165712992968767] 1
[1743165712992988225] 1
[1743165712993012851] 1
[1743165712993080476] 1
[1743165712993108601] 1
[1743165712993736146] 1
[1743165712993768688] 1
[1743165712993789563] 1
[1743165712993806188] 1
[1743165712993822938] 1
[1743165712993847188] 1
[1743165713007304758] 1
[1743165713007823886] 1
[1743165713032829562] 1
[1743165713096182235] 1
[1743165713123733091] 1
[1743165713197989781] 1
[1743165713198247366] 1
[1743165713200573587] 1
[1743165713203624270] 1
[1743165713203712979] 1
[1743165713203750771] 1
[1743165713203930271] 1
[1743165713203986855] 1
[1743165713204051980] 1
[1743165713207798209] 1
[1743165713254564585] 1
[1743165713283672241] 1
[1743165713357538888] 1
[1743165713380207301] 1
[1743165713461308694] 1
[1743165713461474154] 1
[1743165713461525529] 1
[1743165713462267741] 1
[1743165713468347024] 1
[1743165713468456066] 1
[1743165713468553525] 1
[1743165713468591525] 1
[1743165713468716442] 1
[1743165713468790568] 1
[1743165713469531655] 1
[1743165713559808890] 1
[1743165713724259397] 1
[1743165713724411606] 1
[1743165713724463565] 1
[1743165713724532899] 1
[1743165713724654733] 1
[1743165713737766095] 1
[1743165713737846845] 1
[1743165713737989596] 1
[1743165713738113763] 1
[1743165713738772683] 1
[1743165713752954343] 1
[1743165713992912256] 1
[1743165713993479342] 1
[1743165713993577676] 1
[1743165713993626468] 1
[1743165713993672635] 1
[1743165713996488816] 1
[1743165713996528858] 1
[1743165713996616734] 1
[1743165713996672609] 1
[1743165713997067528] 1
[1743165713997790198] 1
[1743165713997849240] 1
[1743165713997864699] 1
[1743165713997881699] 1
[1743165713997896282] 1
[1743165713997910282] 1
[1743165713997924907] 1
[1743165713997957783] 1
[1743165713997973991] 1
[1743165713998025533] 1
[1743165713998073117] 1
[1743165713998105950] 1
[1743165713998120867] 1
[1743165713998135200] 1
[1743165713998158159] 1
[1743165713998185784] 1
[1743165713998202576] 1
[1743165713998221326] 1
[1743165713998366451] 1
[1743165714011931653] 1
[1743165714248262536] 1
[1743165714248586663] 1
[1743165714248636330] 1
[1743165714248677538] 1
[1743165714248741164] 1
[1743165714251612221] 1
[1743165714251683180] 1
[1743165714251741014] 1
[1743165714251884598] 1
[1743165714254953199] 1
[1743165714508320012] 1
[1743165714508465055] 1
[1743165714508528680] 1
[1743165714508638722] 1
[1743165714508713306] 1
[1743165714508782931] 1
[1743165714508886640] 1
[1743165714508938016] 1
[1743165714509042141] 1
[1743165714512111867] 1
[1743165714747267327] 1
[1743165714750308011] 1
[1743165714750389136] 1
[1743165714750605804] 1
[1743165714750659138] 1
[1743165714750700221] 1
[1743165714750723055] 1
[1743165714750787930] 1
[1743165714751185349] 1
[1743165714751928562] 1
[1743165715018281370] 1
[1743165715018367871] 1
[1743165715018408788] 1
[1743165715018432205] 1
[1743165715018466122] 1
[1743165715018478997] 1
[1743165715018556705] 1
[1743165715018602706] 1
[1743165715018618456] 1
[1743165715018657831] 1
[1743165715018670039] 1
[1743165715018680665] 1
[1743165715018692456] 1
[1743165715018706040] 1
[1743165715021764683] 1
[1743165715021865350] 1
[1743165715022156060] 1
[1743165715022208311] 1
[1743165715036750564] 1
[1743165715036819315] 1
[1743165715036928274] 1
[1743165715037115316] 1
[1743165715037177192] 1
[1743165715038213990] 1
[1743165715041164674] 1
[1743165715041223758] 1
[1743165715041268716] 1
[1743165715041405842] 1
[1743165715041482718] 1
[1743165715042694683] 1
[1743165715268112323] 1
[1743165715268366783] 1
[1743165715268410950] 1
[1743165715268497659] 1
[1743165715268625493] 1
[1743165715268700035] 1
[1743165715268751535] 1
[1743165715268798452] 1
[1743165715272676351] 1
[1743165715538025605] 1
[1743165715538163564] 1
[1743165715538224064] 1
[1743165715538286648] 1
[1743165715538352273] 1
[1743165715538412732] 1
[1743165715538462316] 1
[1743165715538524816] 1
[1743165715538575233] 1
[1743165715611893547] 1
[1743165715746718478] 1
[1743165715746866896] 1
[1743165715747008605] 1
[1743165715747278023] 1
[1743165715750386583] 1
[1743165715753270976] 1
[1743165715754427566] 1
[1743165716023328598] 1
[1743165716023402432] 1
[1743165716023416557] 1
[1743165716023429348] 1
[1743165716023439515] 1
[1743165716023453932] 1
[1743165716023487807] 1
[1743165716023501390] 1
[1743165716023512599] 1
[1743165716023524057] 1
[1743165716023544266] 1
[1743165716023593433] 1
[1743165716023625433] 1
[1743165716023658058] 1
[1743165716037758022] 1
[1743165716037870439] 1
[1743165716037961148] 1
[1743165716038028023] 1
[1743165716038540485] 1
[1743165716048201629] 1
[1743165716048266296] 1
[1743165716048771133] 1
[1743165716049223344] 1
[1743165716049478804] 1
[1743165716049585388] 1
[1743165716281455011] 1
[1743165716281924056] 1
[1743165716282027390] 1
[1743165716282089515] 1
[1743165716282156557] 1
[1743165716534659519] 1
[1743165716534800645] 1
[1743165716534850520] 1
[1743165716534910354] 1
[1743165716541191768] 1
[1743165716772126552] 1
[1743165716772299595] 1
[1743165716772374887] 1
[1743165716772436721] 1
[1743165716772509263] 1
[1743165717028662172] 1
[1743165717028748756] 1
[1743165717028797048] 1
[1743165717028823631] 1
[1743165717028842423] 1
[1743165717028858298] 1
[1743165717028868048] 1
[1743165717028879049] 1
[1743165717028889215] 1
[1743165717028912799] 1
[1743165717028945716] 1
[1743165717029383260] 1
[1743165717029397260] 1
[1743165717029410177] 1
[1743165717053920463] 1
[1743165717054138798] 1
[1743165717054197548] 1
[1743165717054250590] 1
[1743165717054319508] 1
[1743165717054370175] 1
[1743165717059965503] 1
[1743165717060019503] 1
[1743165717060484965] 1
[1743165717060962926] 1
[1743165717298472322] 1
[1743165717298643990] 1
[1743165717298716907] 1
[1743165717298773366] 1
[1743165717304962031] 1
[1743165717553640209] 1
[1743165717553996753] 1
[1743165717554078545] 1
[1743165717554125046] 1
[1743165717554210421] 1
[1743165717799166699] 1
[1743165717799351742] 1
[1743165717799424743] 1
[1743165717799492201] 1
[1743165717799580494] 1
[1743165718047419429] 1
[1743165718047937058] 1
[1743165718047955891] 1
[1743165718047967475] 1
[1743165718047977725] 1
[1743165718047988308] 1
[1743165718048001183] 1
[1743165718048012642] 1
[1743165718048022933] 1
[1743165718048034100] 1
[1743165718048046892] 1
[1743165718048060850] 1
[1743165718048075559] 1
[1743165718048089684] 1
[1743165718048100517] 1
[1743165718048113726] 1
[1743165718071766513] 1
[1743165718072084807] 1
[1743165718072164474] 1
[1743165718072249350] 1
[1743165718072399518] 1
[1743165718078236099] 1
[1743165718078620019] 1
[1743165718078674477] 1
[1743165718079093688] 1
[1743165718343211461] 1
[1743165718343575505] 1
[1743165718346798444] 1
[1743165718346862570] 1
[1743165718346963195] 1
[1743165718585462667] 1
[1743165718585635418] 1
[1743165718585756503] 1
[1743165718585873462] 1
[1743165718585967129] 1
[1743165718845066909] 1
[1743165718845325494] 1
[1743165718848354640] 1
[1743165718848407182] 1
[1743165718848502016] 1
[1743165719049846413] 1
[1743165719050024748] 1
[1743165719050077665] 1
[1743165719050109540] 1
[1743165719050128457] 1
[1743165719050141165] 1
[1743165719050150999] 1
[1743165719050171124] 1
[1743165719050182249] 1
[1743165719050193582] 1
[1743165719050204416] 1
[1743165719050215541] 1
[1743165719050226249] 1
[1743165719050238208] 1
[1743165719050250958] 1
[1743165719050264583] 1
[1743165719050304708] 1
[1743165719086310299] 1
[1743165719086500300] 1
[1743165719089389946] 1
[1743165719089443738] 1
[1743165719089702448] 1
[1743165719089925617] 1
[1743165719090031742] 1
[1743165719090406995] 1
[1743165719365069169] 1
[1743165719365283379] 1
[1743165719365407338] 1
[1743165719365625298] 1
[1743165719365684340] 1
[1743165719602443826] 1
[1743165719602554494] 1
[1743165719602658119] 1
[1743165719605520807] 1
[1743165719605557098] 1
[1743165720052413019] 1
[1743165720052617688] 1
[1743165720052675063] 1
[1743165720052706688] 1
[1743165720052722397] 1
[1743165720052761730] 1
[1743165720052787897] 1
[1743165720052807272] 1
[1743165720052822022] 1
[1743165720052830897] 1
[1743165720052901606] 1
[1743165720105285663] 1
[1743165720105437455] 1
[1743165720114333272] 1
[1743165720114412897] 1
[1743165720114729316] 1
[1743165720114830900] 1
[1743165720114902818] 1
[1743165720115262820] 1
[1743165720115341112] 1
[1743165721054822283] 1
[1743165721147439331] 1
[1743165721147628749] 1
[1743165721147759250] 1
[1743165721147911960] 1
[1743165721148007794] 1
[1743165721148110336] 1
[1743165721148330713] 1
[1743165721148533298] 1
[1743165721148606840] 1
[1743165721162812408] 1
[1743165721162865367] 1
[1743165721162898783] 1
[1743165721162952909] 1
[1743165721163107910] 1
[1743165721165685805] 1
[1743165721165770597] 1
[1743165721165850348] 1
[1743165721166019724] 1
[1743165721166098183] 1
[1743165722056631737] 1
[1743165722057372951] 1
[1743165722171424154] 1
[1743165722171648323] 1
[1743165722171704573] 1
[1743165722171809407] 1
[1743165722171910367] 1
[1743165722171960534] 1
[1743165722172107660] 1
[1743165722172329995] 1
[1743165722184101589] 1
[1743165722184159339] 1
[1743165722184238007] 1
[1743165722184288507] 1
[1743165722184355549] 1
[1743165722184462509] 1
[1743165722187135322] 1
[1743165722187283114] 1
[1743165722187517950] 1
[1743165723058211630] 1
[1743165723058354298] 1
[1743165723058372590] 1
[1743165723154986846] 1
[1743165723155127098] 1
[1743165723155202265] 1
[1743165723155422642] 1
[1743165723155507726] 1
[1743165723155551226] 1
[1743165723155621477] 1
[1743165723155673477] 1
[1743165723161416608] 1
[1743165723161491025] 1
[1743165723161541026] 1
[1743165723161876653] 1
[1743165723162042696] 1
[1743165723162106614] 1
[1743165723162151197] 1
[1743165723166154564] 1
[1743165723166228439] 1
[1743165724060892386] 1
[1743165724061103138] 1
[1743165724150890528] 1
[1743165724151110697] 1
[1743165724151211531] 1
[1743165724151276198] 1
[1743165724151420950] 1
[1743165724151467283] 1
[1743165724151501659] 1
[1743165724151528034] 1
[1743165724163005673] 1
[1743165724163067174] 1
[1743165724163121674] 1
[1743165724163181842] 1
[1743165724163250675] 1
[1743165724163370010] 1
[1743165724163941181] 1
[1743165724164532561] 1
[1743165724164776480] 1
[1743165725063295698] 1
[1743165725063503533] 1
[1743165725154542916] 1
[1743165725154697292] 1
[1743165725157555901] 1
[1743165725157625151] 1
[1743165725157663610] 1
[1743165725157732819] 1
[1743165725157777778] 1
[1743165725157828320] 1
[1743165725166735315] 1
[1743165725166782107] 1
[1743165725166817065] 1
[1743165725166989484] 1
[1743165725167029276] 1
[1743165725167060526] 1
[1743165725167752157] 1
[1743165725170812892] 1
[1743165725170875809] 1
[1743165725170929643] 1
[1743165726065740354] 1
[1743165726065900523] 1
[1743165726162457604] 1
[1743165726162573730] 1
[1743165726162642731] 1
[1743165726162695814] 1
[1743165726162760148] 1
[1743165726162930817] 1
[1743165726163015317] 1
[1743165726163150527] 1
[1743165726175489805] 1
[1743165726175537264] 1
[1743165726175587598] 1
[1743165726175705224] 1
[1743165726175762599] 1
[1743165726175807225] 1
[1743165726175859142] 1
[1743165726178933503] 1
[1743165726179015545] 1
[1743165727054969521] 1
[1743165727066815881] 1
[1743165727066887424] 1
[1743165727066925674] 1
[1743165727066933966] 1
[1743165727066941924] 1
[1743165727066949258] 1
[1743165727066956174] 1
[1743165727066963049] 1
[1743165727066969299] 1
[1743165727066976091] 1
[1743165727066989550] 1
[1743165727067001925] 1
[1743165727067027467] 1
[1743165727067044842] 1
[1743165727067053300] 1
[1743165727067060800] 1
[1743165727067071800] 1
[1743165727067079384] 1
[1743165727067086342] 1
[1743165727067093134] 1
[1743165727283219310] 1
[1743165727283467770] 1
[1743165727283586688] 1
[1743165727286481673] 1
[1743165727286522007] 1
[1743165727557077063] 1
[1743165727557199898] 1
[1743165727557249523] 1
[1743165727557293190] 1
[1743165727557362733] 1
[1743165728068900796] 1
[1743165728069045797] 1
[1743165728069066923] 1
[1743165728069086131] 1
[1743165728069118090] 1
[1743165728069152423] 1
[1743165728069171424] 1
[1743165728069181757] 1
[1743165728069193965] 1
[1743165728069287925] 1
[1743165728124386242] 1
[1743165728124569452] 1
[1743165728124658578] 1
[1743165728124732371] 1
[1743165728124860663] 1
[1743165728124913747] 1
[1743165728125065749] 1
[1743165728130810012] 1
[1743165728131198057] 1
[1743165728132010232] 1
[1743165729072309265] 1
[1743165729160425044] 1
[1743165729160559962] 1
[1743165729160696172] 1
[1743165729160779339] 1
[1743165729160853257] 1
[1743165729161054467] 1
[1743165729161138634] 1
[1743165729161293886] 1
[1743165729172828749] 1
[1743165729172885749] 1
[1743165729173029709] 1
[1743165729173081501] 1
[1743165729173136460] 1
[1743165729173204503] 1
[1743165729174034927] 1
[1743165729177261667] 1
[1743165729177328168] 1
[1743165729177367960] 1
[1743165730075102641] 1
[1743165730075202392] 1
[1743165730170223761] 1
[1743165730170354179] 1
[1743165730170482472] 1
[1743165730170532014] 1
[1743165730170627182] 1
[1743165730170733933] 1
[1743165730170783767] 1
[1743165730170826017] 1
[1743165730179473187] 1
[1743165730179524521] 1
[1743165730179595647] 1
[1743165730179685231] 1
[1743165730179729232] 1
[1743165730179879150] 1
[1743165730180601615] 1
[1743165730183845190] 1
[1743165730183905649] 1
[1743165730183968441] 1
[1743165731077148251] 1
[1743165731077393878] 1
[1743165731161798412] 1
[1743165731162003122] 1
[1743165731162091790] 1
[1743165731162166582] 1
[1743165731162222874] 1
[1743165731162279833] 1
[1743165731162328792] 1
[1743165731162387584] 1
[1743165731177018193] 1
[1743165731177085027] 1
[1743165731177156653] 1
[1743165731177276237] 1
[1743165731177384738] 1
[1743165731178025453] 1
[1743165731178707085] 1
[1743165731178999797] 1
[1743165731179177340] 1
[1743165732080200860] 1
[1743165732080848325] 1
[1743165732160447411] 1
[1743165732160595246] 1
[1743165732160906957] 1
[1743165732161068667] 1
[1743165732161152585] 1
[1743165732164647955] 1
[1743165732165007334] 1
[1743165732165487005] 1
[1743165751702134717] 1
[1743165751728342044] 1
[1743165751728484335] 1
[1743165751728819793] 1
[1743165751728889626] 1
[1743165751728987793] 1
[1743165751731960204] 1
[1743165751732014037] 1
[1743165751732089037] 1
[1743165751735266823] 1
[1743165751735311448] 1
[1743165751736346738] 1
[1743165751769401344] 1
[1743165751769581636] 1
[1743165751769720636] 1
[1743165751769802510] 1
[1743165751769946593] 1
[1743165751773366087] 1
[1743165751929464803] 1
[1743165751929627386] 1
[1743165751929677261] 1
[1743165751929797386] 1
[1743165751929848053] 1
[1743165751929901053] 1
[1743165751933393588] 1
[1743165751939340952] 1
[1743165751942221697] 1
[1743165751942267822] 1
[1743165751942311530] 1
[1743165751942491030] 1
[1743165751942590238] 1
[1743165751942632863] 1
[1743165751942677821] 1
[1743165751942791737] 1
[1743165751974733888] 1
[1743165751974814888] 1
[1743165751974915096] 1
[1743165751974976012] 1
[1743165751975027471] 1
[1743165751975322553] 1
[1743165752025450388] 1
[1743165752025572055] 1
[1743165752025655930] 1
[1743165752025716096] 1
[1743165752025875513] 1
[1743165752025943721] 1
[1743165752026016596] 1
[1743165752026219679] 1
[1743165752026296929] 1
[1743165752026370387] 1
[1743165752035231750] 1
[1743165752039141244] 1
[1743165752048596106] 1
[1743165752048699647] 1
[1743165752048776105] 1
[1743165752048916813] 1
[1743165752049098022] 1
[1743165752049439229] 1
[1743165752137143063] 1
[1743165752137282646] 1
[1743165752137943354] 1
[1743165752138000978] 1
[1743165752138044353] 1
[1743165752138096978] 1
[1743165752153724873] 1
[1743165752153823206] 1
[1743165752154081331] 1
[1743165752154175497] 1
[1743165752161290279] 1
[1743165752161344029] 1
[1743165752161412570] 1
[1743165752161440153] 1
[1743165752161472153] 1
[1743165752161514237] 1
[1743165752162005444] 1
[1743165752162038111] 1
[1743165752162060486] 1
[1743165752176450965] 1
[1743165752189090364] 1
[1743165752189161656] 1
[1743165752189215572] 1
[1743165752189400947] 1
[1743165752189457697] 1
[1743165752189508030] 1
[1743165752200606639] 1
[1743165752222871441] 1
[1743165752222926774] 1
[1743165752222967774] 1
[1743165752223081399] 1
[1743165752240319083] 1
[1743165752240367875] 1
[1743165752240422333] 1
[1743165752240502833] 1
[1743165752240641208] 1
[1743165752241098874] 1
[1743165752247360615] 1
[1743165752247431656] 1
[1743165752247490281] 1
[1743165752247582073] 1
[1743165752247636448] 1
[1743165752247725948] 1
[1743165752250549194] 1
[1743165752275409367] 1
[1743165752275520241] 1
[1743165752278873195] 1
[1743165752278934570] 1
[1743165752281705358] 1
[1743165752293487591] 1
[1743165752401403229] 1
[1743165752401519104] 1
[1743165752401665020] 1
[1743165752401791729] 1
[1743165752402353311] 1
[1743165752402398644] 1
[1743165752402454353] 1
[1743165752447537539] 1
[1743165752450444284] 1
[1743165752450487326] 1
[1743165752450537409] 1
[1743165752450591159] 1
[1743165752450659826] 1
[1743165752450716534] 1
[1743165752450800242] 1
[1743165752450838450] 1
[1743165752450961784] 1
[1743165752451098742] 1
[1743165752482124448] 1
[1743165752482600572] 1
[1743165752482650572] 1
[1743165752482725364] 1
[1743165752503468542] 1
[1743165752503536292] 1
[1743165752503578501] 1
[1743165752503607417] 1
[1743165752503637667] 1
[1743165752503843083] 1
[1743165752509144868] 1
[1743165752509209826] 1
[1743165752509251117] 1
[1743165752509295742] 1
[1743165752509824117] 1
[1743165752536704245] 1
[1743165752536918661] 1
[1743165752537008411] 1
[1743165752539954740] 1
[1743165752542115404] 1
[1743165752542479112] 1
[1743165752555112261] 1
[1743165752661519109] 1
[1743165752675721548] 1
[1743165752680147833] 1
[1743165752680201458] 1
[1743165752680238499] 1
[1743165752680295416] 1
[1743165752680955665] 1
[1743165752684150161] 1
[1743165752684197202] 1
[1743165752684255577] 1
[1743165752684481910] 1
[1743165752684546118] 1
[1743165752684611827] 1
[1743165752684651951] 1
[1743165752684679160] 1
[1743165752687897280] 1
[1743165752691393150] 1
[1743165752691449567] 1
[1743165752691501483] 1
[1743165752691557025] 1
[1743165752691645067] 1
[1743165752700367596] 1
[1743165752700475221] 1
[1743165752741531079] 1
[1743165752814060268] 1
[1743165752876699512] 1
[1743165752876865887] 1
[1743165752876991428] 1
[1743165752877054678] 1
[1743165752879971674] 1
[1743165752885588333] 1
[1743165752885672791] 1
[1743165752885719374] 1
[1743165752886258123] 1
[1743165752887257830] 1
[1743165752887320788] 1
[1743165752900943686] 1
[1743165752931477476] 1
[1743165753001362501] 1
[1743165753064581020] 1
[1743165753134187823] 1
[1743165753134283198] 1
[1743165753134400989] 1
[1743165753137240278] 1
[1743165753137291278] 1
[1743165753143522647] 1
[1743165753143588146] 1
[1743165753143625146] 1
[1743165753144186979] 1
[1743165753144953020] 1
[1743165753145117187] 1
[1743165753156408258] 1
[1743165753163194710] 1
[1743165753163255376] 1
[1743165753163717042] 1
[1743165753163747917] 1
[1743165753163765042] 1
[1743165753163783251] 1
[1743165753163802834] 1
[1743165753163906084] 1
[1743165753163934584] 1
[1743165753163952042] 1
[1743165753163968417] 1
[1743165753163985375] 1
[1743165753164002000] 1
[1743165753164019625] 1
[1743165753164198834] 1
[1743165753164217167] 1
[1743165753164231084] 1
[1743165753164246542] 1
[1743165753164262083] 1
[1743165753164825625] 1
[1743165753189284599] 1
[1743165753255392531] 1
[1743165753320317214] 1
[1743165753389590393] 1
[1743165753389753893] 1
[1743165753389824059] 1
[1743165753390012559] 1
[1743165753398478675] 1
[1743165753398554009] 1
[1743165753398831550] 1
[1743165753399252425] 1
[1743165753399292341] 1
[1743165753399888466] 1
[1743165753400204882] 1
[1743165753414462617] 1
[1743165753443242921] 1
[1743165753517246720] 1
[1743165753578385740] 1
[1743165753644622297] 1
[1743165753644728005] 1
[1743165753644794547] 1
[1743165753644927296] 1
[1743165753645089796] 1
[1743165753653855621] 1
[1743165753653895204] 1
[1743165753653934787] 1
[1743165753656343576] 1
[1743165753656449535] 1
[1743165753656516826] 1
[1743165753941081700] 1
[1743165753941333866] 1
[1743165753941394699] 1
[1743165753941442158] 1
[1743165753941480991] 1
[1743165753941530407] 1
[1743165753941589699] 1
[1743165753941637616] 1
[1743165753941681199] 1
[1743165753945109695] 1
[1743165754167109114] 1
[1743165754167196864] 1
[1743165754167209530] 1
[1743165754167258780] 1
[1743165754167282947] 1
[1743165754167298280] 1
[1743165754167312989] 1
[1743165754167328280] 1
[1743165754167344405] 1
[1743165754167384447] 1
[1743165754167885572] 1
[1743165754167904780] 1
[1743165754167918905] 1
[1743165754167933030] 1
[1743165754167949863] 1
[1743165754170503153] 1
[1743165754170627903] 1
[1743165754170691570] 1
[1743165754170851528] 1
[1743165754186093310] 1
[1743165754186152226] 1
[1743165754186222476] 1
[1743165754186374435] 1
[1743165754187462892] 1
[1743165754190886723] 1
[1743165754190965098] 1
[1743165754191035848] 1
[1743165754191107057] 1
[1743165754191183806] 1
[1743165754192376264] 1
[1743165754451781263] 1
[1743165754451944388] 1
[1743165754451987930] 1
[1743165754452304846] 1
[1743165754452361554] 1
[1743165754452406804] 1
[1743165754452455971] 1
[1743165754452511179] 1
[1743165754452600513] 1
[1743165754456150885] 1
[1743165754701742977] 1
[1743165754701868268] 1
[1743165754701905143] 1
[1743165754702303476] 1
[1743165754702679851] 1
[1743165754705647974] 1
[1743165754705701224] 1
[1743165754705764641] 1
[1743165754705823141] 1
[1743165754706264932] 1
[1743165754957209312] 1
[1743165754957378437] 1
[1743165754957453312] 1
[1743165754957493645] 1
[1743165754957587478] 1
[1743165754957636061] 1
[1743165754957820936] 1
[1743165754957884645] 1
[1743165754957923478] 1
[1743165754990067540] 1
[1743165755177230653] 1
[1743165755177313944] 1
[1743165755177348153] 1
[1743165755177371903] 1
[1743165755177384903] 1
[1743165755177398278] 1
[1743165755177427444] 1
[1743165755177449194] 1
[1743165755177461778] 1
[1743165755177474694] 1
[1743165755177489319] 1
[1743165755177502194] 1
[1743165755177525028] 1
[1743165755177540236] 1
[1743165755177554361] 1
[1743165755177567778] 1
[1743165755207352853] 1
[1743165755207415270] 1
[1743165755207486728] 1
[1743165755207517478] 1
[1743165755207902978] 1
[1743165755211776810] 1
[1743165755211840519] 1
[1743165755211884894] 1
[1743165755211963060] 1
[1743165755212080685] 1
[1743165755212466685] 1
[1743165755212535685] 1
[1743165755213055977] 1
[1743165755213571143] 1
[1743165755475201698] 1
[1743165755475423656] 1
[1743165755475471656] 1
[1743165755475528156] 1
[1743165755476009198] 1
[1743165755479295072] 1
[1743165755479342697] 1
[1743165755479390572] 1
[1743165755479424905] 1
[1743165755479694364] 1
[1743165755720442883] 1
[1743165755720560091] 1
[1743165755720633133] 1
[1743165755720763883] 1
[1743165755721135882] 1
[1743165755724069090] 1
[1743165755724124590] 1
[1743165755724160798] 1
[1743165755724288132] 1
[1743165755724539173] 1
[1743165755962605443] 1
[1743165755980985313] 1
[1743165755981161063] 1
[1743165755994858893] 1
[1743165755995063518] 1
[1743165756182617910] 1
[1743165756182697577] 1
[1743165756182707702] 1
[1743165756182716327] 1
[1743165756182726243] 1
[1743165756182738327] 1
[1743165756182751660] 1
[1743165756182769868] 1
[1743165756182781160] 1
[1743165756182794660] 1
[1743165756182806868] 1
[1743165756182818660] 1
[1743165756182829493] 1
[1743165756182842535] 1
[1743165756182853243] 1
[1743165756182887535] 1
[1743165756182897993] 1
[1743165756182906202] 1
[1743165756186738785] 1
[1743165756186812244] 1
[1743165756186911202] 1
[1743165756186957660] 1
[1743165756190446327] 1
[1743165756192646411] 1
[1743165756481181608] 1
[1743165756484454192] 1
[1743165756484536942] 1
[1743165756484577067] 1
[1743165756484669150] 1
[1743165756729567468] 1
[1743165756732599510] 1
[1743165756732681593] 1
[1743165756732785968] 1
[1743165756732834885] 1
[1743165757028121342] 1
[1743165757028307551] 1
[1743165757028520426] 1
[1743165757028813426] 1
[1743165757028996801] 1
[1743165757194363796] 1
[1743165757194461087] 1
[1743165757194478004] 1
[1743165757194492587] 1
[1743165757194505171] 1
[1743165757194519712] 1
[1743165757194541421] 1
[1743165757194556504] 1
[1743165757194573004] 1
[1743165757194588421] 1
[1743165757194603004] 1
[1743165757194618504] 1
[1743165757194633087] 1
[1743165757194651796] 1
[1743165757194666088] 1
[1743165757197867589] 1
[1743165757197903881] 1
[1743165757233790231] 1
[1743165757234173565] 1
[1743165757234233773] 1
[1743165757237097899] 1
[1743165757237436233] 1
[1743165757237515691] 1
[1743165757237597691] 1
[1743165757238193441] 1
[1743165757506161235] 1
[1743165757506483068] 1
[1743165757506634485] 1
[1743165757506709735] 1
[1743165757507007777] 1
[1743165757746229765] 1
[1743165757746441056] 1
[1743165757746498306] 1
[1743165757746676432] 1
[1743165757746741057] 1
[1743165758053314762] 1
[1743165758053763929] 1
[1743165758053835846] 1
[1743165758053880554] 1
[1743165758054032346] 1
[1743165758199112842] 1
[1743165758199258175] 1
[1743165758199273925] 1
[1743165758199289175] 1
[1743165758199308758] 1
[1743165758199325050] 1
[1743165758199392759] 1
[1743165758199411384] 1
[1743165758199427967] 1
[1743165758199468800] 1
[1743165758199492925] 1
[1743165758199506967] 1
[1743165758199520092] 1
[1743165758199530842] 1
[1743165758199549009] 1
[1743165758199565092] 1
[1743165758199581259] 1
[1743165758250710885] 1
[1743165758251017510] 1
[1743165758251074593] 1
[1743165758251119385] 1
[1743165758251145843] 1
[1743165758251168802] 1
[1743165758254236263] 1
[1743165758254594388] 1
[1743165758532391536] 1
[1743165758532712578] 1
[1743165758532755828] 1
[1743165758532821578] 1
[1743165758532877786] 1
[1743165758767770857] 1
[1743165758767981149] 1
[1743165758768094941] 1
[1743165758768159733] 1
[1743165758781053743] 1
[1743165759044619812] 1
[1743165759045023312] 1
[1743165759056201825] 1
[1743165759056409326] 1
[1743165759056637409] 1
[1743165759201397915] 1
[1743165759201562665] 1
[1743165759201581707] 1
[1743165759201595915] 1
[1743165759202060874] 1
[1743165759202095374] 1
[1743165759202122207] 1
[1743165759202139374] 1
[1743165759202150582] 1
[1743165759202178749] 1
[1743165759202191666] 1
[1743165759202208499] 1
[1743165759202224124] 1
[1743165759202236332] 1
[1743165759202247082] 1
[1743165759202257499] 1
[1743165759202268457] 1
[1743165759237873125] 1
[1743165759238030667] 1
[1743165759240368378] 1
[1743165759255491187] 1
[1743165759255715521] 1
[1743165759255765438] 1
[1743165759255814604] 1
[1743165759258968775] 1
[1743165759565554389] 1
[1743165759565766223] 1
[1743165759565833848] 1
[1743165759565904640] 1
[1743165759565950390] 1
[1743165759792855493] 1
[1743165759793057785] 1
[1743165759793104993] 1
[1743165759793180160] 1
[1743165759799723626] 1
[1743165760203608760] 1
[1743165760203852219] 1
[1743165760203895886] 1
[1743165760203918511] 1
[1743165760203938344] 1
[1743165760203962011] 1
[1743165760203985719] 1
[1743165760204019469] 1
[1743165760204056969] 1
[1743165760204072011] 1
[1743165760204089011] 1
[1743165760204106469] 1
[1743165760268510360] 1
[1743165760268646694] 1
[1743165760268746485] 1
[1743165760268862611] 1
[1743165760268919819] 1
[1743165760272142032] 1
[1743165760272443158] 1
[1743165760272886533] 1
[1743165761206462874] 1
[1743165761304709851] 1
[1743165761304890476] 1
[1743165761304961476] 1
[1743165761305012226] 1
[1743165761305052310] 1
[1743165761305118060] 1
[1743165761305273560] 1
[1743165761305417852] 1
[1743165761305523519] 1
[1743165761317501917] 1
[1743165761317558875] 1
[1743165761317627333] 1
[1743165761317667875] 1
[1743165761317897584] 1
[1743165761317949167] 1
[1743165761318596252] 1
[1743165761319290420] 1
[1743165761319418545] 1
[1743165762209408250] 1
[1743165762209620917] 1
[1743165762312062603] 1
[1743165762312186437] 1
[1743165762312354437] 1
[1743165762312458021] 1
[1743165762312497521] 1
[1743165762312543896] 1
[1743165762312589521] 1
[1743165762312657771] 1
[1743165762324515673] 1
[1743165762324598214] 1
[1743165762324713465] 1
[1743165762324954215] 1
[1743165762325084215] 1
[1743165762325144757] 1
[1743165762325692425] 1
[1743165762328898016] 1
[1743165762328976224] 1
[1743165762329062391] 1
[1743165763211876715] 1
[1743165763212231299] 1
[1743165763320991619] 1
[1743165763321142494] 1
[1743165763324081377] 1
[1743165763324121835] 1
[1743165763324174627] 1
[1743165763324292669] 1
[1743165763324495253] 1
[1743165763324624045] 1
[1743165763333179858] 1
[1743165763333262734] 1
[1743165763333651943] 1
[1743165763333723943] 1
[1743165763333769818] 1
[1743165763333826610] 1
[1743165763334402070] 1
[1743165763337298494] 1
[1743165763337371536] 1
[1743165764215304309] 1
[1743165764215489893] 1
[1743165764215518601] 1
[1743165764319824527] 1
[1743165764319966527] 1
[1743165764320035652] 1
[1743165764320176986] 1
[1743165764320354403] 1
[1743165764320412737] 1
[1743165764320488404] 1
[1743165764320807863] 1
[1743165764336445491] 1
[1743165764336513992] 1
[1743165764336562367] 1
[1743165764336668867] 1
[1743165764339352333] 1
[1743165764339456417] 1
[1743165764339608251] 1
[1743165764339715418] 1
[1743165764339766084] 1
[1743165765217929646] 1
[1743165765218153980] 1
[1743165765218189189] 1
[1743165765319124387] 1
[1743165765319267430] 1
[1743165765319351972] 1
[1743165765319397388] 1
[1743165765319558389] 1
[1743165765319623306] 1
[1743165765319862348] 1
[1743165765334877188] 1
[1743165765334927022] 1
[1743165765334987938] 1
[1743165765335194356] 1
[1743165765335269189] 1
[1743165765335769524] 1
[1743165765339080618] 1
[1743165765339158952] 1
[1743165765339244494] 1
[1743165765339373244] 1
[1743165766219361928] 1
[1743165766219475096] 1
[1743165766219484554] 1
[1743165766219491554] 1
[1743165766219502887] 1
[1743165766219510554] 1
[1743165766219520304] 1
[1743165766219527221] 1
[1743165766219537346] 1
[1743165766219557179] 1
[1743165766219573888] 1
[1743165766219582846] 1
[1743165766219591929] 1
[1743165766219603263] 1
[1743165766219625596] 1
[1743165766219636929] 1
[1743165766219644513] 1
[1743165766219653846] 1
[1743165766219660805] 1
[1743165767270393678] 1
[1743165767270537845] 1
[1743165767271679016] 1
[1743165767271726225] 1
[1743165767271773391] 1
[1743165767271840267] 1
[1743165767271884059] 1
[1743165767271942225] 1
[1743165767274968654] 1
[1743165767275009862] 1
[1743165767285098359] 1
[1743165767285147568] 1
[1743165767285187318] 1
[1743165767285240193] 1
[1743165767285317485] 1
[1743165767285367319] 1
[1743165767285404235] 1
[1743165767286336906] 1
[1743165767289662627] 1
[1743165767289731710] 1
[1743165767289780669] 1
[1743165767289840211] 1
[1743165767471872827] 1
[1743165767472015077] 1
[1743165767472561454] 1
[1743165767475940926] 1
[1743165767475985884] 1
[1743165767740683484] 1
[1743165767740841526] 1
[1743165767740987485] 1
[1743165767741120819] 1
[1743165767743954663] 1
[1743165767744022205] 1
[1743165768243620407] 1
[1743165768243834824] 1
[1743165768243876824] 1
[1743165768243901199] 1
[1743165768243940325] 1
[1743165768243972325] 1
[1743165768243999575] 1
[1743165768244020658] 1
[1743165768244047200] 1
[1743165768244071033] 1
[1743165768244103867] 1
[1743165768315808914] 1
[1743165768315932623] 1
[1743165768316138582] 1
[1743165768316224583] 1
[1743165768326675001] 1
[1743165768326724460] 1
[1743165768327137503] 1
[1743165768331639772] 1
[1743165768331699397] 1
[1743165769246463598] 1
[1743165769246649474] 1
[1743165769353022906] 1
[1743165769353178407] 1
[1743165769353229490] 1
[1743165769353290782] 1
[1743165769353339033] 1
[1743165769353371241] 1
[1743165769353397741] 1
[1743165769353569284] 1
[1743165769365517670] 1
[1743165769365587504] 1
[1743165769365639337] 1
[1743165769365693088] 1
[1743165769365866505] 1
[1743165769365987506] 1
[1743165769366582842] 1
[1743165769369805064] 1
[1743165769369897356] 1
[1743165769370009607] 1
[1743165770249987764] 1
[1743165770250905102] 1
[1743165770379601463] 1
[1743165770379793631] 1
[1743165770380106382] 1
[1743165770380159966] 1
[1743165770380244216] 1
[1743165770380304842] 1
[1743165770380357717] 1
[1743165770380413592] 1
[1743165770394736493] 1
[1743165770394777119] 1
[1743165770394818202] 1
[1743165770394861744] 1
[1743165770394965078] 1
[1743165770395027703] 1
[1743165770395781248] 1
[1743165770396604919] 1
[1743165770396739753] 1
[1743165771253147813] 1
[1743165771253253438] 1
[1743165771253270522] 1
[1743165771340041376] 1
[1743165771340211835] 1
[1743165771340265836] 1
[1743165771340416961] 1
[1743165771340610712] 1
[1743165771340705421] 1
[1743165771340766380] 1
[1743165771355688622] 1
[1743165771355744330] 1
[1743165771355792789] 1
[1743165771355832206] 1
[1743165771355893248] 1
[1743165771356479959] 1
[1743165771359809934] 1
[1743165771359877935] 1
[1743165771359930560] 1
[1743165771359992060] 1
[1743165772255431818] 1
[1743165772256000654] 1
[1743165772372493567] 1
[1743165772372706068] 1
[1743165772373835033] 1
[1743165772373896741] 1
[1743165772373991242] 1
[1743165772374088992] 1
[1743165772374128451] 1
[1743165772374189201] 1
[1743165772385791722] 1
[1743165772385841555] 1
[1743165772385890389] 1
[1743165772385972847] 1
[1743165772386097306] 1
[1743165772386203932] 1
[1743165772386659809] 1
[1743165772389871410] 1
[1743165772389953994] 1
[1743165772390213620] 1
[1743165773259057496] 1
[1743165773259693874] 1
[1743165773368779279] 1
[1743165773368889321] 1
[1743165773369111531] 1
[1743165773369265240] 1
[1743165773369344490] 1
[1743165773369423033] 1
[1743165773369486075] 1
[1743165773369712617] 1
[1743165773385372414] 1
[1743165773385431331] 1
[1743165773385479581] 1
[1743165773385547540] 1
[1743165773385575873] 1
[1743165773388197263] 1
[1743165773388351889] 1
[1743165773388424056] 1
[1743165773388691099] 1
[1743165774263432381] 1
[1743165774264040051] 1
[1743165774264093134] 1
[1743165774393021062] 1
[1743165774393403314] 1
[1743165774393491231] 1
[1743165774393674441] 1
[1743165774393779441] 1
[1743165774393818817] 1
[1743165774396749334] 1
[1743165774396786751] 1
[1743165774396836126] 1
[1743165774396869376] 1
[1743165774397029669] 1
[1743165774397134545] 1
[1743165774397173670] 1
[1743165774397385213] 1
[1743165774397579964] 1
[1743165774397635756] 1
[1743165774397687423] 1
[1743165775266848292] 1
[1743165775267593463] 1
[1743165775396760469] 1
[1743165775400165032] 1
[1743165775400214490] 1
[1743165775400268574] 1
[1743165775400308074] 1
[1743165775400459992] 1
[1743165775400558493] 1
[1743165775400604076] 1
[1743165775408930961] 1
[1743165775408999961] 1
[1743165775409063878] 1
[1743165775409141004] 1
[1743165775409197421] 1
[1743165775409336755] 1
[1743165775410089968] 1
[1743165775413134320] 1
[1743165775413190862] 1
[1743165776268403301] 1
[1743165776268588844] 1
[1743165776268611678] 1
[1743165776268621803] 1
[1743165776268632178] 1
[1743165776268643469] 1
[1743165776268654178] 1
[1743165776268664970] 1
[1743165776268672720] 1
[1743165776268681136] 1
[1743165776268689595] 1
[1743165776268696970] 1
[1743165776268705178] 1
[1743165776268716928] 1
[1743165776268724845] 1
[1743165776268735637] 1
[1743165776268744387] 1
[1743165776268755179] 1
[1743165776268773970] 1
[1743165776279345164] 1
[1743165777403888607] 1
[1743165777404130859] 1
[1743165777404223818] 1
[1743165777404328110] 1
[1743165777404406569] 1
[1743165777404476486] 1
[1743165777404532903] 1
[1743165777407487923] 1
[1743165777423153945] 1
[1743165777423217112] 1
[1743165777423260529] 1
[1743165777423324821] 1
[1743165777423413572] 1
[1743165777423476489] 1
[1743165777423667532] 1
[1743165777427505683] 1
[1743165777427683809] 1
[1743165777427740309] 1
[1743165777427814185] 1
[1743165778273727772] 1
[1743165778274307734] 1
[1743165778274380110] 1
[1743165778399059147] 1
[1743165778399282857] 1
[1743165778399349107] 1
[1743165778399465233] 1
[1743165778399807819] 1
[1743165778399896445] 1
[1743165778399991195] 1
[1743165778400026320] 1
[1743165778414479463] 1
[1743165778414525255] 1
[1743165778414580589] 1
[1743165778414614297] 1
[1743165778414765132] 1
[1743165778417375942] 1
[1743165778417870028] 1
[1743165778417948321] 1
[1743165778418020488] 1
[1743165779276075466] 1
[1743165779276560802] 1
[1743165779276615969] 1
[1743165779392638976] 1
[1743165779392734560] 1
[1743165779392813477] 1
[1743165779395736249] 1
[1743165779395796957] 1
[1743165779395835708] 1
[1743165779395887708] 1
[1743165779407599084] 1
[1743165779407671418] 1
[1743165779407858295] 1
[1743165779407897920] 1
[1743165779407939629] 1
[1743165779408513258] 1
[1743165779411510029] 1
[1743165779411595697] 1
[1743165779411776615] 1
[1743165780279109590] 1
[1743165780279604969] 1
[1743165780279926763] 1
[1743165780404197361] 1
[1743165780404322029] 1
[1743165780404361029] 1
[1743165780404390446] 1
[1743165780404676781] 1
[1743165780404711782] 1
[1743165780407935556] 1
[1743165780408002306] 1
[1743165780408088974] 1
[1743165780408129224] 1
[1743165780408155266] 1
[1743165780408319475] 1
[1743165780408383309] 1
[1743165780408434351] 1
[1743165780408472768] 1
[1743165780408522352] 1
[1743165780408564686] 1
[1743165781286649255] 1
[1743165781286912299] 1
[1743165781286948383] 1
[1743165781391219565] 1
[1743165781391344275] 1
[1743165781391419567] 1
[1743165781394446049] 1
[1743165781394494799] 1
[1743165781394529466] 1
[1743165781394566633] 1
[1743165781406688019] 1
[1743165781406745269] 1
[1743165781406779978] 1
[1743165781406814853] 1
[1743165781406921312] 1
[1743165781407345107] 1
[1743165781410502340] 1
[1743165781410582049] 1
[1743165781410672299] 1
[1743165782288438795] 1
[1743165782288536212] 1
[1743165782288547962] 1
[1743165782383739598] 1
[1743165782387840839] 1
[1743165782393204466] 1
[1743165782393553677] 1
[1743165782393646011] 1
[1743165782393823971] 1
[1743165782393939430] 1
[1743165782393973263] 1
[1743165782393999472] 1
[1743165782394149890] 1
[1743165782394173307] 1
[1743165782394718811] 1
[1743165782394866854] 1
[1743165782395279857] 1
[1743165782395346649] 1
[1743165782399165347] 1
[1743165782501829959] 1
[1743165783290384916] 1
[1743165783290478167] 1
[1743165783290513834] 1
[1743165783290580751] 1
[1743165783290595834] 1
[1743165783290608876] 1
[1743165783382253381] 1
[1743165783384059688] 1
[1743165783384121480] 1
[1743165783384249397] 1
[1743165783384291898] 1
[1743165783384331231] 1
[1743165783384370857] 1
[1743165783384471274] 1
[1743165783387461882] 1
[1743165783387550716] 1
[1743165783387706301] 1
[1743165783387806927] 1
[1743165783388197763] 1
[1743165783398884726] 1
[1743165784293371539] 1
[1743165784294173421] 1
[1743165784294355548] 1
[1743165784466002628] 1
[1743165784466168629] 1
[1743165784466292964] 1
[1743165784466390798] 1
[1743165784466715426] 1
[1743165784466938719] 1
[1743165784466988220] 1
[1743165784470939378] 1
[1743165784471288923] 1
[1743165784471597134] 1
[1743165784471737301] 1
[1743165784472139222] 1
[1743165784472415432] 1
[1743165784476413716] 1
[1743165784476834470] 1
[1743165784477138306] 1
[1743165785297089826] 1
[1743165785297589914] 1
[1743165785297699081] 1
[1743165785297769707] 1
[1743165785298024126] 1
[1743165785406296111] 1
[1743165785421598786] 1
[1743165785421651828] 1
[1743165785421693870] 1
[1743165785421775162] 1
[1743165785421815079] 1
[1743165785422123749] 1
[1743165785422157416] 1
[1743165785422208250] 1
[1743165785422241875] 1
[1743165785422459543] 1
[1743165785422532836] 1
[1743165785463908071] 1
[1743165785464045656] 1
[1743165785466251550] 1
[1743165786299827799] 1
[1743165786300132468] 1
[1743165786300185760] 1
[1743165786300235636] 1
[1743165786300279970] 1
[1743165786300299928] 1
[1743165786300315762] 1
[1743165786300337428] 1
[1743165786300353095] 1
[1743165786300371887] 1
[1743165786300386554] 1
[1743165786300409179] 1
[1743165786300423096] 1
[1743165786300438388] 1
[1743165786300448596] 1
[1743165786300466388] 1
[1743165786300479846] 1
[1743165786300490472] 1
[1743165786317162079] 1
[1743165787302645839] 1
[1743165787429123125] 1
[1743165787429268960] 1
[1743165787429412502] 1
[1743165787429520712] 1
[1743165787429606004] 1
[1743165787431698773] 1
[1743165787431764857] 1
[1743165787431803274] 1
[1743165787431853483] 1
[1743165787431909859] 1
[1743165787431953734] 1
[1743165787431986484] 1
[1743165787432016651] 1
[1743165787432263529] 1
[1743165787432320321] 1
[1743165787432429030] 1
[1743165787432485281] 1
[1743165787432529823] 1
[1743165787432642782] 1
[1743165788304921270] 1
[1743165788305270523] 1
[1743165788305642735] 1
[1743165788407856820] 1
[1743165788407996613] 1
[1743165788408066656] 1
[1743165788408124823] 1
[1743165788408167490] 1
[1743165788408589244] 1
[1743165788408656661] 1
[1743165788408701162] 1
[1743165788419692557] 1
[1743165788419758141] 1
[1743165788419822600] 1
[1743165788419948059] 1
[1743165788420121602] 1
[1743165788420651816] 1
[1743165788423836929] 1
[1743165788423897763] 1
[1743165788424028306] 1
[1743165789307714347] 1
[1743165789307999641] 1
[1743165789422566202] 1
[1743165789422670036] 1
[1743165789422702495] 1
[1743165789422743037] 1
[1743165789424776723] 1
[1743165789424936600] 1
[1743165789428165922] 1
[1743165789428233006] 1
[1743165789428282632] 1
[1743165789428322716] 1
[1743165789428377383] 1
[1743165789428423092] 1
[1743165789428457217] 1
[1743165789428798470] 1
[1743165789428872471] 1
[1743165789428935555] 1
[1743165789429071931] 1
[1743165790310938109] 1
[1743165790311157777] 1
[1743165790311178569] 1
[1743165790420797523] 1
[1743165790420909274] 1
[1743165790420952400] 1
[1743165790421067901] 1
[1743165790421129443] 1
[1743165790421553405] 1
[1743165790424624227] 1
[1743165790424689770] 1
[1743165790424751979] 1
[1743165790424804354] 1
[1743165790424954397] 1
[1743165790425115774] 1
[1743165790425180816] 1
[1743165790425333943] 1
[1743165790425442985] 1
[1743165790425499611] 1
[1743165790425572320] 1
[1743165791314368007] 1
[1743165791314741720] 1
[1743165791420561534] 1
[1743165791420709743] 1
[1743165791420786494] 1
[1743165791420853411] 1
[1743165791420939704] 1
[1743165791421033997] 1
[1743165791421103914] 1
[1743165791421183415] 1
[1743165791429676000] 1
[1743165791429736251] 1
[1743165791429801585] 1
[1743165791429986378] 1
[1743165791430140380] 1
[1743165791430203172] 1
[1743165791432891491] 1
[1743165791433074659] 1
[1743165791433127618] 1
[1743165792317204782] 1
[1743165792317622911] 1
[1743165792317742037] 1
[1743165792437080471] 1
[1743165792437287973] 1
[1743165792437376432] 1
[1743165792437423349] 1
[1743165792437734769] 1
[1743165792437781145] 1
[1743165792440867260] 1
[1743165792440932385] 1
[1743165792441113304] 1
[1743165792441161346] 1
[1743165792441274931] 1
[1743165792441348681] 1
[1743165792441420807] 1
[1743165792441638226] 1
[1743165792441772561] 1
[1743165792441837728] 1
[1743165792442000855] 1
[1743165793320142894] 1
[1743165793320727567] 1
[1743165793320787443] 1
[1743165793452961827] 1
[1743165793453216288] 1
[1743165793453336539] 1
[1743165793453415207] 1
[1743165793453493083] 1
[1743165793453587584] 1
[1743165793456675824] 1
[1743165793456734700] 1
[1743165793456803034] 1
[1743165793456850493] 1
[1743165793456954702] 1
[1743165793457007495] 1
[1743165793457057162] 1
[1743165793457174163] 1
[1743165793457217872] 1
[1743165793457266581] 1
[1743165793457325831] 1
[1743165794323784014] 1
[1743165794324973569] 1
[1743165794459234044] 1
[1743165794459499005] 1
[1743165794459645215] 1
[1743165794459677715] 1
[1743165794459797508] 1
[1743165794459863217] 1
[1743165794459907218] 1
[1743165794460009594] 1
[1743165794466451079] 1
[1743165794466484247] 1
[1743165794466520080] 1
[1743165794466550706] 1
[1743165794466596039] 1
[1743165794466735624] 1
[1743165794466799708] 1
[1743165794467024627] 1
[1743165794467572175] 1
[1743165795328723437] 1
[1743165795329463528] 1
[1743165795329795574] 1
[1743165795463172691] 1
[1743165795463324568] 1
[1743165795463511695] 1
[1743165795463631113] 1
[1743165795463925491] 1
[1743165795464146244] 1
[1743165795467850117] 1
[1743165795467900368] 1
[1743165795467952202] 1
[1743165795468019703] 1
[1743165795468072536] 1
[1743165795468116662] 1
[1743165795468164079] 1
[1743165795468263289] 1
[1743165795468315247] 1
[1743165795468470249] 1
[1743165795468669043] 1
[1743165796331717832] 1
[1743165796331887459] 1
[1743165796331918834] 1
[1743165796331938584] 1
[1743165796331953793] 1
[1743165796332061294] 1
[1743165796332088211] 1
[1743165796332415673] 1
[1743165796332438548] 1
[1743165796332454799] 1
[1743165796332475382] 1
[1743165796332493757] 1
[1743165796332505549] 1
[1743165796332513258] 1
[1743165796332520049] 1
[1743165796332531758] 1
[1743165796332553716] 1
[1743165796355111758] 1
[1743165796355330635] 1
[1743165797335451893] 1
[1743165797474513669] 1
[1743165797474656088] 1
[1743165797474748297] 1
[1743165797474856923] 1
[1743165797474912466] 1
[1743165797474954883] 1
[1743165797474992425] 1
[1743165797475028675] 1
[1743165797475066717] 1
[1743165797486934851] 1
[1743165797486985143] 1
[1743165797487108061] 1
[1743165797487253355] 1
[1743165797487349939] 1
[1743165797487392940] 1
[1743165797490015636] 1
[1743165797490118762] 1
[1743165797490267514] 1
[1743165797490353640] 1
[1743165798338301598] 1
[1743165798339147358] 1
[1743165798339298985] 1
[1743165798462389229] 1
[1743165798463749828] 1
[1743165798463880038] 1
[1743165798463947331] 1
[1743165798464061999] 1
[1743165798464160333] 1
[1743165798467543997] 1
[1743165798476093012] 1
[1743165798476160012] 1
[1743165798476200138] 1
[1743165798476236180] 1
[1743165798476278097] 1
[1743165798476324973] 1
[1743165798476844604] 1
[1743165798480057099] 1
[1743165798480158725] 1
[1743165799342482720] 1
[1743165799343230312] 1
[1743165799343320479] 1
[1743165799466599166] 1
[1743165799466726710] 1
[1743165799466879961] 1
[1743165799467051755] 1
[1743165799467112381] 1
[1743165799467173131] 1
[1743165799467209799] 1
[1743165799467409176] 1
[1743165799481592008] 1
[1743165799481653259] 1
[1743165799481703426] 1
[1743165799481824886] 1
[1743165799481894220] 1
[1743165799484595918] 1
[1743165799484807420] 1
[1743165799484935547] 1
[1743165799485036548] 1
[1743165800346449111] 1
[1743165800347558499] 1
[1743165800347844086] 1
[1743165800476143189] 1
[1743165800476249148] 1
[1743165800476288482] 1
[1743165800476324066] 1
[1743165800476518443] 1
[1743165800476575194] 1
[1743165800479486812] 1
[1743165800479534396] 1
[1743165800479577854] 1
[1743165800480847161] 1
[1743165800480934204] 1
[1743165800480990246] 1
[1743165800481112164] 1
[1743165800481237457] 1
[1743165800481284375] 1
[1743165800481339084] 1
[1743165800481390709] 1
[1743165801351128073] 1
[1743165801352236378] 1
[1743165801474223262] 1
[1743165801474471140] 1
[1743165801474549433] 1
[1743165801477836430] 1
[1743165801477960140] 1
[1743165801478060558] 1
[1743165801478121851] 1
[1743165801489627281] 1
[1743165801489709782] 1
[1743165801489750532] 1
[1743165801489793658] 1
[1743165801489831116] 1
[1743165801490052827] 1
[1743165801490523958] 1
[1743165801494430213] 1
[1743165801494555798] 1
[1743165801494654049] 1
[1743165802355733468] 1
[1743165802356384101] 1
[1743165802356598937] 1
[1743165802437442758] 1
[1743165802437657218] 1
[1743165802437766803] 1
[1743165802437866554] 1
[1743165802437920930] 1
[1743165802438411853] 1
[1743165802438528729] 1
[1743165811949095266] 1
[1743165811949341224] 1
[1743165811949465349] 1
[1743165811970734748] 1
[1743165811970872873] 1
[1743165811971341873] 1
[1743165811971411664] 1
[1743165811990929607] 1
[1743165811991057815] 1
[1743165811991176440] 1
[1743165811998394767] 1
[1743165811998544184] 1
[1743165812007147886] 1
[1743165812007804802] 1
[1743165812051237532] 1
[1743165812051410323] 1
[1743165812051560823] 1
[1743165812051619282] 1
[1743165812078448353] 1
[1743165812078633769] 1
[1743165812078712228] 1
[1743165812110098505] 1
[1743165812110358588] 1
[1743165812110506838] 1
[1743165812110863796] 1
[1743165812149400945] 1
[1743165812149574820] 1
[1743165812152540360] 1
[1743165812152922443] 1
[1743165812153422068] 1
[1743165812169073186] 1
[1743165812169254519] 1
[1743165812176500182] 1
[1743165812202604670] 1
[1743165812202858837] 1
[1743165812203465461] 1
[1743165812242179360] 1
[1743165812242311152] 1
[1743165812242496027] 1
[1743165812243175860] 1
[1743165812268534223] 1
[1743165812268714890] 1
[1743165812268837973] 1
[1743165812276410053] 1
[1743165812306121914] 1
[1743165812306258414] 1
[1743165812306289497] 1
[1743165812306877164] 1
[1743165812334543942] 1
[1743165812334779817] 1
[1743165812334957359] 1
[1743165812366166136] 1
[1743165812366348678] 1
[1743165812366491136] 1
[1743165812366957677] 1
[1743165812395651331] 1
[1743165812395731122] 1
[1743165812395788414] 1
[1743165812395835831] 1
[1743165812395884831] 1
[1743165812395963997] 1
[1743165812395990289] 1
[1743165812396009997] 1
[1743165812396022497] 1
[1743165812396042664] 1
[1743165812402250494] 1
[1743165812402368286] 1
[1743165812405103743] 1
[1743165812405361701] 1
[1743165812405804284] 1
[1743165812420723944] 1
[1743165812427644399] 1
[1743165812462154592] 1
[1743165812462310175] 1
[1743165812462495175] 1
[1743165812463027716] 1
[1743165812499132533] 1
[1743165812499295658] 1
[1743165812499381741] 1
[1743165812499926282] 1
[1743165812531159226] 1
[1743165812531406726] 1
[1743165812531467559] 1
[1743165812531528684] 1
[1743165812558275089] 1
[1743165812558497880] 1
[1743165812558654755] 1
[1743165812558950505] 1
[1743165812586108243] 1
[1743165812586319034] 1
[1743165812630785305] 1
[1743165812630927388] 1
[1743165812631022597] 1
[1743165812631072847] 1
[1743165812631398888] 1
[1743165812655786294] 1
[1743165812655938544] 1
[1743165812656079293] 1
[1743165812656460918] 1
[1743165812685527946] 1
[1743165812686267154] 1
[1743165812689982778] 1
[1743165812718274348] 1
[1743165812718486140] 1
[1743165812718567681] 1
[1743165812720616347] 1
[1743165812750890250] 1
[1743165812751001624] 1
[1743165812751128166] 1
[1743165812751734457] 1
[1743165812786468650] 1
[1743165812786598775] 1
[1743165812786793233] 1
[1743165812786846483] 1
[1743165812818070010] 1
[1743165812818159718] 1
[1743165812818289927] 1
[1743165812818785968] 1
[1743165812841050624] 1
[1743165812841879666] 1
[1743165812885258979] 1
[1743165812885401312] 1
[1743165812888542852] 1
[1743165812888621477] 1
[1743165812888725561] 1
[1743165812910205176] 1
[1743165812910344676] 1
[1743165812910432509] 1
[1743165812910992134] 1
[1743165812967821107] 1
[1743165813036089878] 1
[1743165813060031126] 1
[1743165813127870785] 1
[1743165813155676532] 1
[1743165813223473607] 1
[1743165813267178228] 1
[1743165813267283019] 1
[1743165813267467436] 1
[1743165813267762686] 1
[1743165813267966769] 1
[1743165813291222058] 1
[1743165813315526681] 1
[1743165813389356756] 1
[1743165813397402172] 1
[1743165813397464713] 1
[1743165813397480547] 1
[1743165813397496797] 1
[1743165813397529463] 1
[1743165813397562422] 1
[1743165813397581630] 1
[1743165813397629213] 1
[1743165813397648505] 1
[1743165813397676880] 1
[1743165813398021213] 1
[1743165813398037922] 1
[1743165813398045297] 1
[1743165813398059713] 1
[1743165813398082130] 1
[1743165813398099380] 1
[1743165813398113713] 1
[1743165813398128630] 1
[1743165813398141797] 1
[1743165813398155588] 1
[1743165813415875545] 1
[1743165813479705413] 1
[1743165813522603074] 1
[1743165813522785991] 1
[1743165813522957699] 1
[1743165813523078449] 1
[1743165813525388407] 1
[1743165813541709864] 1
[1743165813570848569] 1
[1743165813643436061] 1
[1743165813667955225] 1
[1743165813741941592] 1
[1743165813776888755] 1
[1743165813777124088] 1
[1743165813777283505] 1
[1743165813782511212] 1
[1743165813788847378] 1
[1743165813797989961] 1
[1743165813828637666] 1
[1743165813895822617] 1
[1743165814057128617] 1
[1743165814057262033] 1
[1743165814060332701] 1
[1743165814060553326] 1
[1743165814060748409] 1
[1743165814339465559] 1
[1743165814339598017] 1
[1743165814342396934] 1
[1743165814342451476] 1
[1743165814342750559] 1
[1743165814399927656] 1
[1743165814400054031] 1
[1743165814400081781] 1
[1743165814400111698] 1
[1743165814400130948] 1
[1743165814400154281] 1
[1743165814400179615] 1
[1743165814400189906] 1
[1743165814400217823] 1
[1743165814400235781] 1
[1743165814400250323] 1
[1743165814400259531] 1
[1743165814400269240] 1
[1743165814400291240] 1
[1743165814400299948] 1
[1743165814400322365] 1
[1743165814400341865] 1
[1743165814400355573] 1
[1743165814400371365] 1
[1743165814412017909] 1
[1743165814566768821] 1
[1743165814567067529] 1
[1743165814570087571] 1
[1743165814570201405] 1
[1743165814570425113] 1
[1743165814848903137] 1
[1743165814849208096] 1
[1743165814856077972] 1
[1743165814856376389] 1
[1743165814859889723] 1
[1743165815090054265] 1
[1743165815090422390] 1
[1743165815090582765] 1
[1743165815093710017] 1
[1743165815093939351] 1
[1743165815357572795] 1
[1743165815357676170] 1
[1743165815363368881] 1
[1743165815363681548] 1
[1743165815366597967] 1
[1743165815402569612] 1
[1743165815402979821] 1
[1743165815403064363] 1
[1743165815403082446] 1
[1743165815403097238] 1
[1743165815403111446] 1
[1743165815403133238] 1
[1743165815403145154] 1
[1743165815403159821] 1
[1743165815403172821] 1
[1743165815403181738] 1
[1743165815403188821] 1
[1743165815403216071] 1
[1743165815403228530] 1
[1743165815403237821] 1
[1743165815403268655] 1
[1743165815403277321] 1
[1743165815403290238] 1
[1743165815403303946] 1
[1743165815413649619] 1
[1743165815591986305] 1
[1743165815592187056] 1
[1743165815599345351] 1
[1743165815599507060] 1
[1743165815600160852] 1
[1743165815870940967] 1
[1743165815871188967] 1
[1743165815877083429] 1
[1743165815877342637] 1
[1743165815877821054] 1
[1743165816103393051] 1
[1743165816103970760] 1
[1743165816406099078] 1
[1743165816406807662] 1
[1743165816407054037] 1
[1743165816407206870] 1
[1743165816407371579] 1
[1743165816407431621] 1
[1743165816407489787] 1
[1743165816407575996] 1
[1743165816407628579] 1
[1743165816407692954] 1
[1743165816407761288] 1
[1743165816407821454] 1
[1743165816407863371] 1
[1743165816407914204] 1
[1743165816460948878] 1
[1743165816461095503] 1
[1743165816461159753] 1
[1743165816461196587] 1
[1743165816465188007] 1
[1743165817411262465] 1
[1743165817546468425] 1
[1743165817546591675] 1
[1743165817546814009] 1
[1743165817546942842] 1
[1743165817546985884] 1
[1743165817547125259] 1
[1743165817547165468] 1
[1743165817547196051] 1
[1743165817547237968] 1
[1743165817558621274] 1
[1743165817558692357] 1
[1743165817558797357] 1
[1743165817558868857] 1
[1743165817559053566] 1
[1743165817559101691] 1
[1743165817559184233] 1
[1743165817565274199] 1
[1743165817565505032] 1
[1743165817565629741] 1
[1743165818415008767] 1
[1743165818415836101] 1
[1743165818416350310] 1
[1743165818535398039] 1
[1743165818535495998] 1
[1743165818535674623] 1
[1743165818535791831] 1
[1743165818535928290] 1
[1743165818536018457] 1
[1743165818536080332] 1
[1743165818550592771] 1
[1743165818550650563] 1
[1743165818550716522] 1
[1743165818550766938] 1
[1743165818550818813] 1
[1743165818551590106] 1
[1743165818554633153] 1
[1743165818554835278] 1
[1743165818554954445] 1
[1743165819419374146] 1
[1743165819419706021] 1
[1743165819419835355] 1
[1743165819533051028] 1
[1743165819533188986] 1
[1743165819533265028] 1
[1743165819533315820] 1
[1743165819533383820] 1
[1743165819534791573] 1
[1743165819537628786] 1
[1743165819537705411] 1
[1743165819537782995] 1
[1743165819537885912] 1
[1743165819537928370] 1
[1743165819537960954] 1
[1743165819537994704] 1
[1743165819538043329] 1
[1743165819538069329] 1
[1743165819538111537] 1
[1743165819538140537] 1
[1743165820422224259] 1
[1743165820422796052] 1
[1743165820549863708] 1
[1743165820550048542] 1
[1743165820550207875] 1
[1743165820550487584] 1
[1743165820550570751] 1
[1743165820550647751] 1
[1743165820550757668] 1
[1743165820550875918] 1
[1743165820565914118] 1
[1743165820565971743] 1
[1743165820566008868] 1
[1743165820566038035] 1
[1743165820566063035] 1
[1743165820566577911] 1
[1743165820566729995] 1
[1743165820567346496] 1
[1743165820567503247] 1
[1743165820567665747] 1
[1743165821425613316] 1
[1743165821426187525] 1
[1743165821561831367] 1
[1743165821562030368] 1
[1743165821562134868] 1
[1743165821562290160] 1
[1743165821562341910] 1
[1743165821562393493] 1
[1743165821562450160] 1
[1743165821562498535] 1
[1743165821568713426] 1
[1743165821568769760] 1
[1743165821568814843] 1
[1743165821568882385] 1
[1743165821568927052] 1
[1743165821569006177] 1
[1743165821569222886] 1
[1743165821569265927] 1
[1743165821569757137] 1
[1743165822429259684] 1
[1743165822430364520] 1
[1743165822430831063] 1
[1743165822485516218] 1
[1743165822485673801] 1
[1743165822485759385] 1
[1743165822487447765] 1
[1743165822490866191] 1
[1743165822491194525] 1
[1743165822491787819] 1
[1743165852110639811] 1
[1743165852110814688] 1
[1743165852110875397] 1
[1743165852128657284] 1
[1743165852128805577] 1
[1743165852136425613] 1
[1743165852136727574] 1
[1743165852143840104] 1
[1743165852147486349] 1
[1743165852147903478] 1
[1743165852243953781] 1
[1743165852244122574] 1
[1743165852253642337] 1
[1743165852253714212] 1
[1743165852253758713] 1
[1743165852253974090] 1
[1743165852272167398] 1
[1743165852275109095] 1
[1743165852275167345] 1
[1743165852281449742] 1
[1743165852291030464] 1
[1743165852291097506] 1
[1743165852291235466] 1
[1743165852298637957] 1
[1743165852298833334] 1
[1743165852298875918] 1
[1743165852314821620] 1
[1743165852314922580] 1
[1743165852314959205] 1
[1743165852315257791] 1
[1743165852315331459] 1
[1743165852315384126] 1
[1743165852335194367] 1
[1743165852335257535] 1
[1743165852335301702] 1
[1743165852335346369] 1
[1743165852335412620] 1
[1743165852359049775] 1
[1743165852359249777] 1
[1743165852366610184] 1
[1743165852366680185] 1
[1743165852366716477] 1
[1743165852366749811] 1
[1743165852378686098] 1
[1743165852381595627] 1
[1743165852381648461] 1
[1743165852386063506] 1
[1743165852392945242] 1
[1743165852395976772] 1
[1743165852452011129] 1
[1743165852494600684] 1
[1743165852494825103] 1
[1743165852494893645] 1
[1743165852494947104] 1
[1743165852502751016] 1
[1743165852506233343] 1
[1743165852506283218] 1
[1743165852506328885] 1
[1743165852509804629] 1
[1743165852524904656] 1
[1743165852528326524] 1
[1743165852541687242] 1
[1743165852541755909] 1
[1743165852541827577] 1
[1743165852544942316] 1
[1743165852559476505] 1
[1743165852566851037] 1
[1743165852566951913] 1
[1743165852577205892] 1
[1743165852580416216] 1
[1743165852583868251] 1
[1743165852589095387] 1
[1743165852601077591] 1
[1743165852604616168] 1
[1743165852604674002] 1
[1743165852604724003] 1
[1743165852604803504] 1
[1743165852635096726] 1
[1743165852635230060] 1
[1743165852641587958] 1
[1743165852641704167] 1
[1743165852647873563] 1
[1743165852647934397] 1
[1743165852647985356] 1
[1743165852648040148] 1
[1743165852648141149] 1
[1743165852655215637] 1
[1743165852655398597] 1
[1743165852658666797] 1
[1743165852659257886] 1
[1743165852780288440] 1
[1743165852780430358] 1
[1743165852780476526] 1
[1743165852780537693] 1
[1743165852780588235] 1
[1743165852780639860] 1
[1743165852780922030] 1
[1743165852798784085] 1
[1743165852798854544] 1
[1743165852798907128] 1
[1743165852799266798] 1
[1743165852799340591] 1
[1743165852799391050] 1
[1743165852806227077] 1
[1743165852806463288] 1
[1743165852824113966] 1
[1743165852824179425] 1
[1743165852824212633] 1
[1743165852824290717] 1
[1743165852824387927] 1
[1743165852824418052] 1
[1743165852842952739] 1
[1743165852842999614] 1
[1743165852843034532] 1
[1743165852843083782] 1
[1743165852843115407] 1
[1743165852843163408] 1
[1743165852856971422] 1
[1743165852857056756] 1
[1743165852865946721] 1
[1743165852866005972] 1
[1743165852872193784] 1
[1743165852872252076] 1
[1743165852872639038] 1
[1743165852885845172] 1
[1743165852888870119] 1
[1743165852889025870] 1
[1743165852903811895] 1
[1743165852907414514] 1
[1743165852907506682] 1
[1743165852907600683] 1
[1743165852907630850] 1
[1743165852907666475] 1
[1743165852907702725] 1
[1743165852907729517] 1
[1743165852908260689] 1
[1743165852908319773] 1
[1743165852908350649] 1
[1743165852908380566] 1
[1743165852908410524] 1
[1743165852908440108] 1
[1743165852908611735] 1
[1743165852908645485] 1
[1743165852908688485] 1
[1743165852908725069] 1
[1743165852908874196] 1
[1743165852910543087] 1
[1743165853004020405] 1
[1743165853004139573] 1
[1743165853004279366] 1
[1743165853004915498] 1
[1743165853016530325] 1
[1743165853016585159] 1
[1743165853016677827] 1
[1743165853016760786] 1
[1743165853021019580] 1
[1743165853023874317] 1
[1743165853029622918] 1
[1743165853038488301] 1
[1743165853038551135] 1
[1743165853038586844] 1
[1743165853041380706] 1
[1743165853041425914] 1
[1743165853054526841] 1
[1743165853054675717] 1
[1743165853054821802] 1
[1743165853054879719] 1
[1743165853054909470] 1
[1743165853081378992] 1
[1743165853081545577] 1
[1743165853081597077] 1
[1743165853088705025] 1
[1743165853088863235] 1
[1743165853091476762] 1
[1743165853094328250] 1
[1743165853094376708] 1
[1743165853103154465] 1
[1743165853160450512] 1
[1743165853246806316] 1
[1743165853246912234] 1
[1743165853246939151] 1
[1743165853246993068] 1
[1743165853247054610] 1
[1743165853253919848] 1
[1743165853253968015] 1
[1743165853254032849] 1
[1743165853254107891] 1
[1743165853254733814] 1
[1743165853262294975] 1
[1743165853263065983] 1
[1743165853287151647] 1
[1743165853352690821] 1
[1743165853460583138] 1
[1743165853504591631] 1
[1743165853504756133] 1
[1743165853509590433] 1
[1743165853509754893] 1
[1743165853509917020] 1
[1743165853513417555] 1
[1743165853513488015] 1
[1743165853513620349] 1
[1743165853513757101] 1
[1743165853513836893] 1
[1743165853513922477] 1
[1743165853517910102] 1
[1743165853547815534] 1
[1743165853608091153] 1
[1743165853674449585] 1
[1743165853744049550] 1
[1743165853744204718] 1
[1743165853744283802] 1
[1743165853744348845] 1
[1743165853744416262] 1
[1743165853753358604] 1
[1743165853753412438] 1
[1743165853753491314] 1
[1743165853756408969] 1
[1743165853759447917] 1
[1743165853759569918] 1
[1743165853764864056] 1
[1743165853799148033] 1
[1743165853864800499] 1
[1743165853910695596] 1
[1743165853910818305] 1
[1743165853910854097] 1
[1743165853910885014] 1
[1743165853910955307] 1
[1743165853910987099] 1
[1743165853911030557] 1
[1743165853911059808] 1
[1743165853911089308] 1
[1743165853911144767] 1
[1743165853911195684] 1
[1743165853911226059] 1
[1743165853911256351] 1
[1743165853911944483] 1
[1743165853911983317] 1
[1743165853912013526] 1
[1743165853912042943] 1
[1743165853912072068] 1
[1743165853912100402] 1
[1743165853928973533] 1
[1743165853929473414] 1
[1743165854001572946] 1
[1743165854001923241] 1
[1743165854001983034] 1
[1743165854002042951] 1
[1743165854002155244] 1
[1743165854011274797] 1
[1743165854011356548] 1
[1743165854011454340] 1
[1743165854014455372] 1
[1743165854017672655] 1
[1743165854017723864] 1
[1743165854023140754] 1
[1743165854054850794] 1
[1743165854286593926] 1
[1743165854286734678] 1
[1743165854286805012] 1
[1743165854287289225] 1
[1743165854287737730] 1
[1743165854290557426] 1
[1743165854290606468] 1
[1743165854290631510] 1
[1743165854290700261] 1
[1743165854291094223] 1
[1743165854525749344] 1
[1743165854526593187] 1
[1743165854526666729] 1
[1743165854526829439] 1
[1743165854526891148] 1
[1743165854539487946] 1
[1743165854539602823] 1
[1743165854539653740] 1
[1743165854539711449] 1
[1743165854539751449] 1
[1743165854779937753] 1
[1743165854780180547] 1
[1743165854780307799] 1
[1743165854780395966] 1
[1743165854795911212] 1
[1743165854795985963] 1
[1743165854796041755] 1
[1743165854796091630] 1
[1743165854796144006] 1
[1743165854797563229] 1
[1743165854913249356] 1
[1743165854913436608] 1
[1743165854913471775] 1
[1743165854913500942] 1
[1743165854913544734] 1
[1743165854913637068] 1
[1743165854913725652] 1
[1743165854913889487] 1
[1743165854913917238] 1
[1743165854913943238] 1
[1743165854913971447] 1
[1743165854914005697] 1
[1743165854914033239] 1
[1743165854914064864] 1
[1743165854914090323] 1
[1743165854917153772] 1
[1743165854917187147] 1
[1743165854937452984] 1
[1743165854937607819] 1
[1743165854937719028] 1
[1743165855023707639] 1
[1743165855023834266] 1
[1743165855023945559] 1
[1743165855037606162] 1
[1743165855037704538] 1
[1743165855037765997] 1
[1743165855038248586] 1
[1743165855038314587] 1
[1743165855039325764] 1
[1743165855039398223] 1
[1743165855304837798] 1
[1743165855305193301] 1
[1743165855305263469] 1
[1743165855305507680] 1
[1743165855321228305] 1
[1743165855321284473] 1
[1743165855321364515] 1
[1743165855321407891] 1
[1743165855321455766] 1
[1743165855321561267] 1
[1743165855539931799] 1
[1743165855540145635] 1
[1743165855540239178] 1
[1743165855540292178] 1
[1743165855555127128] 1
[1743165855555204879] 1
[1743165855555259129] 1
[1743165855555289588] 1
[1743165855555853302] 1
[1743165855557086857] 1
[1743165855815912736] 1
[1743165855824723872] 1
[1743165855824777914] 1
[1743165855824964916] 1
[1743165855825029583] 1
[1743165855827524526] 1
[1743165855827562527] 1
[1743165855827642736] 1
[1743165855827726570] 1
[1743165855827768071] 1
[1743165855918837873] 1
[1743165855919195627] 1
[1743165855919258378] 1
[1743165855919306503] 1
[1743165855919332212] 1
[1743165855919355295] 1
[1743165855919380796] 1
[1743165855919407838] 1
[1743165855919434379] 1
[1743165855919461713] 1
[1743165855919488963] 1
[1743165855919512797] 1
[1743165855919541589] 1
[1743165855919575048] 1
[1743165855919604465] 1
[1743165855919631007] 1
[1743165855919667382] 1
[1743165855919729091] 1
[1743165855936741230] 1
[1743165855937446446] 1
[1743165856052297885] 1
[1743165856066785167] 1
[1743165856066837084] 1
[1743165856066956169] 1
[1743165856067164296] 1
[1743165856067558134] 1
[1743165856070278121] 1
[1743165856070358247] 1
[1743165856070668292] 1
[1743165856070734293] 1
[1743165856292759737] 1
[1743165856293134158] 1
[1743165856296232566] 1
[1743165856296275275] 1
[1743165856296312859] 1
[1743165856296356651] 1
[1743165856550148064] 1
[1743165856553262847] 1
[1743165856553404474] 1
[1743165856553481891] 1
[1743165856553584476] 1
[1743165856807156428] 1
[1743165856807333805] 1
[1743165856810211836] 1
[1743165856810397630] 1
[1743165856810629341] 1
[1743165856922199798] 1
[1743165856922331883] 1
[1743165856922355800] 1
[1743165856922390258] 1
[1743165856922410300] 1
[1743165856922432509] 1
[1743165856922497801] 1
[1743165856922524885] 1
[1743165856922549135] 1
[1743165856922595302] 1
[1743165856923410936] 1
[1743165856923456686] 1
[1743165856923475103] 1
[1743165856923495562] 1
[1743165856923513229] 1
[1743165856923543687] 1
[1743165856923589855] 1
[1743165856936700538] 1
[1743165856943561737] 1
[1743165857051317245] 1
[1743165857054313611] 1
[1743165857054395153] 1
[1743165857054466488] 1
[1743165857054840408] 1
[1743165857338887699] 1
[1743165857338992783] 1
[1743165857339036284] 1
[1743165857339085159] 1
[1743165857339275286] 1
[1743165857587307222] 1
[1743165857587421223] 1
[1743165857587484433] 1
[1743165857587525475] 1
[1743165857587578350] 1
[1743165857594669970] 1
[1743165857598676931] 1
[1743165857599036643] 1
[1743165857862335122] 1
[1743165857862501207] 1
[1743165857862656875] 1
[1743165857862714501] 1
[1743165857862749710] 1
[1743165857869489992] 1
[1743165857869551284] 1
[1743165857869588660] 1
[1743165857869645202] 1
[1743165857872190230] 1
[1743165857925065812] 1
[1743165857925159354] 1
[1743165857925180063] 1
[1743165857925210980] 1
[1743165857927620340] 1
[1743165857927657882] 1
[1743165857927675257] 1
[1743165857927703799] 1
[1743165857927727299] 1
[1743165857927750383] 1
[1743165857927770716] 1
[1743165857927791925] 1
[1743165857927813008] 1
[1743165857927890509] 1
[1743165857927956927] 1
[1743165857927981219] 1
[1743165857928002260] 1
[1743165857928023802] 1
[1743165857928045261] 1
[1743165857940055560] 1
[1743165858111265169] 1
[1743165858111399254] 1
[1743165858111440171] 1
[1743165858111887301] 1
[1743165858115189671] 1
[1743165858115273714] 1
[1743165858115410465] 1
[1743165858115461466] 1
[1743165858115562092] 1
[1743165858119093548] 1
[1743165858360238784] 1
[1743165858360404160] 1
[1743165858360483078] 1
[1743165858360545579] 1
[1743165858372959884] 1
[1743165858373019176] 1
[1743165858373059677] 1
[1743165858373120677] 1
[1743165858373160386] 1
[1743165858374388108] 1
[1743165858615905931] 1
[1743165858616076808] 1
[1743165858616139642] 1
[1743165858616224976] 1
[1743165858628037567] 1
[1743165858628105317] 1
[1743165858628178943] 1
[1743165858628255819] 1
[1743165858629570084] 1
[1743165858630217549] 1
[1743165858873386807] 1
[1743165858873574893] 1
[1743165858873657185] 1
[1743165858873704853] 1
[1743165858883184250] 1
[1743165858883239417] 1
[1743165858883268209] 1
[1743165858884811352] 1
[1743165858884991520] 1
[1743165858928492215] 1
[1743165858928649466] 1
[1743165858928702342] 1
[1743165858929243348] 1
[1743165858929267140] 1
[1743165858929283057] 1
[1743165858929298307] 1
[1743165858929348224] 1
[1743165858929368974] 1
[1743165858929403016] 1
[1743165858929430433] 1
[1743165858929451850] 1
[1743165858929472559] 1
[1743165858929548226] 1
[1743165858929593435] 1
[1743165858929628102] 1
[1743165858929666978] 1
[1743165858929696228] 1
[1743165858929721895] 1
[1743165858941439734] 1
[1743165859125389018] 1
[1743165859137665490] 1
[1743165859137762033] 1
[1743165859137812700] 1
[1743165859138371998] 1
[1743165859138417916] 1
[1743165859138446166] 1
[1743165859139617512] 1
[1743165859139813015] 1
[1743165859139885932] 1
[1743165859393239972] 1
[1743165859393566601] 1
[1743165859393661852] 1
[1743165859396646344] 1
[1743165859399996049] 1
[1743165859400067550] 1
[1743165859400140592] 1
[1743165859400273135] 1
[1743165859400347678] 1
[1743165859402127698] 1
[1743165859646114799] 1
[1743165859646238508] 1
[1743165859646268425] 1
[1743165859646298092] 1
[1743165859646407010] 1
[1743165859655013149] 1
[1743165859655138109] 1
[1743165859655246569] 1
[1743165859657880349] 1
[1743165859658341604] 1
[1743165859906922673] 1
[1743165859907016674] 1
[1743165859907077217] 1
[1743165859907997477] 1
[1743165859911768103] 1
[1743165859912035856] 1
[1743165859912243192] 1
[1743165859912327484] 1
[1743165859912382652] 1
[1743165859912418527] 1
[1743165859930138895] 1
[1743165859930222854] 1
[1743165859930243354] 1
[1743165859930288896] 1
[1743165859930311063] 1
[1743165859930334814] 1
[1743165859930353522] 1
[1743165859930372647] 1
[1743165859930395689] 1
[1743165859930416065] 1
[1743165859930435356] 1
[1743165859930455315] 1
[1743165859930471024] 1
[1743165859930486107] 1
[1743165859930518899] 1
[1743165859930541816] 1
[1743165859930564233] 1
[1743165859930586275] 1
[1743165859931403409] 1
[1743165859943277252] 1
[1743165860160134904] 1
[1743165860160594368] 1
[1743165860160667535] 1
[1743165860160732203] 1
[1743165860167130651] 1
[1743165860167214611] 1
[1743165860167270736] 1
[1743165860168170580] 1
[1743165860168225872] 1
[1743165860169463053] 1
[1743165860390889060] 1
[1743165860391306232] 1
[1743165860391399524] 1
[1743165860391739570] 1
[1743165860402035855] 1
[1743165860653806420] 1
[1743165860654525053] 1
[1743165860654640804] 1
[1743165860654665721] 1
[1743165860655488856] 1
[1743165860912501189] 1
[1743165860912881026] 1
[1743165860912992486] 1
[1743165860913966039] 1
[1743165860914222709] 1
[1743165860931961204] 1
[1743165860932056414] 1
[1743165860932082289] 1
[1743165860932102289] 1
[1743165860932120998] 1
[1743165860932143040] 1
[1743165860932181374] 1
[1743165860932204666] 1
[1743165860932223832] 1
[1743165860932243624] 1
[1743165860932785047] 1
[1743165860932809923] 1
[1743165860932827589] 1
[1743165860932845215] 1
[1743165860932862090] 1
[1743165860932879298] 1
[1743165860932895257] 1
[1743165860932913465] 1
[1743165860932929632] 1
[1743165861176094834] 1
[1743165861182700328] 1
[1743165861183083124] 1
[1743165861183141375] 1
[1743165861183985093] 1
[1743165861450776458] 1
[1743165861453500740] 1
[1743165861462857307] 1
[1743165861470607231] 1
[1743165861470710107] 1
[1743165861678170071] 1
[1743165861678306114] 1
[1743165861678446158] 1
[1743165861678492991] 1
[1743165861678539075] 1
[1743165861940907889] 1
[1743165861941009848] 1
[1743165861941062640] 1
[1743165861941158100] 1
[1743165861941175600] 1
[1743165861941204809] 1
[1743165861941224267] 1
[1743165861941241517] 1
[1743165861941255184] 1
[1743165861941268059] 1
[1743165861941287810] 1
[1743165861941313060] 1
[1743165861941334894] 1
[1743165861941349102] 1
[1743165861941365811] 1
[1743165861948234974] 1
[1743165861948382476] 1
[1743165861948450310] 1
[1743165861948504852] 1
[1743165861948649521] 1
[1743165861948721605] 1
[1743165861948777314] 1
[1743165861951718306] 1
[1743165861951779599] 1
[1743165861953465077] 1
[1743165862944263548] 1
[1743165862985449994] 1
[1743165862986242211] 1
[1743165876440934433] 0 : Request cancelled by client due to FailedTimeout
[1743165876492426517] 0 : Request cancelled by client due to FailedTimeout
[1743165876543016641] 0 : Request cancelled by client due to FailedTimeout
[1743165876594790851] 0 : Request cancelled by client due to FailedTimeout
[1743165876645591850] 0 : Request cancelled by client due to FailedTimeout
[1743165876699553730] 0 : Request cancelled by client due to FailedTimeout
[1743165876747770142] 0 : Request cancelled by client due to FailedTimeout
[1743165876800374977] 0 : Request cancelled by client due to FailedTimeout
[1743165876851871228] 0 : Request cancelled by client due to FailedTimeout
[1743165876903420562] 0 : Request cancelled by client due to FailedTimeout
[1743165876954591271] 0 : Request cancelled by client due to FailedTimeout
[1743165877007438525] 0 : Request cancelled by client due to FailedTimeout
[1743165877058988207] 0 : Request cancelled by client due to FailedTimeout
[1743165877109823931] 0 : Request cancelled by client due to FailedTimeout
[1743165877160784612] 0 : Request cancelled by client due to FailedTimeout
[1743165877210935542] 0 : Request cancelled by client due to FailedTimeout
[1743165877263176435] 0 : Request cancelled by client due to FailedTimeout
[1743165877314404159] 0 : Request cancelled by client due to FailedTimeout
[1743165877364948798] 0 : Request cancelled by client due to FailedTimeout
[1743165877417080065] 0 : Request cancelled by client due to FailedTimeout
[1743165877466588494] 0 : Request cancelled by client due to FailedTimeout
[1743165877518139260] 0 : Request cancelled by client due to FailedTimeout
[1743165877568299190] 0 : Request cancelled by client due to FailedTimeout
[1743165877620761042] 0 : Request cancelled by client due to FailedTimeout
[1743165877672825517] 0 : Request cancelled by client due to FailedTimeout
[1743165877724426533] 0 : Request cancelled by client due to FailedTimeout
[1743165877774487630] 0 : Request cancelled by client due to FailedTimeout
[1743165877830091071] 0 : Request cancelled by client due to FailedTimeout
[1743165877880644460] 0 : Request cancelled by client due to FailedTimeout
[1743165877931977017] 0 : Request cancelled by client due to FailedTimeout
[1743165877983479992] 0 : Request cancelled by client due to FailedTimeout
[1743165878035643894] 0 : Request cancelled by client due to FailedTimeout
[1743165878098046866] 0 : Request cancelled by client due to FailedTimeout
[1743165878148465478] 0 : Request cancelled by client due to FailedTimeout
[1743165878200683428] 0 : Request cancelled by client due to FailedTimeout
[1743165878260933437] 0 : Request cancelled by client due to FailedTimeout
[1743165878305832911] 0 : Request cancelled by client due to FailedTimeout
[1743165878360155324] 0 : Request cancelled by client due to FailedTimeout
[1743165878412557899] 0 : Request cancelled by client due to FailedTimeout
[1743165878461967717] 0 : Request cancelled by client due to FailedTimeout
[1743165878514076708] 0 : Request cancelled by client due to FailedTimeout
[1743165878564912404] 0 : Request cancelled by client due to FailedTimeout
[1743165878616555769] 0 : Request cancelled by client due to FailedTimeout
[1743165878667825425] 0 : Request cancelled by client due to FailedTimeout
[1743165878720324833] 0 : Request cancelled by client due to FailedTimeout
[1743165878771196780] 0 : Request cancelled by client due to FailedTimeout
[1743165878821798768] 0 : Request cancelled by client due to FailedTimeout
[1743165878872662089] 0 : Request cancelled by client due to FailedTimeout
[1743165878924114620] 0 : Request cancelled by client due to FailedTimeout
[1743165878973941356] 0 : Request cancelled by client due to FailedTimeout
[1743165879025567018] 0 : Request cancelled by client due to FailedTimeout
[1743165879075580769] 0 : Request cancelled by client due to FailedTimeout
[1743165879127799942] 0 : Request cancelled by client due to FailedTimeout
[1743165879192877939] 0 : Request cancelled by client due to FailedTimeout
[1743165879228916946] 0 : Request cancelled by client due to FailedTimeout
[1743165879283243750] 0 : Request cancelled by client due to FailedTimeout
[1743165879334378461] 0 : Request cancelled by client due to FailedTimeout
[1743165879384236253] 0 : Request cancelled by client due to FailedTimeout
[1743165879439798018] 0 : Request cancelled by client due to FailedTimeout
[1743165879488537307] 0 : Request cancelled by client due to FailedTimeout
[1743165879538999934] 0 : Request cancelled by client due to FailedTimeout
[1743165879590864648] 0 : Request cancelled by client due to FailedTimeout
[1743165879643087363] 0 : Request cancelled by client due to FailedTimeout
[1743165879694135366] 0 : Request cancelled by client due to FailedTimeout
[1743165879744243784] 0 : Request cancelled by client due to FailedTimeout
[1743165879796974500] 0 : Request cancelled by client due to FailedTimeout
[1743165879847592335] 0 : Request cancelled by client due to FailedTimeout
[1743165879898658839] 0 : Request cancelled by client due to FailedTimeout
[1743165879950407427] 0 : Request cancelled by client due to FailedTimeout
[1743165880005624733] 0 : Request cancelled by client due to FailedTimeout
[1743165880054583078] 0 : Request cancelled by client due to FailedTimeout
[1743165880105811013] 0 : Request cancelled by client due to FailedTimeout
[1743165880156487780] 0 : Request cancelled by client due to FailedTimeout
[1743165880207981299] 0 : Request cancelled by client due to FailedTimeout
[1743165880258869983] 0 : Request cancelled by client due to FailedTimeout
[1743165880311800298] 0 : Request cancelled by client due to FailedTimeout
[1743165880361993855] 0 : Request cancelled by client due to FailedTimeout
[1743165880413019373] 0 : Request cancelled by client due to FailedTimeout
[1743165880471457620] 0 : Request cancelled by client due to FailedTimeout
[1743165880518172084] 0 : Request cancelled by client due to FailedTimeout
[1743165880567864848] 0 : Request cancelled by client due to FailedTimeout
[1743165880621253956] 0 : Request cancelled by client due to FailedTimeout
[1743165880671825848] 0 : Request cancelled by client due to FailedTimeout
[1743165880723567159] 0 : Request cancelled by client due to FailedTimeout
[1743165880773733550] 0 : Request cancelled by client due to FailedTimeout
[1743165880826709740] 0 : Request cancelled by client due to FailedTimeout
[1743165880877809924] 0 : Request cancelled by client due to FailedTimeout
[1743165880928324274] 0 : Request cancelled by client due to FailedTimeout
[1743165880980044086] 0 : Request cancelled by client due to FailedTimeout
[1743165881031542070] 0 : Request cancelled by client due to FailedTimeout
[1743165881083441397] 0 : Request cancelled by client due to FailedTimeout
[1743165881133495384] 0 : Request cancelled by client due to FailedTimeout
[1743165881186174963] 0 : Request cancelled by client due to FailedTimeout
[1743165881236188242] 0 : Request cancelled by client due to FailedTimeout
[1743165881288123694] 0 : Request cancelled by client due to FailedTimeout
[1743165881339721270] 0 : Request cancelled by client due to FailedTimeout
[1743165881391311095] 0 : Request cancelled by client due to FailedTimeout
[1743165881442337919] 0 : Request cancelled by client due to FailedTimeout
[1743165881500556765] 0 : Request cancelled by client due to FailedTimeout
[1743165881552208383] 0 : Request cancelled by client due to FailedTimeout
[1743165881604168293] 0 : Request cancelled by client due to FailedTimeout
[1743165881660058673] 0 : Request cancelled by client due to FailedTimeout
[1743165881706896067] 0 : Request cancelled by client due to FailedTimeout
[1743165881759056061] 0 : Request cancelled by client due to FailedTimeout
[1743165881810001635] 0 : Request cancelled by client due to FailedTimeout
[1743165881861243335] 0 : Request cancelled by client due to FailedTimeout
[1743165881914270248] 0 : Request cancelled by client due to FailedTimeout
[1743165881964140735] 0 : Request cancelled by client due to FailedTimeout
[1743165882014815978] 0 : Request cancelled by client due to FailedTimeout
[1743165882065825191] 0 : Request cancelled by client due to FailedTimeout
[1743165882116717528] 0 : Request cancelled by client due to FailedTimeout
[1743165882166520362] 0 : Request cancelled by client due to FailedTimeout
[1743165882217420658] 0 : Request cancelled by client due to FailedTimeout
[1743165882268808289] 0 : Request cancelled by client due to FailedTimeout
[1743165882318949874] 0 : Request cancelled by client due to FailedTimeout
[1743165882370766964] 0 : Request cancelled by client due to FailedTimeout
[1743165882421069175] 0 : Request cancelled by client due to FailedTimeout
[1743165882473677226] 0 : Request cancelled by client due to FailedTimeout
[1743165882524029729] 0 : Request cancelled by client due to FailedTimeout
[1743165892249557793] 1
[1743165892249823670] 1
[1743165892249910462] 1
[1743165892249970588] 1
[1743165892253133189] 1
[1743165892253186648] 1
[1743165892253243482] 1
[1743165892259896729] 1
[1743165892259974271] 1
[1743165892271690882] 1
[1743165892274749817] 1
[1743165892275002777] 1
[1743165892307150300] 1
[1743165892307367509] 1
[1743165892307559969] 1
[1743165892307768220] 1
[1743165892307954221] 1
[1743165892334257543] 1
[1743165892334521503] 1
[1743165892422247895] 1
[1743165892422412771] 1
[1743165892422489354] 1
[1743165892422543646] 1
[1743165892422643272] 1
[1743165892422703272] 1
[1743165892422734189] 1
[1743165892475069289] 1
[1743165892475238707] 1
[1743165892475293749] 1
[1743165892475333124] 1
[1743165892475410125] 1
[1743165892475457375] 1
[1743165892475649710] 1
[1743165892475702043] 1
[1743165892475770252] 1
[1743165892500892650] 1
[1743165892501110110] 1
[1743165892501212944] 1
[1743165892501264569] 1
[1743165892501339611] 1
[1743165892503399581] 1
[1743165892504172253] 1
[1743165892504299545] 1
[1743165892504356879] 1
[1743165892504396754] 1
[1743165892514580814] 1
[1743165892514715065] 1
[1743165892514800607] 1
[1743165892514867982] 1
[1743165892514946691] 1
[1743165892515021400] 1
[1743165892525772880] 1
[1743165892525893797] 1
[1743165892526097007] 1
[1743165892550959237] 1
[1743165892551136488] 1
[1743165892554140297] 1
[1743165892568816634] 1
[1743165892569009677] 1
[1743165892569080844] 1
[1743165892574874461] 1
[1743165892577498227] 1
[1743165892580706662] 1
[1743165892580813996] 1
[1743165892584967396] 1
[1743165892686359452] 1
[1743165892686578786] 1
[1743165892686645953] 1
[1743165892686697704] 1
[1743165892686754662] 1
[1743165892686795329] 1
[1743165892696623346] 1
[1743165892696679888] 1
[1743165892696734429] 1
[1743165892717357926] 1
[1743165892717416801] 1
[1743165892717488719] 1
[1743165892734372318] 1
[1743165892734436818] 1
[1743165892734487902] 1
[1743165892741381318] 1
[1743165892760962808] 1
[1743165892761077184] 1
[1743165892761125101] 1
[1743165892768253726] 1
[1743165892778123659] 1
[1743165892778177451] 1
[1743165892778231618] 1
[1743165892778408953] 1
[1743165892778470495] 1
[1743165892778711204] 1
[1743165892793125581] 1
[1743165892793240998] 1
[1743165892810653559] 1
[1743165892810716935] 1
[1743165892810959811] 1
[1743165892825587939] 1
[1743165892835669457] 1
[1743165892835809041] 1
[1743165892837900262] 1
[1743165892841402282] 1
[1743165892841497700] 1
[1743165892841560200] 1
[1743165892845466890] 1
[1743165892934815250] 1
[1743165892934948375] 1
[1743165892935007501] 1
[1743165892935077876] 1
[1743165892935119168] 1
[1743165892935170502] 1
[1743165892953744903] 1
[1743165892953816487] 1
[1743165892953876237] 1
[1743165892953964779] 1
[1743165892969886873] 1
[1743165892969949498] 1
[1743165892984868461] 1
[1743165892987952855] 1
[1743165892987998146] 1
[1743165892995074897] 1
[1743165893012973920] 1
[1743165893013043088] 1
[1743165893013383423] 1
[1743165893013445840] 1
[1743165893013489840] 1
[1743165893023786778] 1
[1743165893023903821] 1
[1743165893023986196] 1
[1743165893024033822] 1
[1743165893024122447] 1
[1743165893024172239] 1
[1743165893034793429] 1
[1743165893034839846] 1
[1743165893047437757] 1
[1743165893047535966] 1
[1743165893047607174] 1
[1743165893058548783] 1
[1743165893078171612] 1
[1743165893081407590] 1
[1743165893081588841] 1
[1743165893081656425] 1
[1743165893084051481] 1
[1743165893091547152] 1
[1743165893207515613] 1
[1743165893210739591] 1
[1743165893210890675] 1
[1743165893210978925] 1
[1743165893211027426] 1
[1743165893211114218] 1
[1743165893211167135] 1
[1743165893225951142] 1
[1743165893225996184] 1
[1743165893226035684] 1
[1743165893226096560] 1
[1743165893226142893] 1
[1743165893226174602] 1
[1743165893226227977] 1
[1743165893226276811] 1
[1743165893244506298] 1
[1743165893244659840] 1
[1743165893244891883] 1
[1743165893244970675] 1
[1743165893245106551] 1
[1743165893245173302] 1
[1743165893248476697] 1
[1743165893249248993] 1
[1743165893287894855] 1
[1743165893315987694] 1
[1743165893440292414] 1
[1743165893440480082] 1
[1743165893440541207] 1
[1743165893440586124] 1
[1743165893441038168] 1
[1743165893441101919] 1
[1743165893441151002] 1
[1743165893441189669] 1
[1743165893441220170] 1
[1743165893444391772] 1
[1743165893444473856] 1
[1743165893445215819] 1
[1743165893449384303] 1
[1743165893480327868] 1
[1743165893505238145] 1
[1743165893505340146] 1
[1743165893505415355] 1
[1743165893505447396] 1
[1743165893505480980] 1
[1743165893505514022] 1
[1743165893505549897] 1
[1743165893505622689] 1
[1743165893509195836] 1
[1743165893509332795] 1
[1743165893509376087] 1
[1743165893509406379] 1
[1743165893509435921] 1
[1743165893509475671] 1
[1743165893509510296] 1
[1743165893509542338] 1
[1743165893509574005] 1
[1743165893509603505] 1
[1743165893509633464] 1
[1743165893509661464] 1
[1743165893543813965] 1
[1743165893573594731] 1
[1743165893678102663] 1
[1743165893678213163] 1
[1743165893678738083] 1
[1743165893678809250] 1
[1743165893684552369] 1
[1743165893684606203] 1
[1743165893684642869] 1
[1743165893685349040] 1
[1743165893688219141] 1
[1743165893688272933] 1
[1743165893703847195] 1
[1743165893735162304] 1
[1743165893800980457] 1
[1743165893829590049] 1
[1743165893950135455] 1
[1743165893950242247] 1
[1743165893952536719] 1
[1743165893952577845] 1
[1743165893952611386] 1
[1743165893952646012] 1
[1743165893952670137] 1
[1743165893952719054] 1
[1743165893952757637] 1
[1743165893952792054] 1
[1743165893954282480] 1
[1743165893962517614] 1
[1743165893993349428] 1
[1743165894057268706] 1
[1743165894087774067] 1
[1743165894194374078] 1
[1743165894194752330] 1
[1743165894194856664] 1
[1743165894194925665] 1
[1743165894207776163] 1
[1743165894207920497] 1
[1743165894207990206] 1
[1743165894208352417] 1
[1743165894208913087] 1
[1743165894208980879] 1
[1743165894209453924] 1
[1743165894484217545] 1
[1743165894487290690] 1
[1743165894493823064] 1
[1743165894493874106] 1
[1743165894493915523] 1
[1743165894493945107] 1
[1743165894494290651] 1
[1743165894494370526] 1
[1743165894497211378] 1
[1743165894497264878] 1
[1743165894510257086] 1
[1743165894510327544] 1
[1743165894510372586] 1
[1743165894510399753] 1
[1743165894510426128] 1
[1743165894510459712] 1
[1743165894510480629] 1
[1743165894510513129] 1
[1743165894510539962] 1
[1743165894510566046] 1
[1743165894510599379] 1
[1743165894510638880] 1
[1743165894510668047] 1
[1743165894510695713] 1
[1743165894511451260] 1
[1743165894511583844] 1
[1743165894511620969] 1
[1743165894511645303] 1
[1743165894511676636] 1
[1743165894511711928] 1
[1743165894720446380] 1
[1743165894723387857] 1
[1743165894723518566] 1
[1743165894729995941] 1
[1743165894730082775] 1
[1743165894730129858] 1
[1743165894730163650] 1
[1743165894730301776] 1
[1743165894731988620] 1
[1743165894732071245] 1
[1743165894981175704] 1
[1743165894981456206] 1
[1743165894984506933] 1
[1743165894990318845] 1
[1743165894990378762] 1
[1743165894990446971] 1
[1743165894990507388] 1
[1743165894993618491] 1
[1743165894993764867] 1
[1743165894993812409] 1
[1743165895238184807] 1
[1743165895238594684] 1
[1743165895238663393] 1
[1743165895238720102] 1
[1743165895238775519] 1
[1743165895242038540] 1
[1743165895242093291] 1
[1743165895242178625] 1
[1743165895245040352] 1
[1743165895494957122] 1
[1743165895495305291] 1
[1743165895495496625] 1
[1743165895504614102] 1
[1743165895504666727] 1
[1743165895504732061] 1
[1743165895504915145] 1
[1743165895505583317] 1
[1743165895508619962] 1
[1743165895508664045] 1
[1743165895512707238] 1
[1743165895512784197] 1
[1743165895512811572] 1
[1743165895512838864] 1
[1743165895512864656] 1
[1743165895512891573] 1
[1743165895513386160] 1
[1743165895513457118] 1
[1743165895513502702] 1
[1743165895513531327] 1
[1743165895513560536] 1
[1743165895513588828] 1
[1743165895513616869] 1
[1743165895513638578] 1
[1743165895513669703] 1
[1743165895513695912] 1
[1743165895513716245] 1
[1743165895513737287] 1
[1743165895513762079] 1
[1743165895513838704] 1
[1743165895750891806] 1
[1743165895751188266] 1
[1743165895754108994] 1
[1743165895760543661] 1
[1743165895760676704] 1
[1743165895760716704] 1
[1743165895760777204] 1
[1743165895761180457] 1
[1743165895764200394] 1
[1743165895764256644] 1
[1743165896010893144] 1
[1743165896011211437] 1
[1743165896011507689] 1
[1743165896011598107] 1
[1743165896011679941] 1
[1743165896011738858] 1
[1743165896011936776] 1
[1743165896017769274] 1
[1743165896017826316] 1
[1743165896018531737] 1
[1743165896244037896] 1
[1743165896244400482] 1
[1743165896244465858] 1
[1743165896244542400] 1
[1743165896244627067] 1
[1743165896247696921] 1
[1743165896247748505] 1
[1743165896247800130] 1
[1743165896247847006] 1
[1743165896248589886] 1
[1743165896507123436] 1
[1743165896507199062] 1
[1743165896512624932] 1
[1743165896512954518] 1
[1743165896516011455] 1
[1743165896516243290] 1
[1743165896516268290] 1
[1743165896516296374] 1
[1743165896516321832] 1
[1743165896516343874] 1
[1743165896516368207] 1
[1743165896516392041] 1
[1743165896516415208] 1
[1743165896516437583] 1
[1743165896516459625] 1
[1743165896516481375] 1
[1743165896516503292] 1
[1743165896516525875] 1
[1743165896516553917] 1
[1743165896516573001] 1
[1743165896517380298] 1
[1743165896517466090] 1
[1743165896517498465] 1
[1743165896517521465] 1
[1743165896517648758] 1
[1743165896753713572] 1
[1743165896754072116] 1
[1743165896759737863] 1
[1743165896762125546] 1
[1743165896762366881] 1
[1743165897013655259] 1
[1743165897022653614] 1
[1743165897022776323] 1
[1743165897022981533] 1
[1743165897023263285] 1
[1743165897276516480] 1
[1743165897276817774] 1
[1743165897286630176] 1
[1743165897287940227] 1
[1743165897288154478] 1
[1743165897522375415] 1
[1743165897522445998] 1
[1743165897522468415] 1
[1743165897522489290] 1
[1743165897522509332] 1
[1743165897522533957] 1
[1743165897522563124] 1
[1743165897522588249] 1
[1743165897522612958] 1
[1743165897523058086] 1
[1743165897523902800] 1
[1743165897523935801] 1
[1743165897523960301] 1
[1743165897523982718] 1
[1743165897524005468] 1
[1743165897526968322] 1
[1743165897527050697] 1
[1743165897527121281] 1
[1743165897527173282] 1
[1743165897534631876] 1
[1743165897535513299] 1
[1743165897535601799] 1
[1743165897539249158] 1
[1743165897539324617] 1
[1743165897540345416] 1
[1743165897804307311] 1
[1743165897804598313] 1
[1743165897810973608] 1
[1743165897811443611] 1
[1743165897811514903] 1
[1743165897811580612] 1
[1743165897812250742] 1
[1743165897812855496] 1
[1743165898056193132] 1
[1743165898056786553] 1
[1743165898068600847] 1
[1743165898068668014] 1
[1743165898068719681] 1
[1743165898068783182] 1
[1743165898069981815] 1
[1743165898070734737] 1
[1743165898070781988] 1
[1743165898070836571] 1
[1743165898326030793] 1
[1743165898326155461] 1
[1743165898326216711] 1
[1743165898326268253] 1
[1743165898326973050] 1
[1743165898327060009] 1
[1743165898327110509] 1
[1743165898327234552] 1
[1743165898327292011] 1
[1743165898327502262] 1
[1743165898327584971] 1
[1743165898546050802] 1
[1743165898546130011] 1
[1743165898546154886] 1
[1743165898546183470] 1
[1743165898546202595] 1
[1743165898546221803] 1
[1743165898547067726] 1
[1743165898547086810] 1
[1743165898547107268] 1
[1743165898547125977] 1
[1743165898547144143] 1
[1743165898547160018] 1
[1743165898547175602] 1
[1743165898547191852] 1
[1743165898547213102] 1
[1743165898583012486] 1
[1743165898583090528] 1
[1743165898583130154] 1
[1743165898583254405] 1
[1743165898583299197] 1
[1743165898583729991] 1
[1743165898583784742] 1
[1743165898583828075] 1
[1743165898583908659] 1
[1743165898585880757] 1
[1743165898586018966] 1
[1743165898586073300] 1
[1743165898586128134] 1
[1743165898586186676] 1
[1743165898586266468] 1
[1743165898827827466] 1
[1743165898828191594] 1
[1743165898828601597] 1
[1743165898828852724] 1
[1743165898829186101] 1
[1743165898829452686] 1
[1743165898829746147] 1
[1743165898829818189] 1
[1743165898829925731] 1
[1743165898829982732] 1
[1743165899078185585] 1
[1743165899078959757] 1
[1743165899090452926] 1
[1743165899090517385] 1
[1743165899090714553] 1
[1743165899090761304] 1
[1743165899091661394] 1
[1743165899092269148] 1
[1743165899092598192] 1
[1743165899092677693] 1
[1743165899338071437] 1
[1743165899338725567] 1
[1743165899347529299] 1
[1743165899347610758] 1
[1743165899347714134] 1
[1743165899348183471] 1
[1743165899348933685] 1
[1743165899349260771] 1
[1743165899349516356] 1
[1743165899349705857] 1
[1743165899555350681] 1
[1743165899555452140] 1
[1743165899555518682] 1
[1743165899556059103] 1
[1743165899556111561] 1
[1743165899556141937] 1
[1743165899556163562] 1
[1743165899556185020] 1
[1743165899556210062] 1
[1743165899556233104] 1
[1743165899556258687] 1
[1743165899556280896] 1
[1743165899556303021] 1
[1743165899556325480] 1
[1743165899556342480] 1
[1743165899556413772] 1
[1743165899595209269] 1
[1743165899595650981] 1
[1743165899595982775] 1
[1743165899596065651] 1
[1743165899596146610] 1
[1743165899596234319] 1
[1743165899602184488] 1
[1743165899602466740] 1
[1743165899602825784] 1
[1743165899603144537] 1
[1743165899603661165] 1
[1743165899603898501] 1
[1743165899606435436] 1
[1743165899606735605] 1
[1743165899844235832] 1
[1743165899844485459] 1
[1743165899844900879] 1
[1743165899845402216] 1
[1743165899845630468] 1
[1743165899846142888] 1
[1743165899846432890] 1
[1743165899846664350] 1
[1743165899846864310] 1
[1743165900107962110] 1
[1743165900111198343] 1
[1743165900120115911] 1
[1743165900120182286] 1
[1743165900120390538] 1
[1743165900120465205] 1
[1743165900122906474] 1
[1743165900123077225] 1
[1743165900123166559] 1
[1743165900123230643] 1
[1743165900359228408] 1
[1743165900359363201] 1
[1743165900362968645] 1
[1743165900369639780] 1
[1743165900369704655] 1
[1743165900369789781] 1
[1743165900369893365] 1
[1743165900373151140] 1
[1743165900373235141] 1
[1743165900374312940] 1
[1743165900556947255] 1
[1743165900557091965] 1
[1743165900557144299] 1
[1743165900557184007] 1
[1743165900557210757] 1
[1743165900557237299] 1
[1743165900557922180] 1
[1743165900557969180] 1
[1743165900557996347] 1
[1743165900558020305] 1
[1743165900558046347] 1
[1743165900558064972] 1
[1743165900558088639] 1
[1743165900558110681] 1
[1743165900558130973] 1
[1743165900558198390] 1
[1743165900593780371] 1
[1743165900594247666] 1
[1743165900603886990] 1
[1743165900603947199] 1
[1743165900604012949] 1
[1743165900604850331] 1
[1743165900605390835] 1
[1743165900605544586] 1
[1743165900857896643] 1
[1743165900860933000] 1
[1743165900861385045] 1
[1743165900861454129] 1
[1743165900861543671] 1
[1743165901111277521] 1
[1743165901111517981] 1
[1743165901111647649] 1
[1743165901114918383] 1
[1743165901115021051] 1
[1743165901371071147] 1
[1743165901371685152] 1
[1743165901372035696] 1
[1743165901375047678] 1
[1743165901375125554] 1
[1743165901559739838] 1
[1743165901560023216] 1
[1743165901560122175] 1
[1743165901560163633] 1
[1743165901560194675] 1
[1743165901560236342] 1
[1743165901560277593] 1
[1743165901561553269] 1
[1743165901561607520] 1
[1743165901561671479] 1
[1743165901561714146] 1
[1743165901561748688] 1
[1743165901561989523] 1
[1743165901562018731] 1
[1743165901562046690] 1
[1743165901562072398] 1
[1743165901630054558] 1
[1743165901630289226] 1
[1743165901631099274] 1
[1743165901631185483] 1
[1743165901631309526] 1
[1743165901631541945] 1
[1743165901631660112] 1
[1743165901631907739] 1
[1743165901632004532] 1
[1743165901885548191] 1
[1743165901885759235] 1
[1743165901885950695] 1
[1743165901886027112] 1
[1743165901886145154] 1
[1743165902130758978] 1
[1743165902131467525] 1
[1743165902131630360] 1
[1743165902131761944] 1
[1743165902131907445] 1
[1743165902564841269] 1
[1743165902565953278] 1
[1743165902566458074] 1
[1743165902566717576] 1
[1743165902566820410] 1
[1743165902567054996] 1
[1743165902567309331] 1
[1743165902567456832] 1
[1743165902567598542] 1
[1743165902567734001] 1
[1743165902567866294] 1
[1743165902607666781] 1
[1743165902608937750] 1
[1743165916625202318] 0 : Request cancelled by client due to FailedTimeout
[1743165916675459892] 0 : Request cancelled by client due to FailedTimeout
[1743165916728338076] 0 : Request cancelled by client due to FailedTimeout
[1743165916778577108] 0 : Request cancelled by client due to FailedTimeout
[1743165916830425906] 0 : Request cancelled by client due to FailedTimeout
[1743165916881291402] 0 : Request cancelled by client due to FailedTimeout
[1743165916931223472] 0 : Request cancelled by client due to FailedTimeout
[1743165916983538984] 0 : Request cancelled by client due to FailedTimeout
[1743165917034629446] 0 : Request cancelled by client due to FailedTimeout
[1743165917085829037] 0 : Request cancelled by client due to FailedTimeout
[1743165917136517248] 0 : Request cancelled by client due to FailedTimeout
[1743165917188470098] 0 : Request cancelled by client due to FailedTimeout
[1743165917239410186] 0 : Request cancelled by client due to FailedTimeout
[1743165917291051866] 0 : Request cancelled by client due to FailedTimeout
[1743165917342178707] 0 : Request cancelled by client due to FailedTimeout
[1743165917393074670] 0 : Request cancelled by client due to FailedTimeout
[1743165917454905875] 0 : Request cancelled by client due to FailedTimeout
[1743165917507037727] 0 : Request cancelled by client due to FailedTimeout
[1743165917557734980] 0 : Request cancelled by client due to FailedTimeout
[1743165917609535619] 0 : Request cancelled by client due to FailedTimeout
[1743165917660102787] 0 : Request cancelled by client due to FailedTimeout
[1743165917711499131] 0 : Request cancelled by client due to FailedTimeout
[1743165917762626846] 0 : Request cancelled by client due to FailedTimeout
[1743165917814029190] 0 : Request cancelled by client due to FailedTimeout
[1743165917864772485] 0 : Request cancelled by client due to FailedTimeout
[1743165917916538541] 0 : Request cancelled by client due to FailedTimeout
[1743165917966612995] 0 : Request cancelled by client due to FailedTimeout
[1743165918017996591] 0 : Request cancelled by client due to FailedTimeout
[1743165918069107939] 0 : Request cancelled by client due to FailedTimeout
[1743165918120987713] 0 : Request cancelled by client due to FailedTimeout
[1743165918171825725] 0 : Request cancelled by client due to FailedTimeout
[1743165918227546249] 0 : Request cancelled by client due to FailedTimeout
[1743165918274544011] 0 : Request cancelled by client due to FailedTimeout
[1743165918326365492] 0 : Request cancelled by client due to FailedTimeout
[1743165918377098295] 0 : Request cancelled by client due to FailedTimeout
[1743165918428848192] 0 : Request cancelled by client due to FailedTimeout
[1743165918479640953] 0 : Request cancelled by client due to FailedTimeout
[1743165918532260568] 0 : Request cancelled by client due to FailedTimeout
[1743165918582739785] 0 : Request cancelled by client due to FailedTimeout
[1743165918634519599] 0 : Request cancelled by client due to FailedTimeout
[1743165918684740146] 0 : Request cancelled by client due to FailedTimeout
[1743165918736327083] 0 : Request cancelled by client due to FailedTimeout
[1743165918787272638] 0 : Request cancelled by client due to FailedTimeout
[1743165918839280163] 0 : Request cancelled by client due to FailedTimeout
[1743165918889792963] 0 : Request cancelled by client due to FailedTimeout
[1743165918940605434] 0 : Request cancelled by client due to FailedTimeout
[1743165918993426426] 0 : Request cancelled by client due to FailedTimeout
[1743165919043322934] 0 : Request cancelled by client due to FailedTimeout
[1743165919095758638] 0 : Request cancelled by client due to FailedTimeout
[1743165919148704515] 0 : Request cancelled by client due to FailedTimeout
[1743165919198921445] 0 : Request cancelled by client due to FailedTimeout
[1743165919250050468] 0 : Request cancelled by client due to FailedTimeout
[1743165919301477661] 0 : Request cancelled by client due to FailedTimeout
[1743165919353174816] 0 : Request cancelled by client due to FailedTimeout
[1743165919405192099] 0 : Request cancelled by client due to FailedTimeout
[1743165919455791450] 0 : Request cancelled by client due to FailedTimeout
[1743165919506261216] 0 : Request cancelled by client due to FailedTimeout
[1743165919557854994] 0 : Request cancelled by client due to FailedTimeout
[1743165919609097685] 0 : Request cancelled by client due to FailedTimeout
[1743165919659585701] 0 : Request cancelled by client due to FailedTimeout
[1743165919710068009] 0 : Request cancelled by client due to FailedTimeout
[1743165919761250450] 0 : Request cancelled by client due to FailedTimeout
[1743165919812835520] 0 : Request cancelled by client due to FailedTimeout
[1743165919865204765] 0 : Request cancelled by client due to FailedTimeout
[1743165919914845938] 0 : Request cancelled by client due to FailedTimeout
[1743165919966823888] 0 : Request cancelled by client due to FailedTimeout
[1743165920017021236] 0 : Request cancelled by client due to FailedTimeout
[1743165920069638576] 0 : Request cancelled by client due to FailedTimeout
[1743165920121144944] 0 : Request cancelled by client due to FailedTimeout
[1743165920173997786] 0 : Request cancelled by client due to FailedTimeout
[1743165920224590936] 0 : Request cancelled by client due to FailedTimeout
[1743165920276779021] 0 : Request cancelled by client due to FailedTimeout
[1743165920328603226] 0 : Request cancelled by client due to FailedTimeout
[1743165920378739746] 0 : Request cancelled by client due to FailedTimeout
[1743165920431198292] 0 : Request cancelled by client due to FailedTimeout
[1743165920482300781] 0 : Request cancelled by client due to FailedTimeout
[1743165920534202446] 0 : Request cancelled by client due to FailedTimeout
[1743165920585234101] 0 : Request cancelled by client due to FailedTimeout
[1743165920635161993] 0 : Request cancelled by client due to FailedTimeout
[1743165920687392078] 0 : Request cancelled by client due to FailedTimeout
[1743165920738460525] 0 : Request cancelled by client due to FailedTimeout
[1743165920821194577] 0 : Request cancelled by client due to FailedTimeout
[1743165920841206301] 0 : Request cancelled by client due to FailedTimeout
[1743165920893937850] 0 : Request cancelled by client due to FailedTimeout
[1743165920945131424] 0 : Request cancelled by client due to FailedTimeout
[1743165920996934462] 0 : Request cancelled by client due to FailedTimeout
[1743165921051085742] 0 : Request cancelled by client due to FailedTimeout
[1743165921100735306] 0 : Request cancelled by client due to FailedTimeout
[1743165921155983808] 0 : Request cancelled by client due to FailedTimeout
[1743165921207764479] 0 : Request cancelled by client due to FailedTimeout
[1743165921259567609] 0 : Request cancelled by client due to FailedTimeout
[1743165921309544384] 0 : Request cancelled by client due to FailedTimeout
[1743165921361372222] 0 : Request cancelled by client due to FailedTimeout
[1743165921412123048] 0 : Request cancelled by client due to FailedTimeout
[1743165921464544268] 0 : Request cancelled by client due to FailedTimeout
[1743165921514623420] 0 : Request cancelled by client due to FailedTimeout
[1743165921565730167] 0 : Request cancelled by client due to FailedTimeout
[1743165921615906153] 0 : Request cancelled by client due to FailedTimeout
[1743165921666962524] 0 : Request cancelled by client due to FailedTimeout
[1743165921718469401] 0 : Request cancelled by client due to FailedTimeout
[1743165921775928511] 0 : Request cancelled by client due to FailedTimeout
[1743165921830496547] 0 : Request cancelled by client due to FailedTimeout
[1743165921874246127] 0 : Request cancelled by client due to FailedTimeout
[1743165921925518126] 0 : Request cancelled by client due to FailedTimeout
[1743165921978173098] 0 : Request cancelled by client due to FailedTimeout
[1743165922028968345] 0 : Request cancelled by client due to FailedTimeout
[1743165922078812376] 0 : Request cancelled by client due to FailedTimeout
[1743165922130915476] 0 : Request cancelled by client due to FailedTimeout
[1743165922181875645] 0 : Request cancelled by client due to FailedTimeout
[1743165922237691412] 0 : Request cancelled by client due to FailedTimeout
[1743165922282922057] 0 : Request cancelled by client due to FailedTimeout
[1743165922347082669] 0 : Request cancelled by client due to FailedTimeout
[1743165922407214652] 0 : Request cancelled by client due to FailedTimeout
[1743165922433074908] 1
[1743165922433168159] 1
[1743165922436476280] 1
[1743165922436568282] 1
[1743165922436642491] 1
[1743165922439548357] 1
[1743165922439599108] 1
[1743165922439636525] 1
[1743165922439676651] 1
[1743165922439734318] 1
[1743165922439837902] 1
[1743165922439942570] 1
[1743165922439977737] 1
[1743165922440027071] 1
[1743165922441292336] 0 : Request cancelled by client due to FailedTimeout
[1743165922459067040] 1
[1743165922459118374] 1
[1743165922474880805] 1
[1743165922475084058] 1
[1743165922475122058] 1
[1743165922498224907] 1
[1743165922498433410] 1
[1743165922498489035] 1
[1743165922498543619] 1
[1743165922498594078] 1
[1743165922499182960] 0 : Request cancelled by client due to FailedTimeout
[1743165922513435040] 1
[1743165922513582459] 1
[1743165922513652543] 1
[1743165922514276633] 1
[1743165922514364218] 1
[1743165922514404218] 1
[1743165922514484802] 1
[1743165922543578179] 0 : Request cancelled by client due to FailedTimeout
[1743165922545806954] 1
[1743165922545857538] 1
[1743165922548709988] 1
[1743165922548766197] 1
[1743165922548861364] 1
[1743165922548956657] 1
[1743165922549672290] 1
[1743165922552708450] 1
[1743165922600024786] 0 : Request cancelled by client due to FailedTimeout
[1743165922632550118] 1
[1743165922632741870] 1
[1743165922632820788] 1
[1743165922632900122] 1
[1743165922633046624] 1
[1743165922636598331] 1
[1743165922645175930] 1
[1743165922645241181] 1
[1743165922645278723] 1
[1743165922645353265] 1
[1743165922654592872] 0 : Request cancelled by client due to FailedTimeout
[1743165922667970942] 1
[1743165922680067456] 1
[1743165922680189499] 1
[1743165922680260292] 1
[1743165922680337793] 1
[1743165922680385752] 1
[1743165922680420544] 1
[1743165922695891430] 0 : Request cancelled by client due to FailedTimeout
[1743165922708683369] 1
[1743165922711016854] 1
[1743165922711090146] 1
[1743165922711130522] 1
[1743165922714452310] 1
[1743165922714497727] 1
[1743165922714564728] 1
[1743165922714602062] 1
[1743165922727074913] 1
[1743165922735858348] 1
[1743165922736283519] 1
[1743165922736493313] 1
[1743165922737085403] 1
[1743165922737143946] 1
[1743165922737173946] 1
[1743165922744354112] 0 : Request cancelled by client due to FailedTimeout
[1743165922789455464] 1
[1743165922789567840] 1
[1743165922789615132] 1
[1743165922789678258] 1
[1743165922801902899] 1
[1743165922802076692] 1
[1743165922805486440] 1
[1743165922805592441] 1
[1743165922841779399] 1
[1743165922841856650] 1
[1743165922841892650] 1
[1743165922841919067] 1
[1743165922841947442] 1
[1743165922841967818] 1
[1743165922841989943] 1
[1743165922842643659] 1
[1743165922844072050] 1
[1743165922844103592] 1
[1743165922844127718] 1
[1743165922904069365] 1
[1743165922904260409] 1
[1743165922904395952] 1
[1743165922904520495] 1
[1743165922904583913] 1
[1743165922904616205] 1
[1743165922904658955] 1
[1743165922953718478] 1
[1743165922953858521] 1
[1743165922953936022] 1
[1743165922953995897] 1
[1743165922954096690] 1
[1743165922954149524] 1
[1743165922954233900] 1
[1743165922954479445] 1
[1743165922954621321] 1
[1743165922954703697] 1
[1743165922958123070] 1
[1743165922958191487] 1
[1743165922971180137] 1
[1743165922971241721] 1
[1743165922997217519] 1
[1743165922997374146] 1
[1743165922997485064] 1
[1743165922997552190] 1
[1743165923000679934] 1
[1743165923000743477] 1
[1743165923003894221] 1
[1743165923003978180] 1
[1743165923004029639] 1
[1743165923004074890] 1
[1743165923004133432] 1
[1743165923004238475] 1
[1743165923036911189] 1
[1743165923037070357] 1
[1743165923037114108] 1
[1743165923037236526] 1
[1743165923040183060] 1
[1743165923046449591] 1
[1743165923046642802] 1
[1743165923150595387] 1
[1743165923150720514] 1
[1743165923150777889] 1
[1743165923154041386] 1
[1743165923154092095] 1
[1743165923154162762] 1
[1743165923154203763] 1
[1743165923193687556] 1
[1743165923193875975] 1
[1743165923193942100] 1
[1743165923193996601] 1
[1743165923194031643] 1
[1743165923194114519] 1
[1743165923194165436] 1
[1743165923194202645] 1
[1743165923194424523] 1
[1743165923194498523] 1
[1743165923222008885] 1
[1743165923224904211] 1
[1743165923224999254] 1
[1743165923225164214] 1
[1743165923245324240] 1
[1743165923245483117] 1
[1743165923245512909] 1
[1743165923245568701] 1
[1743165923245638702] 1
[1743165923245701245] 1
[1743165923251183683] 1
[1743165923251334268] 1
[1743165923251526396] 1
[1743165923251612813] 1
[1743165923251775357] 1
[1743165923255215814] 1
[1743165923283561894] 1
[1743165923286561054] 1
[1743165923289867425] 1
[1743165923291872074] 1
[1743165923292049993] 1
[1743165923292179036] 1
[1743165923302528406] 1
[1743165923374999375] 1
[1743165923375108376] 1
[1743165923377989993] 1
[1743165923378049535] 1
[1743165923378112703] 1
[1743165923384415151] 1
[1743165923384493985] 1
[1743165923387363977] 1
[1743165923388250946] 1
[1743165923388921412] 1
[1743165923389003788] 1
[1743165923389228541] 1
[1743165923435288327] 1
[1743165923499110487] 1
[1743165923525256958] 1
[1743165923635396323] 1
[1743165923635635659] 1
[1743165923635845704] 1
[1743165923636134415] 1
[1743165923644548513] 1
[1743165923644617764] 1
[1743165923644670181] 1
[1743165923644753182] 1
[1743165923649492446] 1
[1743165923649740365] 1
[1743165923650003952] 1
[1743165923658342090] 1
[1743165923689849249] 1
[1743165923751533134] 1
[1743165923779930214] 1
[1743165923860559111] 1
[1743165923860650613] 1
[1743165923860701571] 1
[1743165923860829073] 1
[1743165923860906157] 1
[1743165923860950866] 1
[1743165923860976325] 1
[1743165923861019867] 1
[1743165923861056409] 1
[1743165923861081701] 1
[1743165923861102993] 1
[1743165923861139660] 1
[1743165923861197452] 1
[1743165923861214786] 1
[1743165923861287703] 1
[1743165923861340287] 1
[1743165923861359662] 1
[1743165923861378829] 1
[1743165923893113199] 1
[1743165923893319118] 1
[1743165923893492620] 1
[1743165923893600580] 1
[1743165923894061085] 1
[1743165923903087107] 1
[1743165923903164566] 1
[1743165923903209816] 1
[1743165923903314109] 1
[1743165923907791370] 1
[1743165923907995539] 1
[1743165923908067665] 1
[1743165923908122207] 1
[1743165923917747402] 1
[1743165923943059780] 1
[1743165924013039763] 1
[1743165924035618029] 1
[1743165924160006120] 1
[1743165924160141122] 1
[1743165924160219081] 1
[1743165924164731801] 1
[1743165924164976554] 1
[1743165924165053429] 1
[1743165924165128055] 1
[1743165924165230432] 1
[1743165924165341683] 1
[1743165924165422642] 1
[1743165924165508643] 1
[1743165924175130007] 1
[1743165924202113366] 1
[1743165924263220961] 1
[1743165924295812595] 1
[1743165924399685611] 1
[1743165924399795154] 1
[1743165924399947031] 1
[1743165924408701968] 1
[1743165924408782344] 1
[1743165924408818219] 1
[1743165924411566335] 1
[1743165924411839880] 1
[1743165924411918422] 1
[1743165924412288843] 1
[1743165924686057100] 1
[1743165924686269685] 1
[1743165924698071393] 1
[1743165924698135561] 1
[1743165924698182895] 1
[1743165924698256937] 1
[1743165924698863819] 1
[1743165924699484158] 1
[1743165924700378501] 1
[1743165924700461252] 1
[1743165924862520425] 1
[1743165924862636759] 1
[1743165924862711260] 1
[1743165924862797428] 1
[1743165924862850137] 1
[1743165924862882304] 1
[1743165924862904929] 1
[1743165924862940554] 1
[1743165924862977388] 1
[1743165924863012680] 1
[1743165924863045639] 1
[1743165924863089306] 1
[1743165924863125515] 1
[1743165924863156640] 1
[1743165924863199224] 1
[1743165924863232682] 1
[1743165924938005015] 1
[1743165924938081391] 1
[1743165924938162142] 1
[1743165924938243309] 1
[1743165924938309227] 1
[1743165924938515770] 1
[1743165924950150768] 1
[1743165924950259186] 1
[1743165924950309937] 1
[1743165924950389271] 1
[1743165924950431896] 1
[1743165924952205499] 1
[1743165924952477210] 1
[1743165924952638378] 1
[1743165925188425916] 1
[1743165925188844582] 1
[1743165925200423237] 1
[1743165925200501404] 1
[1743165925200599570] 1
[1743165925200654112] 1
[1743165925201450736] 1
[1743165925201980444] 1
[1743165925202236985] 1
[1743165925202345818] 1
[1743165925453895269] 1
[1743165925454249227] 1
[1743165925454470477] 1
[1743165925454934768] 1
[1743165925458046181] 1
[1743165925458189098] 1
[1743165925458252556] 1
[1743165925458359098] 1
[1743165925458454431] 1
[1743165925458663264] 1
[1743165925703761554] 1
[1743165925704207512] 1
[1743165925710150673] 1
[1743165925710220089] 1
[1743165925710250464] 1
[1743165925710275839] 1
[1743165925710869005] 1
[1743165925711027464] 1
[1743165925711115880] 1
[1743165925864823931] 1
[1743165925865034722] 1
[1743165925865125556] 1
[1743165925865251514] 1
[1743165925865291222] 1
[1743165925865345805] 1
[1743165925865372555] 1
[1743165925865401472] 1
[1743165925865436097] 1
[1743165925865467847] 1
[1743165925865501972] 1
[1743165925865536180] 1
[1743165925865568305] 1
[1743165925865594847] 1
[1743165925865613555] 1
[1743165925865650055] 1
[1743165925943292850] 1
[1743165925943449100] 1
[1743165925955010672] 1
[1743165925955086588] 1
[1743165925955215755] 1
[1743165925955858046] 1
[1743165925955926546] 1
[1743165925955951337] 1
[1743165925955985379] 1
[1743165925956019004] 1
[1743165925956684378] 1
[1743165925956850378] 1
[1743165925956967336] 1
[1743165926214809765] 1
[1743165926218039804] 1
[1743165926226875756] 1
[1743165926226963131] 1
[1743165926227001173] 1
[1743165926227034214] 1
[1743165926229431629] 1
[1743165926229524879] 1
[1743165926229600004] 1
[1743165926229680296] 1
[1743165926467473254] 1
[1743165926467588545] 1
[1743165926467861670] 1
[1743165926468037211] 1
[1743165926469575377] 1
[1743165926472534667] 1
[1743165926472636250] 1
[1743165926472862750] 1
[1743165926473664583] 1
[1743165926713623955] 1
[1743165926713825247] 1
[1743165926716970661] 1
[1743165926717327619] 1
[1743165926717712328] 1
[1743165926868136597] 1
[1743165926868340972] 1
[1743165926868441347] 1
[1743165926868573305] 1
[1743165926868634096] 1
[1743165926868661305] 1
[1743165926868690430] 1
[1743165926868720846] 1
[1743165926868748221] 1
[1743165926868774888] 1
[1743165926868799888] 1
[1743165926868825888] 1
[1743165926868859055] 1
[1743165926868887013] 1
[1743165926868913138] 1
[1743165926868938263] 1
[1743165926868953388] 1
[1743165926901750365] 1
[1743165926901923573] 1
[1743165926902082781] 1
[1743165926941124795] 1
[1743165926944690418] 1
[1743165926944759085] 1
[1743165926944861168] 1
[1743165926945347959] 1
[1743165927232189746] 1
[1743165927232356746] 1
[1743165927239028243] 1
[1743165927239097493] 1
[1743165927242994742] 1
[1743165927465802156] 1
[1743165927466179447] 1
[1743165927466373822] 1
[1743165927469233988] 1
[1743165927469497279] 1
[1743165927738911383] 1
[1743165927739188633] 1
[1743165927739767341] 1
[1743165927743157257] 1
[1743165927745985297] 1
[1743165927871531999] 1
[1743165927871750290] 1
[1743165927871819957] 1
[1743165927871894415] 1
[1743165927871973624] 1
[1743165927872009832] 1
[1743165927872042790] 1
[1743165927872070957] 1
[1743165927872109290] 1
[1743165927872130040] 1
[1743165927872150124] 1
[1743165927872165832] 1
[1743165927872182124] 1
[1743165927872196332] 1
[1743165927872212582] 1
[1743165927872237124] 1
[1743165927872256624] 1
[1743165927872290999] 1
[1743165927892423991] 1
[1743165927893198907] 1
[1743165927959557256] 1
[1743165927959924340] 1
[1743165927963409297] 1
[1743165927963494713] 1
[1743165927963564338] 1
[1743165928247732429] 1
[1743165928248214304] 1
[1743165928248346387] 1
[1743165928252038054] 1
[1743165928254870262] 1
[1743165928499197077] 1
[1743165928499561160] 1
[1743165928499644077] 1
[1743165928508014910] 1
[1743165928508466493] 1
[1743165928758910932] 1
[1743165928759251682] 1
[1743165928765627099] 1
[1743165928769837265] 1
[1743165928770184973] 1
[1743165928874144924] 1
[1743165928874686590] 1
[1743165928874778632] 1
[1743165928874799674] 1
[1743165928874821424] 1
[1743165928874893590] 1
[1743165928874919590] 1
[1743165928874942924] 1
[1743165928874989174] 1
[1743165928875027674] 1
[1743165928875067215] 1
[1743165928875105299] 1
[1743165928875146049] 1
[1743165928875188924] 1
[1743165928875227882] 1
[1743165928875267632] 1
[1743165928875310174] 1
[1743165928875336674] 1
[1743165928894429756] 1
[1743165928895896881] 1
[1743165928994914290] 1
[1743165928995529581] 1
[1743165928995845998] 1
[1743165928998966873] 1
[1743165929000128873] 1
[1743165929272082434] 1
[1743165929272294018] 1
[1743165929272384809] 1
[1743165929287899938] 1
[1743165929533827203] 1
[1743165929534162370] 1
[1743165929534407120] 1
[1743165929544420789] 1
[1743165929544908289] 1
[1743165929781634511] 1
[1743165929781804053] 1
[1743165929787467721] 1
[1743165929791369347] 1
[1743165929791603930] 1
[1743165929876772450] 1
[1743165929876889366] 1
[1743165929876992075] 1
[1743165929877048700] 1
[1743165929877087658] 1
[1743165929877099575] 1
[1743165929877108450] 1
[1743165929877123491] 1
[1743165929877134783] 1
[1743165929877152408] 1
[1743165929877177533] 1
[1743165929877192450] 1
[1743165929877206325] 1
[1743165929877260533] 1
[1743165929877313033] 1
[1743165929877341742] 1
[1743165929877363075] 1
[1743165929877379450] 1
[1743165929893683787] 1
[1743165929894183329] 1
[1743165930026479866] 1
[1743165930029206284] 1
[1743165930029477201] 1
[1743165930029546534] 1
[1743165930029599784] 1
[1743165930299127011] 1
[1743165930299497470] 1
[1743165930302533263] 1
[1743165930302781013] 1
[1743165930302866680] 1
[1743165930878646321] 1
[1743165930878945280] 1
[1743165930879006738] 1
[1743165930879054280] 1
[1743165930879109905] 1
[1743165930879137530] 1
[1743165930879155030] 1
[1743165930879314321] 1
[1743165930969442911] 1
[1743165930969610495] 1
[1743165930969821661] 1
[1743165930969969537] 1
[1743165930973097622] 1
[1743165930973151413] 1
[1743165930973244080] 1
[1743165930973294455] 1
[1743165930973382913] 1
[1743165930973534622] 1
[1743165930973599247] 1
[1743165931881412367] 1
[1743165931881952701] 1
[1743165932021477197] 1
[1743165932021629656] 1
[1743165932021738739] 1
[1743165932021823239] 1
[1743165932022030656] 1
[1743165932022162698] 1
[1743165932022223198] 1
[1743165932022284823] 1
[1743165932034588795] 1
[1743165932034659670] 1
[1743165932034719295] 1
[1743165932034775545] 1
[1743165932034822962] 1
[1743165932034861295] 1
[1743165932035494254] 1
[1743165932035583921] 1
[1743165932038677216] 1
[1743165932038843342] 1
[1743165932884024625] 1
[1743165932884795085] 1
[1743165932886774503] 1
[1743165933012081313] 1
[1743165933012229980] 1
[1743165933012352938] 1
[1743165933012521189] 1
[1743165933012697022] 1
[1743165933012789272] 1
[1743165933012850814] 1
[1743165933012901439] 1
[1743165933027629168] 1
[1743165933027708710] 1
[1743165933027777752] 1
[1743165933027835710] 1
[1743165933027874794] 1
[1743165933028514545] 1
[1743165933029291254] 1
[1743165933029389421] 1
[1743165933029468713] 1
[1743165933889798720] 1
[1743165933890542762] 1
[1743165934006052301] 1
[1743165934006428718] 1
[1743165934006536052] 1
[1743165934006635885] 1
[1743165934006716052] 1
[1743165934006781594] 1
[1743165934006845385] 1
[1743165934006893261] 1
[1743165934021320077] 1
[1743165934021400410] 1
[1743165934021444994] 1
[1743165934021493660] 1
[1743165934021526869] 1
[1743165934021563494] 1
[1743165934024028123] 1
[1743165934024108498] 1
[1743165934024162623] 1
[1743165934895458768] 1
[1743165934896105936] 1
[1743165934896313603] 1
[1743165935001877240] 1
[1743165935002005032] 1
[1743165935002113782] 1
[1743165935002185324] 1
[1743165935005641788] 1
[1743165935005744830] 1
[1743165935005835205] 1
[1743165935017628145] 1
[1743165935017693645] 1
[1743165935017728937] 1
[1743165935017790687] 1
[1743165935017935188] 1
[1743165935018401147] 1
[1743165935021219861] 1
[1743165935021279986] 1
[1743165935021359694] 1
[1743165935021382694] 1
[1743165935898242677] 1
[1743165935899238762] 1
[1743165936027559022] 1
[1743165936027790897] 1
[1743165936030801612] 1
[1743165936031014613] 1
[1743165936031123280] 1
[1743165936031192196] 1
[1743165936031266488] 1
[1743165936031302905] 1
[1743165936039732341] 1
[1743165936039779632] 1
[1743165936039845799] 1
[1743165936039917216] 1
[1743165936039966758] 1
[1743165936040010341] 1
[1743165936040531176] 1
[1743165936043592641] 1
[1743165936043646183] 1
[1743165936902108407] 1
[1743165936902761033] 1
[1743165936903061367] 1
[1743165936903302034] 1
[1743165936903472493] 1
[1743165936903869702] 1
[1743165937011021237] 1
[1743165937011127278] 1
[1743165937011237320] 1
[1743165937011342446] 1
[1743165937011404113] 1
[1743165937011439779] 1
[1743165937023271392] 1
[1743165937023347059] 1
[1743165937023541476] 1
[1743165937023614852] 1
[1743165937023973103] 1
[1743165937027278528] 1
[1743165937027365819] 1
[1743165937027436278] 1
[1743165937906795162] 1
[1743165937908359624] 1
[1743165938051362663] 1
[1743165938051489455] 1
[1743165938051595456] 1
[1743165938051671289] 1
[1743165938051714956] 1
[1743165938051784165] 1
[1743165938051883206] 1
[1743165938051951332] 1
[1743165938073244349] 1
[1743165938073334600] 1
[1743165938073456600] 1
[1743165938073535809] 1
[1743165938073674976] 1
[1743165938073759642] 1
[1743165938073819559] 1
[1743165938073879309] 1
[1743165938076677734] 1
[1743165938076840193] 1
[1743165938077212069] 1
[1743165938077974154] 1
[1743165938078040488] 1
[1743165938205755135] 1
[1743165938206122761] 1
[1743165938213251365] 1
[1743165938214162326] 1
[1743165938214522535] 1
[1743165938912331188] 1
[1743165938912997440] 1
[1743165938913070774] 1
[1743165938913118649] 1
[1743165938913170066] 1
[1743165938913266191] 1
[1743165939032112196] 1
[1743165939032250905] 1
[1743165939032382947] 1
[1743165939032505280] 1
[1743165939032549364] 1
[1743165939035636873] 1
[1743165939035677123] 1
[1743165939035716040] 1
[1743165939035766124] 1
[1743165939035807291] 1
[1743165939035850332] 1
[1743165939035949958] 1
[1743165939035985374] 1
[1743165939036010833] 1
[1743165939915905933] 1
[1743165939916654560] 1
[1743165940049742228] 1
[1743165940049917686] 1
[1743165940050021312] 1
[1743165940050115520] 1
[1743165940050173062] 1
[1743165940050261188] 1
[1743165940050350480] 1
[1743165940050400813] 1
[1743165940062210019] 1
[1743165940062329103] 1
[1743165940062464936] 1
[1743165940062665062] 1
[1743165940062702604] 1
[1743165940062739271] 1
[1743165940062826271] 1
[1743165940063497690] 1
[1743165940064527026] 1
[1743165940920161440] 1
[1743165940920957609] 1
[1743165940921195902] 1
[1743165941055830985] 1
[1743165941058807996] 1
[1743165941058922163] 1
[1743165941059002746] 1
[1743165941059046371] 1
[1743165941059088038] 1
[1743165941059152997] 1
[1743165941059191830] 1
[1743165941064807267] 1
[1743165941065185477] 1
[1743165941065232435] 1
[1743165941065276935] 1
[1743165941065389644] 1
[1743165941065458436] 1
[1743165941065507353] 1
[1743165941066034396] 1
[1743165941069230741] 1
[1743165941923087866] 1
[1743165941924030702] 1
[1743165941924301328] 1
[1743165942047066484] 1
[1743165942047140151] 1
[1743165942047219902] 1
[1743165942047265319] 1
[1743165942047302860] 1
[1743165942047329610] 1
[1743165942047385777] 1
[1743165942047441153] 1
[1743165942061854999] 1
[1743165942061895958] 1
[1743165942061959250] 1
[1743165942061994291] 1
[1743165942062031875] 1
[1743165942062056708] 1
[1743165942063432964] 1
[1743165942063861174] 1
[1743165942063970174] 1
[1743165942926423378] 1
[1743165942927241298] 1
[1743165943059147022] 1
[1743165943059249148] 1
[1743165943059282898] 1
[1743165943059312231] 1
[1743165943059391398] 1
[1743165943059462065] 1
[1743165943059522566] 1
[1743165943059734067] 1
[1743165943088108432] 1
[1743165943088274932] 1
[1743165943088330599] 1
[1743165943088419683] 1
[1743165943088463183] 1
[1743165943088582434] 1
[1743165943095446336] 1
[1743165943096174339] 1
[1743165943096343048] 1
[1743165943929173928] 1
[1743165943929618763] 1
[1743165943929686847] 1
[1743165943929743222] 1
[1743165943929830723] 1
[1743165943929987890] 1
[1743165943930185557] 1
[1743165943930299016] 1
[1743165943930439850] 1
[1743165944035926577] 1
[1743165944036047911] 1
[1743165944036187912] 1
[1743165944037554251] 1
[1743165944040469930] 1
[1743165944040525889] 1
[1743165944040566722] 1
[1743165944040638431] 1
[1743165944040692681] 1
[1743165944040803432] 1
[1743165944041439601] 1
[1743165944933219436] 1
[1743165944934177315] 1
[1743165945066846275] 1
[1743165945067004401] 1
[1743165945067096318] 1
[1743165945067278152] 1
[1743165945067362486] 1
[1743165945067463153] 1
[1743165945067527904] 1
[1743165945067565904] 1
[1743165945067645571] 1
[1743165945079096081] 1
[1743165945079153373] 1
[1743165945079180706] 1
[1743165945079205790] 1
[1743165945079244832] 1
[1743165945079280040] 1
[1743165945081625968] 1
[1743165945081734426] 1
[1743165945081851719] 1
[1743165945936593765] 1
[1743165945937517519] 1
[1743165945937862771] 1
[1743165946066902121] 1
[1743165946067095372] 1
[1743165946067186622] 1
[1743165946067279373] 1
[1743165946067323873] 1
[1743165946067365248] 1
[1743165946067417040] 1
[1743165946067469082] 1
[1743165946079175055] 1
[1743165946079218930] 1
[1743165946079389847] 1
[1743165946079458306] 1
[1743165946079589182] 1
[1743165946079635515] 1
[1743165946080088142] 1
[1743165946080899271] 1
[1743165946940125206] 1
[1743165946940575083] 1
[1743165946940940169] 1
[1743165946941185836] 1
[1743165946941225962] 1
[1743165946941255295] 1
[1743165946941382087] 1
[1743165947046992934] 1
[1743165947047218436] 1
[1743165947047309978] 1
[1743165947058881411] 1
[1743165947058947078] 1
[1743165947059167995] 1
[1743165947059238662] 1
[1743165947059463414] 1
[1743165947059498747] 1
[1743165947059524706] 1
[1743165947059570997] 1
[1743165947061856842] 1
[1743165947061998843] 1
[1743165947943907632] 1
[1743165947944647594] 1
[1743165947944923470] 1
[1743165948075462223] 1
[1743165948075820933] 1
[1743165948076832855] 1
[1743165948076937772] 1
[1743165948077024815] 1
[1743165948077115357] 1
[1743165948077205149] 1
[1743165948077264441] 1
[1743165948088884918] 1
[1743165948088971585] 1
[1743165948089039711] 1
[1743165948089101003] 1
[1743165948089169461] 1
[1743165948089590297] 1
[1743165948092136727] 1
[1743165948092244853] 1
[1743165948092304395] 1
[1743165948946477531] 1
[1743165948947096576] 1
[1743165948947670287] 1
[1743165949077031647] 1
[1743165949077210856] 1
[1743165949077264148] 1
[1743165949077449524] 1
[1743165949077494566] 1
[1743165949077584233] 1
[1743165949077663650] 1
[1743165949078012402] 1
[1743165949089619424] 1
[1743165949089674049] 1
[1743165949089724091] 1
[1743165949089809466] 1
[1743165949089935925] 1
[1743165949090024468] 1
[1743165949090113510] 1
[1743165949091424725] 1
[1743165949091607310] 1
[1743165949950492163] 1
[1743165949951081916] 1
[1743165950083330113] 1
[1743165950083496573] 1
[1743165950083602823] 1
[1743165950087204052] 1
[1743165950087254927] 1
[1743165950087386803] 1
[1743165950087669055] 1
[1743165950087715930] 1
[1743165950096351145] 1
[1743165950096417688] 1
[1743165950096477480] 1
[1743165950096515646] 1
[1743165950096628647] 1
[1743165950096877065] 1
[1743165950097384568] 1
[1743165950100788546] 1
[1743165950100922963] 1
[1743165950954115057] 1
[1743165950954711352] 1
[1743165950954792644] 1
[1743165951085162776] 1
[1743165951085363153] 1
[1743165951085471195] 1
[1743165951085537195] 1
[1743165951085586196] 1
[1743165951085943948] 1
[1743165951086033490] 1
[1743165951086335992] 1
[1743165951098631481] 1
[1743165951098685398] 1
[1743165951098730565] 1
[1743165951098802399] 1
[1743165951098929316] 1
[1743165951098978233] 1
[1743165951099014941] 1
[1743165951101788416] 1
[1743165951101837708] 1
[1743165951957614669] 1
[1743165951958217089] 1
[1743165951958562216] 1
[1743165952095075790] 1
[1743165952095224333] 1
[1743165952095353875] 1
[1743165952095406417] 1
[1743165952095449501] 1
[1743165952095495834] 1
[1743165952098457436] 1
[1743165952098506894] 1
[1743165952098535728] 1
[1743165952098591270] 1
[1743165952098839563] 1
[1743165952098917397] 1
[1743165952098959314] 1
[1743165952099065648] 1
[1743165952099301649] 1
[1743165952099347816] 1
[1743165952099907319] 1
[1743165952961961585] 1
[1743165952962732548] 1
[1743165953091942064] 1
[1743165953092258024] 1
[1743165953092343149] 1
[1743165953092391900] 1
[1743165953092527484] 1
[1743165953092613485] 1
[1743165953095441086] 1
[1743165953095490169] 1
[1743165953104793895] 1
[1743165953104862145] 1
[1743165953104932979] 1
[1743165953104984313] 1
[1743165953105166731] 1
[1743165953105236148] 1
[1743165953105774026] 1
[1743165953108713170] 1
[1743165953108754628] 1
[1743165953966060795] 1
[1743165953966749216] 1
[1743165953967035384] 1
[1743165954086201612] 1
[1743165954086320780] 1
[1743165954086401697] 1
[1743165954086437197] 1
[1743165954086467197] 1
[1743165954086496073] 1
[1743165954086731616] 1
[1743165954087254453] 1
[1743165954098724902] 1
[1743165954098783903] 1
[1743165954098837070] 1
[1743165954098879528] 1
[1743165954098986862] 1
[1743165954099062488] 1
[1743165954101461962] 1
[1743165954101584504] 1
[1743165954101659672] 1
[1743165954969379209] 1
[1743165954969920670] 1
[1743165954970156422] 1
[1743165955087220869] 1
[1743165955087329370] 1
[1743165955087368537] 1
[1743165955087534580] 1
[1743165955087626497] 1
[1743165955087686539] 1
[1743165955087716081] 1
[1743165955087972583] 1
[1743165955099717453] 1
[1743165955099761454] 1
[1743165955099822954] 1
[1743165955099849371] 1
[1743165955100082372] 1
[1743165955100180790] 1
[1743165955100239665] 1
[1743165955101206213] 1
[1743165955101394256] 1
[1743165955973122330] 1
[1743165955973762793] 1
[1743165956102168593] 1
[1743165956102615971] 1
[1743165956102688514] 1
[1743165956102727972] 1
[1743165956102796806] 1
[1743165956102868890] 1
[1743165956105868161] 1
[1743165956105919578] 1
[1743165956114766139] 1
[1743165956114817264] 1
[1743165956114863181] 1
[1743165956114899681] 1
[1743165956114983432] 1
[1743165956115028266] 1
[1743165956115666812] 1
[1743165956118700541] 1
[1743165956118907293] 1
[1743165956976022982] 1
[1743165956976183108] 1
[1743165956976226067] 1
[1743165956976265442] 1
[1743165956976314317] 1
[1743165957079948884] 1
[1743165957080089426] 1
[1743165957080146385] 1
[1743165957080421095] 1
[1743165957080471221] 1
[1743165957080610388] 1
[1743165957080998308] 1
[1743165957081082433] 1
[1743165957086652598] 1
[1743165957086696473] 1
[1743165957086754849] 1
[1743165957086861266] 1
[1743165957086899892] 1
[1743165957086956142] 1
[1743165957087791773] 1
[1743165957978843957] 1
[1743165957979731797] 1
[1743165958112076427] 1
[1743165958112280429] 1
[1743165958113382895] 1
[1743165958113441187] 1
[1743165958113481771] 1
[1743165958113513021] 1
[1743165958113654272] 1
[1743165958113705481] 1
[1743165958113735106] 1
[1743165958125049231] 1
[1743165958125400191] 1
[1743165958125451608] 1
[1743165958125490400] 1
[1743165958125538734] 1
[1743165958125646777] 1
[1743165958125698402] 1
[1743165958128065378] 1
[1743165958128182503] 1
[1743165958982266423] 1
[1743165958983032429] 1
[1743165958983094471] 1
[1743165959062843733] 1
[1743165959063064276] 1
[1743165959063204777] 1
[1743165959063302153] 1
[1743165959063454071] 1
[1743165959064078450] 1
[1743165959064186743] 1
[1743165959078279474] 1
[1743165959078335932] 1
[1743165959078384433] 1
[1743165959078455058] 1
[1743165959078589309] 1
[1743165959079078980] 1
[1743165959079686943] 1
[1743165959079769110] 1
[1743165959080050529] 1
[1743165959985661791] 1
[1743165959986191545] 1
[1743165960172933937] 1
[1743165960173330523] 1
[1743165960173385399] 1
[1743165960173454691] 1
[1743165960173696193] 1
[1743165960173748610] 1
[1743165960173796277] 1
[1743165960173823402] 1
[1743165960178265645] 1
[1743165960178334270] 1
[1743165960178369729] 1
[1743165960178451438] 1
[1743165960178508938] 1
[1743165960178636522] 1
[1743165960179012775] 1
[1743165960179043359] 1
[1743165960179106276] 1
[1743165960179391903] 1
[1743165960987909672] 1
[1743165960988001256] 1
[1743165960988013839] 1
[1743165960988024256] 1
[1743165961059091146] 1
[1743165961059306856] 1
[1743165961059388274] 1
[1743165961059562858] 1
[1743165961059669109] 1
[1743165961074874313] 1
[1743165961074928230] 1
[1743165961074975063] 1
[1743165961075021564] 1
[1743165961075519193] 1
[1743165961075571276] 1
[1743165961075628652] 1
[1743165961076107031] 1
[1743165961076280699] 1
[1743165961076374658] 1
[1743165961076687494] 1
[1743165961991178164] 1
[1743165962120624289] 1
[1743165962123506771] 1
[1743165962123547980] 1
[1743165962123584522] 1
[1743165962123630439] 1
[1743165962123737565] 1
[1743165962123804357] 1
[1743165962123844524] 1
[1743165962135520493] 1
[1743165962135563868] 1
[1743165962135601744] 1
[1743165962135765287] 1
[1743165962135836912] 1
[1743165962135877788] 1
[1743165962136407917] 1
[1743165962139677527] 1
[1743165962139797861] 1
[1743165962139913737] 1
[1743165962994295089] 1
[1743165962994377340] 1
[1743165962994390590] 1
[1743165963073569450] 1
[1743165963073727368] 1
[1743165963073995703] 1
[1743165963074077870] 1
[1743165963074257247] 1
[1743165963074354789] 1
[1743165963074448957] 1
[1743165963074523416] 1
[1743165963085974635] 1
[1743165963086048094] 1
[1743165963086136970] 1
[1743165963086246429] 1
[1743165963086296221] 1
[1743165963088490364] 1
[1743165963088639074] 1
[1743165963088786033] 1
[1743165963088940660] 1
[1743165963996906941] 1
[1743165963998242702] 1
[1743165964168954472] 1
[1743165964169080973] 1
[1743165964169142307] 1
[1743165964169183599] 1
[1743165964169211849] 1
[1743165964169234891] 1
[1743165964169262558] 1
[1743165964169391601] 1
[1743165964169458810] 1
[1743165964169510352] 1
[1743165964169566394] 1
[1743165964169625478] 1
[1743165964169671978] 1
[1743165964169720770] 1
[1743165964169754229] 1
[1743165964169791146] 1
[1743165964169815771] 1
[1743165965008176377] 1
[1743165965008269086] 1
[1743165965008318003] 1
[1743165965008357795] 1
[1743165965112340356] 1
[1743165965112499691] 1
[1743165965112585608] 1
[1743165965112680359] 1
[1743165965112745110] 1
[1743165965112890486] 1
[1743165965113389532] 1
[1743165965113453616] 1
[1743165965113495908] 1
[1743165965113539033] 1
[1743165965113574200] 1
[1743165965113611117] 1
[1743165965113639284] 1
[1743165965113733535] 1
[1743165965113808702] 1
[1743165965114085204] 1
[1743165966010042910] 1
[1743165966010437789] 1
[1743165966159293219] 1
[1743165966159398595] 1
[1743165966159554680] 1
[1743165966159882100] 1
[1743165966160116227] 1
[1743165966160179477] 1
[1743165966160269686] 1
[1743165966160382896] 1
[1743165966160510397] 1
[1743165966160569231] 1
[1743165966160617981] 1
[1743165966160757732] 1
[1743165966160803899] 1
[1743165966160848025] 1
[1743165966160984984] 1
[1743165966161039901] 1
[1743165966161165652] 1
[1743165966161206278] 1
[1743165967012927166] 1
[1743165967013009959] 1
[1743165967013099876] 1
[1743165967163627430] 1
[1743165967163814932] 1
[1743165967163979808] 1
[1743165967164063393] 1
[1743165967164130393] 1
[1743165967164176977] 1
[1743165967164239519] 1
[1743165967164276686] 1
[1743165967164317228] 1
[1743165967164396312] 1
[1743165967164433354] 1
[1743165967164475146] 1
[1743165967164539730] 1
[1743165967164592814] 1
[1743165967164651106] 1
[1743165967164691898] 1
[1743165968014207953] 1
[1743165968015366588] 1
[1743165968015538006] 1
[1743165968164221694] 1
[1743165968164354403] 1
[1743165968164458529] 1
[1743165968164943159] 1
[1743165968165016284] 1
[1743165968165047201] 1
[1743165968165084910] 1
[1743165968165130077] 1
[1743165968165183577] 1
[1743165968165242786] 1
[1743165968165347579] 1
[1743165968165405621] 1
[1743165968165650790] 1
[1743165968165690040] 1
[1743165968165727291] 1
[1743165968165764833] 1
[1743165968165788416] 1
[1743165969017354214] 1
[1743165969017530383] 1
[1743165969017604300] 1
[1743165969209343161] 1
[1743165969209458703] 1
[1743165969209631038] 1
[1743165969209731581] 1
[1743165969210884467] 1
[1743165969213876036] 1
[1743165969214139622] 1
[1743165969214298332] 1
[1743165969219195752] 1
[1743165969219359379] 1
[1743165969219466171] 1
[1743165969219568547] 1
[1743165969219668631] 1
[1743165969219736215] 1
[1743165969219787591] 1
[1743165969219821174] 1
[1743165970019404464] 1
[1743165970019861843] 1
[1743165970020112262] 1
[1743165970020673684] 1
[1743165970183148175] 1
[1743165970183767847] 1
[1743165970187091212] 1
[1743165970187145212] 1
[1743165970187281672] 1
[1743165970187337506] 1
[1743165970187396673] 1
[1743165970187453590] 1
[1743165970187786593] 1
[1743165970187932970] 1
[1743165970187991095] 1
[1743165970188050429] 1
[1743165970188130388] 1
[1743165970188177389] 1
[1743165970188334932] 1
[1743165970188467808] 1
[1743165971023369977] 1
[1743165971023886940] 1
[1743165971023969691] 1
[1743165971219625942] 1
[1743165971219766235] 1
[1743165971223957525] 1
[1743165971224117902] 1
[1743165971224169694] 1
[1743165971224269278] 1
[1743165971224333237] 1
[1743165971224387321] 1
[1743165971224533531] 1
[1743165971224972618] 1
[1743165971225089911] 1
[1743165971229083908] 1
[1743165971229467953] 1
[1743165971229603163] 1
[1743165971229722747] 1
[1743165971229790581] 1
[1743165972026340764] 1
[1743165972026798602] 1
[1743165972026841978] 1
[1743165972026877478] 1
[1743165972026920103] 1
[1743165972141008715] 1
[1743165972141148966] 1
[1743165972141240259] 1
[1743165972141326801] 1
[1743165972141585054] 1
[1743165972141643721] 1
[1743165972141676888] 1
[1743165972141706805] 1
[1743165972142067017] 1
[1743165972142145518] 1
[1743165972142179726] 1
[1743165972142245727] 1
[1743165972142336936] 1
[1743165972142392687] 1
[1743165972142919234] 1
[1743165973028592660] 1
[1743165973029178666] 1
[1743165973157419977] 1
[1743165973157608687] 1
[1743165973157734855] 1
[1743165973157939940] 1
[1743165973158063108] 1
[1743165973158245526] 1
[1743165973158293319] 1
[1743165973158327777] 1
[1743165973173621887] 1
[1743165973173682138] 1
[1743165973173743055] 1
[1743165973173787347] 1
[1743165973173830347] 1
[1743165973173977766] 1
[1743165973174406103] 1
[1743165973175122319] 1
[1743165973175308820] 1
[1743165973175432905] 1
[1743165974031360089] 1
[1743165974031538883] 1
[1743165974031598925] 1
[1743165974130603670] 1
[1743165974130792839] 1
[1743165974130840339] 1
[1743165974130964965] 1
[1743165974131032133] 1
[1743165974131088592] 1
[1743165974131153676] 1
[1743165974146098617] 1
[1743165974146189868] 1
[1743165974146280703] 1
[1743165974146344453] 1
[1743165974146395870] 1
[1743165974146866333] 1
[1743165974148142346] 1
[1743165974148324098] 1
[1743165974148529934] 1
[1743165975034122171] 1
[1743165975035908273] 1
[1743165975137745311] 1
[1743165975137993397] 1
[1743165975138055439] 1
[1743165975138124398] 1
[1743165975140878093] 1
[1743165975140915177] 1
[1743165975140943052] 1
[1743165975141053720] 1
[1743165975153545681] 1
[1743165975153612890] 1
[1743165975153654807] 1
[1743165975153755266] 1
[1743165975153803225] 1
[1743165975154297022] 1
[1743165975157191218] 1
[1743165975157254343] 1
[1743165975157392595] 1
[1743165975157621139] 1
[1743165976038241333] 1
[1743165976038807880] 1
[1743165976169151812] 1
[1743165976169270605] 1
[1743165976169399856] 1
[1743165976169526816] 1
[1743165976169602317] 1
[1743165976169654150] 1
[1743165976176097509] 1
[1743165976176169968] 1
[1743165976176212843] 1
[1743165976176378470] 1
[1743165976176441971] 1
[1743165976176533305] 1
[1743165976176600472] 1
[1743165976176706182] 1
[1743165976176814808] 1
[1743165976176901684] 1
[1743165976177408814] 1
[1743165977040986044] 1
[1743165977041353548] 1
[1743165977041462508] 1
[1743165977157982813] 1
[1743165977158101856] 1
[1743165977158145273] 1
[1743165977158176732] 1
[1743165977158347442] 1
[1743165977158403818] 1
[1743165977161176347] 1
[1743165977161207889] 1
[1743165977161238431] 1
[1743165977161478683] 1
[1743165977161561976] 1
[1743165977161655727] 1
[1743165977161792145] 1
[1743165977161949813] 1
[1743165977162023731] 1
[1743165977162070564] 1
[1743165977162217983] 1
[1743165978043489107] 1
[1743165978044074279] 1
[1743165978187373469] 1
[1743165978187525929] 1
[1743165978187604389] 1
[1743165978187658347] 1
[1743165978187912225] 1
[1743165978187952976] 1
[1743165978190787172] 1
[1743165978190826506] 1
[1743165978190886090] 1
[1743165978190937507] 1
[1743165978191109384] 1
[1743165978191172926] 1
[1743165978191211802] 1
[1743165978191297886] 1
[1743165978191362845] 1
[1743165978191764808] 1
[1743165978191819975] 1
[1743165978191856059] 1
[1743165979047630037] 1
[1743165979048360087] 1
[1743165979048752883] 1
[1743165979165811685] 1
[1743165979165912395] 1
[1743165979166028604] 1
[1743165979166110897] 1
[1743165979166142605] 1
[1743165979166194106] 1
[1743165979178002233] 1
[1743165979178060150] 1
[1743165979178140776] 1
[1743165979178247111] 1
[1743165979178331945] 1
[1743165979178424654] 1
[1743165979178476488] 1
[1743165979184360343] 1
[1743165979184708014] 1
[1743165979185015475] 1
[1743165980051791234] 1
[1743165980052045070] 1
[1743165980052118904] 1
[1743165980154570688] 1
[1743165980154757982] 1
[1743165980154850316] 1
[1743165980154902234] 1
[1743165980154950151] 1
[1743165980155014485] 1
[1743165980155091569] 1
[1743165980169254140] 1
[1743165980169408184] 1
[1743165980169450809] 1
[1743165980169485518] 1
[1743165980169553102] 1
[1743165980170149525] 1
[1743165980173196017] 1
[1743165980173272517] 1
[1743165980173426519] 1
[1743165980173493520] 1
[1743165981054482136] 1
[1743165981054938100] 1
[1743165981198426184] 1
[1743165981198560186] 1
[1743165981198881356] 1
[1743165981198950607] 1
[1743165981199006316] 1
[1743165981199042691] 1
[1743165981199078775] 1
[1743165981201967307] 1
[1743165981202026349] 1
[1743165981202065391] 1
[1743165981202161309] 1
[1743165981202217101] 1
[1743165981202278310] 1
[1743165981202369519] 1
[1743165981202554230] 1
[1743165981202593813] 1
[1743165981203158528] 1
[1743165982057778056] 1
[1743165982058453689] 1
[1743165982058658149] 1
[1743165982174717863] 1
[1743165982174840448] 1
[1743165982174889990] 1
[1743165982174952532] 1
[1743165982174990866] 1
[1743165982175047825] 1
[1743165982175098326] 1
[1743165982190335538] 1
[1743165982190398622] 1
[1743165982190455456] 1
[1743165982190553790] 1
[1743165982190594207] 1
[1743165982190648125] 1
[1743165982193429531] 1
[1743165982193629866] 1
[1743165982193692450] 1
[1743165982193743201] 1
[1743165983060381227] 1
[1743165983060937150] 1
[1743165983061493282] 1
[1743165983177342800] 1
[1743165983177540385] 1
[1743165983177679387] 1
[1743165983177757721] 1
[1743165983177823014] 1
[1743165983177924056] 1
[1743165983177982265] 1
[1743165983178051725] 1
[1743165983193495108] 1
[1743165983193568025] 1
[1743165983193606692] 1
[1743165983193644609] 1
[1743165983193685401] 1
[1743165983194364867] 1
[1743165983194967958] 1
[1743165983195234669] 1
[1743165983195321628] 1
[1743165984064246127] 1
[1743165984065058178] 1
[1743165984185470472] 1
[1743165984185708850] 1
[1743165984188482090] 1
[1743165984188564258] 1
[1743165984188942345] 1
[1743165984188998513] 1
[1743165984189034180] 1
[1743165984200134348] 1
[1743165984200182807] 1
[1743165984200226933] 1
[1743165984200267933] 1
[1743165984200301892] 1
[1743165984200329725] 1
[1743165984201249486] 1
[1743165984204214478] 1
[1743165984204279187] 1
[1743165984204334105] 1
[1743165985067383588] 1
[1743165985068198380] 1
[1743165985068489713] 1
[1743165985193458901] 1
[1743165985193597817] 1
[1743165985194809192] 1
[1743165985194868151] 1
[1743165985194896109] 1
[1743165985194954359] 1
[1743165985195021650] 1
[1743165985195288525] 1
[1743165985207252815] 1
[1743165985207296690] 1
[1743165985207333857] 1
[1743165985207365940] 1
[1743165985207390815] 1
[1743165985207417523] 1
[1743165985209938315] 1
[1743165985210038731] 1
[1743165985210113023] 1
[1743165986071091359] 1
[1743165986071508526] 1
[1743165986071721359] 1
[1743165986189764833] 1
[1743165986190194083] 1
[1743165986190280708] 1
[1743165986190352416] 1
[1743165986190390583] 1
[1743165986190422333] 1
[1743165986190465083] 1
[1743165986190489749] 1
[1743165986204661710] 1
[1743165986204711335] 1
[1743165986204789835] 1
[1743165986204849793] 1
[1743165986204900793] 1
[1743165986205387585] 1
[1743165986206088626] 1
[1743165986206213751] 1
[1743165986206289501] 1
[1743165987073984923] 1
[1743165987074622673] 1
[1743165987238150241] 1
[1743165987238272658] 1
[1743165987238331616] 1
[1743165987238383824] 1
[1743165987238424741] 1
[1743165987238485866] 1
[1743165987238540033] 1
[1743165987238581574] 1
[1743165987238753533] 1
[1743165987239119241] 1
[1743165987239619783] 1
[1743165987239726075] 1
[1743165987239930742] 1
[1743165987239992992] 1
[1743165987240077575] 1
[1743165987240122200] 1
[1743165987240155033] 1
[1743165988078101317] 1
[1743165988078936151] 1
[1743165988079045610] 1
[1743165988247553977] 1
[1743165988247809852] 1
[1743165988247888561] 1
[1743165988247947644] 1
[1743165988248023686] 1
[1743165988248102436] 1
[1743165988248194686] 1
[1743165988248261894] 1
[1743165988248389311] 1
[1743165988248680311] 1
[1743165988248747603] 1
[1743165988252099814] 1
[1743165988252263022] 1
[1743165988252333147] 1
[1743165988252382605] 1
[1743165988252598897] 1
[1743165988252724064] 1
[1743165989082192996] 1
[1743165989082947705] 1
[1743165989083108580] 1
[1743165989251497452] 1
[1743165989251652786] 1
[1743165989251821286] 1
[1743165989251993703] 1
[1743165989252071953] 1
[1743165989252117244] 1
[1743165989252236578] 1
[1743165989252363953] 1
[1743165989252416203] 1
[1743165989252469661] 1
[1743165989252526245] 1
[1743165989252562287] 1
[1743165989252643162] 1
[1743165989252714328] 1
[1743165989252834495] 1
[1743165989252883453] 1
[1743165990085143161] 1
[1743165990085512661] 1
[1743165990085677661] 1
[1743165990085870870] 1
[1743165990251629368] 1
[1743165990251933660] 1
[1743165990252125161] 1
[1743165990252196911] 1
[1743165990252263036] 1
[1743165990252362244] 1
[1743165990252411619] 1
[1743165990252458619] 1
[1743165990252736578] 1
[1743165990252862286] 1
[1743165990252955578] 1
[1743165990253033995] 1
[1743165990253166537] 1
[1743165990253288787] 1
[1743165990253364787] 1
[1743165990253412204] 1
[1743165991087956059] 1
[1743165991088680560] 1
[1743165991088902977] 1
[1743165991256322022] 1
[1743165991256547356] 1
[1743165991256629398] 1
[1743165991256725773] 1
[1743165991256862648] 1
[1743165991256942732] 1
[1743165991257184274] 1
[1743165991257257274] 1
[1743165991257446232] 1
[1743165991257548274] 1
[1743165991257590441] 1
[1743165991257643441] 1
[1743165991257700899] 1
[1743165991257781483] 1
[1743165991257985233] 1
[1743165991258154733] 1
[1743165992091709021] 1
[1743165992092099605] 1
[1743165992092126355] 1
[1743165992092153980] 1
[1743165992212938195] 1
[1743165992213090820] 1
[1743165992213206195] 1
[1743165992213320404] 1
[1743165992213402987] 1
[1743165992213643613] 1
[1743165992213707446] 1
[1743165992228095680] 1
[1743165992228166014] 1
[1743165992228211389] 1
[1743165992228552681] 1
[1743165992228621639] 1
[1743165992229189807] 1
[1743165992229863308] 1
[1743165992230061100] 1
[1743165992230213976] 1
[1743165993094102871] 1
[1743165993094400955] 1
[1743165993261626755] 1
[1743165993266727515] 1
[1743165993266869349] 1
[1743165993266939099] 1
[1743165993266991099] 1
[1743165993267176808] 1
[1743165993267267850] 1
[1743165993267446559] 1
[1743165993267534892] 1
[1743165993267644476] 1
[1743165993267710184] 1
[1743165993267775726] 1
[1743165993267846476] 1
[1743165993267945268] 1
[1743165993268041268] 1
[1743165993268142185] 1
[1743165993268331310] 1
[1743165994097385361] 1
[1743165994098067196] 1
[1743165994098168738] 1
[1743165994098249738] 1
[1743165994260493778] 1
[1743165994260665278] 1
[1743165994260722237] 1
[1743165994260769320] 1
[1743165994260817820] 1
[1743165994260871737] 1
[1743165994261021279] 1
[1743165994261063404] 1
[1743165994261112029] 1
[1743165994261157446] 1
[1743165994261245113] 1
[1743165994261324780] 1
[1743165994261804822] 1
[1743165994261896739] 1
[1743165994261962948] 1
[1743165994262068990] 1
[1743165995100950026] 1
[1743165995101567278] 1
[1743165995101634153] 1
[1743165995267755368] 1
[1743165995267976161] 1
[1743165995268081369] 1
[1743165995268405037] 1
[1743165995268458328] 1
[1743165995268526912] 1
[1743165995268577787] 1
[1743165995268649454] 1
[1743165995268735829] 1
[1743165995268837288] 1
[1743165995268888830] 1
[1743165995269185872] 1
[1743165995269277414] 1
[1743165995269328997] 1
[1743165995269361289] 1
[1743165995269755957] 1
[1743165996104326487] 1
[1743165996104882988] 1
[1743165996104975447] 1
[1743165996105010488] 1
[1743165996278365349] 1
[1743165996278502391] 1
[1743165996278647766] 1
[1743165996278746725] 1
[1743165996278811225] 1
[1743165996278888934] 1
[1743165996278975976] 1
[1743165996279040601] 1
[1743165996279097226] 1
[1743165996279155101] 1
[1743165996279473060] 1
[1743165996279533186] 1
[1743165996279581394] 1
[1743165996280869856] 1
[1743165996280923190] 1
[1743165996280979565] 1
[1743165997107051445] 1
[1743165997107298488] 1
[1743165997107339405] 1
[1743165997276212461] 1
[1743165997276554670] 1
[1743165997276634337] 1
[1743165997276746712] 1
[1743165997276799504] 1
[1743165997277133172] 1
[1743165997277250755] 1
[1743165997277435964] 1
[1743165997277494215] 1
[1743165997277613007] 1
[1743165997277782465] 1
[1743165997277851841] 1
[1743165997277897799] 1
[1743165997277965924] 1
[1743165997278057133] 1
[1743165997278165508] 1
[1743165997278210425] 1
[1743165998109731483] 1
[1743165998110065192] 1
[1743165998110138776] 1
[1743165998275168152] 1
[1743165998275300110] 1
[1743165998275513403] 1
[1743165998275592278] 1
[1743165998275689320] 1
[1743165998275774279] 1
[1743165998275876529] 1
[1743165998276015029] 1
[1743165998276094113] 1
[1743165998276167446] 1
[1743165998276389031] 1
[1743165998276462531] 1
[1743165998276580865] 1
[1743165998276618990] 1
[1743165998277027241] 1
[1743165998277071283] 1
[1743165999112441096] 1
[1743165999113095431] 1
[1743165999113216932] 1
[1743165999278743473] 1
[1743165999278906557] 1
[1743165999278972016] 1
[1743165999279930686] 1
[1743165999283097280] 1
[1743165999283227781] 1
[1743165999283386115] 1
[1743165999283605240] 1
[1743165999283670991] 1
[1743165999284231034] 1
[1743165999284368868] 1
[1743165999284423702] 1
[1743165999284471577] 1
[1743165999284516410] 1
[1743165999284561744] 1
[1743165999284623786] 1
[1743165999284663953] 1
[1743166000116312159] 1
[1743166000116700619] 1
[1743166000116748036] 1
[1743166000277557932] 1
[1743166000278220309] 1
[1743166000278378018] 1
[1743166000278476769] 1
[1743166000278528977] 1
[1743166000278623019] 1
[1743166000278795103] 1
[1743166000278851770] 1
[1743166000278890020] 1
[1743166000278943395] 1
[1743166000279071521] 1
[1743166000279108729] 1
[1743166000279412731] 1
[1743166000279680773] 1
[1743166000279888982] 1
[1743166000280087941] 1
[1743166001120418251] 1
[1743166001120883294] 1
[1743166001120929211] 1
[1743166001120973211] 1
[1743166001317613370] 1
[1743166001317988663] 1
[1743166001318078914] 1
[1743166001318139122] 1
[1743166001318283040] 1
[1743166001318384498] 1
[1743166001318450374] 1
[1743166001318510707] 1
[1743166001318574041] 1
[1743166001318625791] 1
[1743166001318654916] 1
[1743166001318756375] 1
[1743166001318791083] 1
[1743166001318855167] 1
[1743166001321932096] 1
[1743166001322622099] 1
[1743166002123398986] 1
[1743166002123877738] 1
[1743166002123940030] 1
[1743166002123977280] 1
[1743166002243018240] 1
[1743166002243184324] 1
[1743166002243400283] 1
[1743166002243753285] 1
[1743166002243911827] 1
[1743166002243986952] 1
[1743166002244059869] 1
[1743166002258351429] 1
[1743166002258412055] 1
[1743166002258461097] 1
[1743166002258507888] 1
[1743166002258535597] 1
[1743166002259228058] 1
[1743166002259927644] 1
[1743166002260037853] 1
[1743166002260084270] 1
[1743166003126476615] 1
[1743166003127108159] 1
[1743166003302086394] 1
[1743166003302259353] 1
[1743166003302319978] 1
[1743166003302392145] 1
[1743166003302474604] 1
[1743166003302497521] 1
[1743166003302642688] 1
[1743166003302680397] 1
[1743166003302735230] 1
[1743166003302783356] 1
[1743166003302835397] 1
[1743166003302883189] 1
[1743166003302930939] 1
[1743166003302977440] 1
[1743166003303020232] 1
[1743166003303065607] 1
[1743166003303111357] 1
[1743166004129725927] 1
[1743166004130272179] 1
[1743166004130334680] 1
[1743166004130470055] 1
[1743166004247146515] 1
[1743166004247319391] 1
[1743166004247421392] 1
[1743166004247533475] 1
[1743166004247613684] 1
[1743166004247711018] 1
[1743166004247814352] 1
[1743166004261976168] 1
[1743166004262022835] 1
[1743166004262084627] 1
[1743166004262120835] 1
[1743166004262173419] 1
[1743166004264576888] 1
[1743166004265121474] 1
[1743166004265191058] 1
[1743166004265333725] 1
[1743166005132709833] 1
[1743166005133244669] 1
[1743166005133671921] 1
[1743166005257116106] 1
[1743166005257277815] 1
[1743166005257387899] 1
[1743166005257433274] 1
[1743166005257495108] 1
[1743166005257542691] 1
[1743166005257619317] 1
[1743166005257664942] 1
[1743166005269500583] 1
[1743166005269579166] 1
[1743166005269620208] 1
[1743166005269659500] 1
[1743166005269698084] 1
[1743166005269889376] 1
[1743166005270327670] 1
[1743166005270961507] 1
[1743166005271243716] 1
[1743166006136846253] 1
[1743166006137715841] 1
[1743166006252388758] 1
[1743166006252492050] 1
[1743166006252694717] 1
[1743166006252854385] 1
[1743166006252921510] 1
[1743166006252953094] 1
[1743166006252997761] 1
[1743166006253061636] 1
[1743166006267433751] 1
[1743166006267491084] 1
[1743166006267539501] 1
[1743166006267597668] 1
[1743166006267658460] 1
[1743166006270004889] 1
[1743166006270409433] 1
[1743166006270469641] 1
[1743166006270512475] 1
[1743166007139838590] 1
[1743166007140344843] 1
[1743166007140619969] 1
[1743166007296622420] 1
[1743166007296749379] 1
[1743166007297681675] 1
[1743166007297746093] 1
[1743166007297793343] 1
[1743166007297831051] 1
[1743166007297873343] 1
[1743166007301434154] 1
[1743166007301514071] 1
[1743166007301601571] 1
[1743166007301643946] 1
[1743166007301698447] 1
[1743166007301805156] 1
[1743166007301827989] 1
[1743166007301888823] 1
[1743166007302064324] 1
[1743166007302113032] 1
[1743166008142836595] 1
[1743166008143435098] 1
[1743166008143840934] 1
[1743166008309177510] 1
[1743166008309431094] 1
[1743166008309482970] 1
[1743166008309646721] 1
[1743166008309732054] 1
[1743166008309804472] 1
[1743166008310134307] 1
[1743166008310223307] 1
[1743166008310311099] 1
[1743166008310411475] 1
[1743166008310580184] 1
[1743166008310685810] 1
[1743166008310809727] 1
[1743166008310923978] 1
[1743166008310983061] 1
[1743166008311058895] 1
[1743166009146915730] 1
[1743166009147451358] 1
[1743166009147594192] 1
[1743166009317566786] 1
[1743166009317809871] 1
[1743166009317922622] 1
[1743166009318218248] 1
[1743166009318298166] 1
[1743166009318345791] 1
[1743166009318563625] 1
[1743166009318723501] 1
[1743166009318864752] 1
[1743166009318967794] 1
[1743166009319032336] 1
[1743166009319234171] 1
[1743166009319291296] 1
[1743166009319375797] 1
[1743166009319469881] 1
[1743166009319531006] 1
[1743166009319589840] 1
[1743166010150339314] 1
[1743166010155684429] 1
[1743166010155798388] 1
[1743166010316112251] 1
[1743166010316284127] 1
[1743166010316422045] 1
[1743166010316610379] 1
[1743166010316701880] 1
[1743166010316886423] 1
[1743166010316973506] 1
[1743166010317025673] 1
[1743166010317063674] 1
[1743166010317087715] 1
[1743166010317344717] 1
[1743166010317431509] 1
[1743166010317467343] 1
[1743166010317599968] 1
[1743166010317651969] 1
[1743166010317780303] 1
[1743166011157814499] 1
[1743166011158444920] 1
[1743166011160421432] 1
[1743166011160480182] 1
[1743166011316741052] 1
[1743166011316894636] 1
[1743166011316943761] 1
[1743166011317044054] 1
[1743166011317085929] 1
[1743166011317108262] 1
[1743166011317149929] 1
[1743166011317205596] 1
[1743166011317249180] 1
[1743166011317273888] 1
[1743166011317518640] 1
[1743166011317584807] 1
[1743166011317639557] 1
[1743166011317961934] 1
[1743166011318023893] 1
[1743166011318071727] 1
[1743166012162878118] 1
[1743166012163781957] 1
[1743166012164037000] 1
[1743166012332364976] 1
[1743166012332580978] 1
[1743166012332651770] 1
[1743166012332744562] 1
[1743166012332804062] 1
[1743166012333127189] 1
[1743166012333209732] 1
[1743166012333353107] 1
[1743166012333492900] 1
[1743166012333609651] 1
[1743166012334060279] 1
[1743166012334128446] 1
[1743166012334180238] 1
[1743166012334243363] 1
[1743166012334303322] 1
[1743166012334427489] 1
[1743166013165940836] 1
[1743166013166638590] 1
[1743166013166732632] 1
[1743166013166779049] 1
[1743166013290149683] 1
[1743166013293087410] 1
[1743166013293130119] 1
[1743166013293180952] 1
[1743166013293242869] 1
[1743166013293281244] 1
[1743166013293329286] 1
[1743166013303512769] 1
[1743166013303565436] 1
[1743166013303606936] 1
[1743166013303637062] 1
[1743166013303661228] 1
[1743166013304387900] 1
[1743166013304439483] 1
[1743166013307592921] 1
[1743166013307682546] 1
[1743166014170171918] 1
[1743166014171060924] 1
[1743166014171104841] 1
[1743166014282314541] 1
[1743166014282425376] 1
[1743166014282579918] 1
[1743166014282743211] 1
[1743166014282838962] 1
[1743166014283006504] 1
[1743166014283092630] 1
[1743166014294432581] 1
[1743166014294481914] 1
[1743166014294643999] 1
[1743166014294912917] 1
[1743166014294956251] 1
[1743166014297264391] 1
[1743166014297473268] 1
[1743166014297607810] 1
[1743166014297672936] 1
[1743166015173289640] 1
[1743166015173947061] 1
[1743166015174044354] 1
[1743166015294203261] 1
[1743166015294337387] 1
[1743166015294397470] 1
[1743166015294445179] 1
[1743166015294623305] 1
[1743166015294694139] 1
[1743166015294761015] 1
[1743166015294878849] 1
[1743166015308797194] 1
[1743166015308844611] 1
[1743166015308883528] 1
[1743166015308908778] 1
[1743166015309143613] 1
[1743166015311638172] 1
[1743166015311761714] 1
[1743166015311831215] 1
[1743166015311886507] 1
[1743166016176239004] 1
[1743166016176739841] 1
[1743166016176979093] 1
[1743166016305217620] 1
[1743166016305368830] 1
[1743166016305455872] 1
[1743166016308671561] 1
[1743166016308736895] 1
[1743166016308791395] 1
[1743166016308840437] 1
[1743166016317022162] 1
[1743166016317080120] 1
[1743166016317123829] 1
[1743166016317217705] 1
[1743166016317274038] 1
[1743166016317333997] 1
[1743166016317801917] 1
[1743166016321192941] 1
[1743166016321340275] 1
[1743166017180136474] 1
[1743166017180510352] 1
[1743166017180551394] 1
[1743166017294892886] 1
[1743166017295160762] 1
[1743166017295491432] 1
[1743166017295623349] 1
[1743166017295862393] 1
[1743166017295990352] 1
[1743166017299075749] 1
[1743166017299111916] 1
[1743166017299146750] 1
[1743166017299182583] 1
[1743166017299218042] 1
[1743166017299265375] 1
[1743166017299305959] 1
[1743166017299404168] 1
[1743166017299439043] 1
[1743166017299493794] 1
[1743166017299546377] 1
[1743166018183394411] 1
[1743166018184296793] 1
[1743166018309907096] 1
[1743166018310096556] 1
[1743166018310203848] 1
[1743166018310304724] 1
[1743166018310371391] 1
[1743166018313055869] 1
[1743166018313463831] 1
[1743166018313521873] 1
[1743166018321700558] 1
[1743166018321742767] 1
[1743166018321770892] 1
[1743166018321812851] 1
[1743166018321850059] 1
[1743166018321873684] 1
[1743166018322372105] 1
[1743166018326247300] 1
[1743166018326355426] 1
[1743166019187302237] 1
[1743166019187856283] 1
[1743166019187940117] 1
[1743166019320842622] 1
[1743166019320973165] 1
[1743166019321035207] 1
[1743166019321101333] 1
[1743166019321155000] 1
[1743166019323465392] 1
[1743166019326309580] 1
[1743166019326371998] 1
[1743166019326399623] 1
[1743166019326433790] 1
[1743166019326484332] 1
[1743166019326539040] 1
[1743166019326569957] 1
[1743166019326646625] 1
[1743166019326684042] 1
[1743166019326717375] 1
[1743166019327080086] 1
[1743166020190112686] 1
[1743166020190740024] 1
[1743166020191001526] 1
[1743166020315101278] 1
[1743166020315219404] 1
[1743166020315402655] 1
[1743166020315551406] 1
[1743166020315613865] 1
[1743166020315690533] 1
[1743166020318503846] 1
[1743166020328374756] 1
[1743166020328422839] 1
[1743166020328633174] 1
[1743166020328685383] 1
[1743166020328742175] 1
[1743166020328779550] 1
[1743166020328859009] 1
[1743166020332606622] 1
[1743166020332722206] 1
[1743166021192638721] 1
[1743166021193000765] 1
[1743166021193055057] 1
[1743166021311366909] 1
[1743166021311525743] 1
[1743166021311625452] 1
[1743166021311794162] 1
[1743166021311857496] 1
[1743166021312152582] 1
[1743166021314939229] 1
[1743166021315027354] 1
[1743166021315072605] 1
[1743166021315119855] 1
[1743166021315253523] 1
[1743166021315297315] 1
[1743166021315328315] 1
[1743166021315417566] 1
[1743166021315503983] 1
[1743166021315551400] 1
[1743166021315588275] 1
[1743166022194043874] 1
[1743166022194351043] 1
[1743166022305941943] 1
[1743166022306048194] 1
[1743166022306104194] 1
[1743166022306169445] 1
[1743166022306224862] 1
[1743166022308656048] 1
[1743166022311583364] 1
[1743166022311622072] 1
[1743166022311694573] 1
[1743166022311805990] 1
[1743166022311864616] 1
[1743166022311905616] 1
[1743166022311973783] 1
[1743166022312036659] 1
[1743166022312080493] 1
[1743166022312154618] 1
[1743166022312259536] 1
[1743166023196744786] 1
[1743166023198097339] 1
[1743166023198913262] 1
[1743166023240268811] 1
[1743166023240654064] 1
[1743166023241257444] 1
[1743166062734502717] 1
[1743166062758685162] 1
[1743166062758880872] 1
[1743166062762044595] 1
[1743166062765052275] 1
[1743166062767930830] 1
[1743166062768259873] 1
[1743166062777350957] 1
[1743166062777502624] 1
[1743166062777640625] 1
[1743166062780471263] 1
[1743166062780516680] 1
[1743166062792265568] 1
[1743166062812124285] 1
[1743166062817129975] 1
[1743166062817253142] 1
[1743166062817336059] 1
[1743166062817599477] 1
[1743166062817743769] 1
[1743166062827207354] 1
[1743166062972195317] 1
[1743166062976039418] 1
[1743166062981476485] 1
[1743166062981547735] 1
[1743166062982078071] 1
[1743166062982137780] 1
[1743166062985132710] 1
[1743166062988071516] 1
[1743166062996863931] 1
[1743166062996909931] 1
[1743166062996946307] 1
[1743166062996979515] 1
[1743166062997027099] 1
[1743166062997064141] 1
[1743166062997171724] 1
[1743166062997381975] 1
[1743166063007210896] 1
[1743166063007306272] 1
[1743166063013130008] 1
[1743166063013183592] 1
[1743166063013244550] 1
[1743166063013295842] 1
[1743166063027954330] 1
[1743166063028028205] 1
[1743166063028071747] 1
[1743166063028184664] 1
[1743166063047658925] 1
[1743166063047745884] 1
[1743166063047784759] 1
[1743166063047909676] 1
[1743166063047962093] 1
[1743166063048094885] 1
[1743166063070832328] 1
[1743166063070875745] 1
[1743166063070920412] 1
[1743166063085219815] 1
[1743166063085328773] 1
[1743166063085380565] 1
[1743166063097780959] 1
[1743166063098495337] 1
[1743166063138809448] 1
[1743166063138881407] 1
[1743166063138934449] 1
[1743166063139008658] 1
[1743166063149083998] 1
[1743166063243353203] 1
[1743166063246126425] 1
[1743166063246179592] 1
[1743166063246237467] 1
[1743166063246276301] 1
[1743166063246316259] 1
[1743166063246386009] 1
[1743166063250633280] 1
[1743166063250717072] 1
[1743166063257042394] 1
[1743166063257114270] 1
[1743166063257184978] 1
[1743166063257239687] 1
[1743166063257283229] 1
[1743166063263731593] 1
[1743166063263795969] 1
[1743166063263841135] 1
[1743166063263872344] 1
[1743166063263909761] 1
[1743166063279858088] 1
[1743166063283451647] 1
[1743166063283508272] 1
[1743166063283553897] 1
[1743166063299383140] 1
[1743166063299442391] 1
[1743166063299589600] 1
[1743166063299641267] 1
[1743166063336691612] 1
[1743166063336778071] 1
[1743166063336815654] 1
[1743166063336904155] 1
[1743166063336958655] 1
[1743166063362514112] 1
[1743166063362570779] 1
[1743166063362603779] 1
[1743166063362657488] 1
[1743166063362808363] 1
[1743166063404292022] 1
[1743166063407225078] 1
[1743166063407282745] 1
[1743166063407340370] 1
[1743166063407395995] 1
[1743166063407482954] 1
[1743166063407530663] 1
[1743166063505270885] 1
[1743166063515625685] 1
[1743166063516039812] 1
[1743166063518928242] 1
[1743166063518980826] 1
[1743166063519116451] 1
[1743166063519273952] 1
[1743166063519321494] 1
[1743166063519362786] 1
[1743166063519420036] 1
[1743166063539972927] 1
[1743166063540071219] 1
[1743166063540121928] 1
[1743166063540159386] 1
[1743166063540191845] 1
[1743166063540270929] 1
[1743166063540313304] 1
[1743166063540598055] 1
[1743166063540651972] 1
[1743166063548967762] 1
[1743166063549014304] 1
[1743166063549055638] 1
[1743166063578498613] 1
[1743166063578546738] 1
[1743166063578581655] 1
[1743166063578664364] 1
[1743166063578738698] 1
[1743166063578771323] 1
[1743166063578817531] 1
[1743166063578861282] 1
[1743166063579072908] 1
[1743166063579213492] 1
[1743166063579264117] 1
[1743166063604102112] 1
[1743166063621818072] 1
[1743166063622011698] 1
[1743166063622077699] 1
[1743166063660992012] 1
[1743166063661094762] 1
[1743166063661177554] 1
[1743166063667627335] 1
[1743166063667675585] 1
[1743166063667732086] 1
[1743166063667779211] 1
[1743166063667809586] 1
[1743166063710341916] 1
[1743166063710451417] 1
[1743166063710503751] 1
[1743166063710549417] 1
[1743166063710592834] 1
[1743166063710633376] 1
[1743166063710676043] 1
[1743166063710726918] 1
[1743166063711300421] 1
[1743166063711396088] 1
[1743166063711445505] 1
[1743166063711492547] 1
[1743166063711539214] 1
[1743166063711583631] 1
[1743166063711651964] 1
[1743166063711696381] 1
[1743166063711748507] 1
[1743166063712467218] 1
[1743166063759676738] 1
[1743166063759789905] 1
[1743166063759848281] 1
[1743166063759943406] 1
[1743166063760106782] 1
[1743166063763360172] 1
[1743166063763418923] 1
[1743166063763457298] 1
[1743166063763506798] 1
[1743166063763538090] 1
[1743166063763560673] 1
[1743166063763581715] 1
[1743166063768882741] 1
[1743166063769011450] 1
[1743166063769120200] 1
[1743166063769233034] 1
[1743166063769323035] 1
[1743166063769490410] 1
[1743166063772470050] 1
[1743166063772514133] 1
[1743166063773364471] 1
[1743166063773426596] 1
[1743166063773486888] 1
[1743166063779153957] 1
[1743166063782559890] 1
[1743166063782606890] 1
[1743166063785575613] 1
[1743166063788371793] 1
[1743166063788423252] 1
[1743166063788477960] 1
[1743166063791178140] 1
[1743166063793868653] 1
[1743166063822196040] 1
[1743166063952796421] 1
[1743166063953102380] 1
[1743166063953166881] 1
[1743166063953200881] 1
[1743166063955878060] 1
[1743166063955925686] 1
[1743166063958678282] 1
[1743166063958705074] 1
[1743166063958760866] 1
[1743166063958808241] 1
[1743166063958856450] 1
[1743166063958913533] 1
[1743166063958958159] 1
[1743166063958998284] 1
[1743166063962476009] 1
[1743166063962538718] 1
[1743166063969088499] 1
[1743166063974796860] 1
[1743166064039296095] 1
[1743166064071555757] 1
[1743166064206537727] 1
[1743166064210035620] 1
[1743166064210104662] 1
[1743166064210146495] 1
[1743166064210187787] 1
[1743166064210309455] 1
[1743166064210361497] 1
[1743166064216849029] 1
[1743166064216897529] 1
[1743166064216965946] 1
[1743166064217037488] 1
[1743166064217075822] 1
[1743166064217104364] 1
[1743166064220884966] 1
[1743166064221033592] 1
[1743166064221133092] 1
[1743166064222468349] 1
[1743166064233357570] 1
[1743166064296709681] 1
[1743166064328117797] 1
[1743166064468057667] 1
[1743166064468961880] 1
[1743166064469025297] 1
[1743166064472078729] 1
[1743166064472134854] 1
[1743166064472180729] 1
[1743166064472252396] 1
[1743166064481567901] 1
[1743166064481609277] 1
[1743166064481669319] 1
[1743166064481739069] 1
[1743166064482159946] 1
[1743166064485084044] 1
[1743166064485116753] 1
[1743166064488017517] 1
[1743166064488062976] 1
[1743166064488140518] 1
[1743166064497499690] 1
[1743166064551496086] 1
[1743166064583487622] 1
[1743166064718608676] 1
[1743166064718779802] 1
[1743166064718815427] 1
[1743166064718859928] 1
[1743166064718987303] 1
[1743166064719485972] 1
[1743166064719530098] 1
[1743166064719569264] 1
[1743166064719606598] 1
[1743166064719681307] 1
[1743166064720363643] 1
[1743166064721750025] 1
[1743166064721801734] 1
[1743166064721842318] 1
[1743166064721885984] 1
[1743166064721953943] 1
[1743166064721999818] 1
[1743166064754679483] 1
[1743166064754909067] 1
[1743166064754966026] 1
[1743166064755002984] 1
[1743166064755060110] 1
[1743166064755102318] 1
[1743166064755147110] 1
[1743166064755192485] 1
[1743166064755242402] 1
[1743166064755304152] 1
[1743166064755435236] 1
[1743166064755706488] 1
[1743166064755773696] 1
[1743166064755877822] 1
[1743166064756027698] 1
[1743166064756125407] 1
[1743166064756188365] 1
[1743166064756222074] 1
[1743166064757832915] 1
[1743166064972590870] 1
[1743166064973187873] 1
[1743166064973247373] 1
[1743166064973287540] 1
[1743166064973346665] 1
[1743166064973461124] 1
[1743166064985080641] 1
[1743166064985150474] 1
[1743166064985198350] 1
[1743166064985236517] 1
[1743166064985638019] 1
[1743166064986708774] 1
[1743166064989701956] 1
[1743166064989760539] 1
[1743166064989826373] 1
[1743166065244581575] 1
[1743166065244723034] 1
[1743166065245185120] 1
[1743166065245569789] 1
[1743166065245661581] 1
[1743166065259982739] 1
[1743166065260027614] 1
[1743166065260056239] 1
[1743166065260083114] 1
[1743166065260109281] 1
[1743166065260147531] 1
[1743166065261952291] 1
[1743166065262570461] 1
[1743166065262941463] 1
[1743166065262980254] 1
[1743166065496130389] 1
[1743166065496529599] 1
[1743166065497318645] 1
[1743166065497730022] 1
[1743166065498179941] 1
[1743166065512865726] 1
[1743166065512924476] 1
[1743166065512960018] 1
[1743166065512986727] 1
[1743166065513030102] 1
[1743166065513058519] 1
[1743166065513868148] 1
[1743166065514645944] 1
[1743166065514834570] 1
[1743166065514893278] 1
[1743166065731932620] 1
[1743166065732204829] 1
[1743166065732236288] 1
[1743166065732267663] 1
[1743166065732314913] 1
[1743166065732404372] 1
[1743166065732463123] 1
[1743166065732519914] 1
[1743166065732558498] 1
[1743166065732618998] 1
[1743166065732654165] 1
[1743166065733441003] 1
[1743166065733740671] 1
[1743166065733781588] 1
[1743166065733819546] 1
[1743166065794460655] 1
[1743166065794714073] 1
[1743166065794777281] 1
[1743166065794870615] 1
[1743166065794933865] 1
[1743166065795014866] 1
[1743166065795052199] 1
[1743166065795101616] 1
[1743166065795356826] 1
[1743166065795422451] 1
[1743166065795472326] 1
[1743166065795516243] 1
[1743166065795568077] 1
[1743166065795607494] 1
[1743166065795686244] 1
[1743166065795742411] 1
[1743166065795782411] 1
[1743166065795897287] 1
[1743166065795933996] 1
[1743166065795972537] 1
[1743166066000771773] 1
[1743166066001283776] 1
[1743166066001360652] 1
[1743166066001408318] 1
[1743166066001452444] 1
[1743166066001917196] 1
[1743166066016267190] 1
[1743166066016342357] 1
[1743166066016427441] 1
[1743166066016485483] 1
[1743166066016529066] 1
[1743166066017549863] 1
[1743166066019073913] 1
[1743166066019152830] 1
[1743166066019186539] 1
[1743166066268009844] 1
[1743166066268539972] 1
[1743166066268752848] 1
[1743166066268802598] 1
[1743166066268852057] 1
[1743166066280714663] 1
[1743166066280787913] 1
[1743166066280844622] 1
[1743166066280921039] 1
[1743166066280955748] 1
[1743166066280985914] 1
[1743166066284419600] 1
[1743166066284763893] 1
[1743166066284845477] 1
[1743166066284890352] 1
[1743166066513097713] 1
[1743166066513660924] 1
[1743166066513801133] 1
[1743166066514002259] 1
[1743166066514116468] 1
[1743166066528374004] 1
[1743166066528650005] 1
[1743166066528723172] 1
[1743166066528763631] 1
[1743166066528832048] 1
[1743166066532111649] 1
[1743166066532166232] 1
[1743166066532203066] 1
[1743166066532239941] 1
[1743166066532269316] 1
[1743166066735293415] 1
[1743166066735397249] 1
[1743166066735938585] 1
[1743166066736161337] 1
[1743166066736187670] 1
[1743166066736215754] 1
[1743166066736273671] 1
[1743166066736306171] 1
[1743166066736341671] 1
[1743166066736375588] 1
[1743166066736431005] 1
[1743166066736461297] 1
[1743166066736494338] 1
[1743166066736532672] 1
[1743166066736571131] 1
[1743166066737276468] 1
[1743166066761575683] 1
[1743166066761691183] 1
[1743166066761776600] 1
[1743166066761894643] 1
[1743166066774315502] 1
[1743166066778692275] 1
[1743166066781281456] 1
[1743166066781397915] 1
[1743166066784980809] 1
[1743166066785230436] 1
[1743166066788826247] 1
[1743166066792454225] 1
[1743166066795967744] 1
[1743166066803132866] 1
[1743166066803332909] 1
[1743166066803472576] 1
[1743166066803511910] 1
[1743166066803589618] 1
[1743166067011884622] 1
[1743166067012493750] 1
[1743166067012822711] 1
[1743166067022361306] 1
[1743166067022496223] 1
[1743166067022563099] 1
[1743166067023066185] 1
[1743166067023101227] 1
[1743166067023650480] 1
[1743166067023746355] 1
[1743166067277933779] 1
[1743166067282221678] 1
[1743166067288461421] 1
[1743166067288523963] 1
[1743166067288553047] 1
[1743166067288580589] 1
[1743166067291431313] 1
[1743166067291474230] 1
[1743166067291539689] 1
[1743166067291619022] 1
[1743166067523151528] 1
[1743166067523619739] 1
[1743166067523844365] 1
[1743166067532966708] 1
[1743166067533018875] 1
[1743166067533057333] 1
[1743166067533095750] 1
[1743166067533903338] 1
[1743166067534925760] 1
[1743166067535197595] 1
[1743166067738413317] 1
[1743166067738501692] 1
[1743166067738525776] 1
[1743166067738549568] 1
[1743166067738574818] 1
[1743166067738597901] 1
[1743166067739133404] 1
[1743166067739329739] 1
[1743166067739351572] 1
[1743166067739387489] 1
[1743166067739413448] 1
[1743166067739445114] 1
[1743166067739469990] 1
[1743166067739494656] 1
[1743166067739524990] 1
[1743166067770231537] 1
[1743166067770437913] 1
[1743166067770543455] 1
[1743166067776573864] 1
[1743166067783296443] 1
[1743166067787461717] 1
[1743166067787696385] 1
[1743166067791715241] 1
[1743166067792124243] 1
[1743166067792166076] 1
[1743166067792192952] 1
[1743166067792241577] 1
[1743166067792269744] 1
[1743166067792303119] 1
[1743166068037744458] 1
[1743166068037886501] 1
[1743166068046848427] 1
[1743166068046901303] 1
[1743166068046936595] 1
[1743166068046984845] 1
[1743166068049992196] 1
[1743166068050344739] 1
[1743166068050411448] 1
[1743166068050458448] 1
[1743166068295998703] 1
[1743166068296355247] 1
[1743166068296602915] 1
[1743166068305880302] 1
[1743166068305947344] 1
[1743166068306011219] 1
[1743166068306075094] 1
[1743166068309263155] 1
[1743166068309380364] 1
[1743166068309408364] 1
[1743166068548806291] 1
[1743166068549418878] 1
[1743166068550021673] 1
[1743166068559337685] 1
[1743166068559405811] 1
[1743166068559457936] 1
[1743166068559538895] 1
[1743166068562487787] 1
[1743166068562590412] 1
[1743166068563167374] 1
[1743166068757980043] 1
[1743166068758106419] 1
[1743166068758954924] 1
[1743166068759225550] 1
[1743166068759273842] 1
[1743166068759344509] 1
[1743166068759365093] 1
[1743166068759428177] 1
[1743166068759509260] 1
[1743166068759541886] 1
[1743166068759577177] 1
[1743166068759613678] 1
[1743166068759651928] 1
[1743166068759685011] 1
[1743166068759716512] 1
[1743166068759747595] 1
[1743166068759777970] 1
[1743166068800579956] 1
[1743166068800694499] 1
[1743166068800734707] 1
[1743166068800797541] 1
[1743166068800882417] 1
[1743166068803995768] 1
[1743166068807153745] 1
[1743166068807198661] 1
[1743166068807244287] 1
[1743166068807341079] 1
[1743166068807384788] 1
[1743166068810260887] 1
[1743166068810336555] 1
[1743166068810461180] 1
[1743166069062492774] 1
[1743166069063008819] 1
[1743166069063196612] 1
[1743166069072228124] 1
[1743166069072269791] 1
[1743166069072310916] 1
[1743166069072339458] 1
[1743166069073227714] 1
[1743166069076196648] 1
[1743166069076265315] 1
[1743166069320913942] 1
[1743166069321077568] 1
[1743166069321248236] 1
[1743166069329881746] 1
[1743166069329939580] 1
[1743166069329982663] 1
[1743166069330035080] 1
[1743166069330432249] 1
[1743166069334487648] 1
[1743166069334566441] 1
[1743166069569815595] 1
[1743166069570028763] 1
[1743166069570120597] 1
[1743166069570174264] 1
[1743166069570234306] 1
[1743166069570762309] 1
[1743166069577071347] 1
[1743166069577133347] 1
[1743166069578444230] 1
[1743166069784567586] 1
[1743166069784651919] 1
[1743166069784681170] 1
[1743166069784730962] 1
[1743166069784767878] 1
[1743166069784795004] 1
[1743166069784821254] 1
[1743166069784846671] 1
[1743166069784874171] 1
[1743166069784901171] 1
[1743166069784930338] 1
[1743166069784954630] 1
[1743166069785562050] 1
[1743166069785720634] 1
[1743166069785746551] 1
[1743166069785766301] 1
[1743166069822801981] 1
[1743166069823273483] 1
[1743166069823373401] 1
[1743166069823451359] 1
[1743166069823501401] 1
[1743166069823540318] 1
[1743166069827090048] 1
[1743166069830068899] 1
[1743166069830149691] 1
[1743166069830264650] 1
[1743166069830310442] 1
[1743166069831432699] 1
[1743166069834348466] 1
[1743166069834409091] 1
[1743166070086132067] 1
[1743166070086461653] 1
[1743166070097889348] 1
[1743166070097984015] 1
[1743166070098026432] 1
[1743166070098092807] 1
[1743166070098433851] 1
[1743166070099583233] 1
[1743166070099675067] 1
[1743166070099801693] 1
[1743166070345017076] 1
[1743166070345185202] 1
[1743166070345331703] 1
[1743166070357685321] 1
[1743166070357738279] 1
[1743166070357765946] 1
[1743166070357791238] 1
[1743166070360374546] 1
[1743166070360489963] 1
[1743166070360569255] 1
[1743166070611861051] 1
[1743166070612277553] 1
[1743166070612474846] 1
[1743166070619067720] 1
[1743166070619137595] 1
[1743166070619170596] 1
[1743166070619758724] 1
[1743166070619817558] 1
[1743166070619868725] 1
[1743166070621125858] 1
[1743166070808062091] 1
[1743166070808185675] 1
[1743166070808213633] 1
[1743166070808240133] 1
[1743166070808472843] 1
[1743166070808490718] 1
[1743166070808510343] 1
[1743166070808529302] 1
[1743166070808547510] 1
[1743166070808565260] 1
[1743166070808584802] 1
[1743166070809253890] 1
[1743166070810998609] 1
[1743166070811044401] 1
[1743166070811065693] 1
[1743166070811084151] 1
[1743166070857558228] 1
[1743166070857698229] 1
[1743166070857801688] 1
[1743166070857886606] 1
[1743166070857953731] 1
[1743166070858009356] 1
[1743166070864512896] 1
[1743166070864589438] 1
[1743166070864652605] 1
[1743166070864706189] 1
[1743166070865115233] 1
[1743166070865163900] 1
[1743166070865212984] 1
[1743166070866909453] 1
[1743166071089222501] 1
[1743166071095376040] 1
[1743166071099389649] 1
[1743166071099454400] 1
[1743166071362627690] 1
[1743166071362821608] 1
[1743166071374981768] 1
[1743166071375032893] 1
[1743166071375101519] 1
[1743166071645820898] 1
[1743166071645975941] 1
[1743166071646448486] 1
[1743166071654657538] 1
[1743166071654751497] 1
[1743166071826868544] 1
[1743166071826963628] 1
[1743166071827000170] 1
[1743166071827026587] 1
[1743166071827060837] 1
[1743166071827084379] 1
[1743166071827122962] 1
[1743166071827154213] 1
[1743166071827188004] 1
[1743166071827207796] 1
[1743166071827226463] 1
[1743166071827249713] 1
[1743166071827269505] 1
[1743166071827290672] 1
[1743166071827309255] 1
[1743166071827330797] 1
[1743166071828338178] 1
[1743166071850284526] 1
[1743166071850436568] 1
[1743166071850913488] 1
[1743166071856979693] 1
[1743166071857078819] 1
[1743166071857891532] 1
[1743166071860640216] 1
[1743166071860675216] 1
[1743166072125110327] 1
[1743166072125341954] 1
[1743166072125417621] 1
[1743166072125538830] 1
[1743166072127039256] 1
[1743166072375936583] 1
[1743166072376275335] 1
[1743166072376368502] 1
[1743166072377245133] 1
[1743166072377297675] 1
[1743166072504246959] 0 : Request cancelled by client due to FailedTimeout
[1743166072554838413] 0 : Request cancelled by client due to FailedTimeout
[1743166072598842366] 1
[1743166072599056367] 1
[1743166072599149451] 1
[1743166072602816142] 1
[1743166072603449229] 1
[1743166072607149961] 0 : Request cancelled by client due to FailedTimeout
[1743166072659275592] 0 : Request cancelled by client due to FailedTimeout
[1743166072710912219] 0 : Request cancelled by client due to FailedTimeout
[1743166072762635264] 0 : Request cancelled by client due to FailedTimeout
[1743166072814186641] 0 : Request cancelled by client due to FailedTimeout
[1743166072831300252] 1
[1743166072831380211] 1
[1743166072831413836] 1
[1743166072831427170] 1
[1743166072831441378] 1
[1743166072831459087] 1
[1743166072831474337] 1
[1743166072831492837] 1
[1743166072831509170] 1
[1743166072831524295] 1
[1743166072831540462] 1
[1743166072831556379] 1
[1743166072832290342] 1
[1743166072832310384] 1
[1743166072832324175] 1
[1743166072832339509] 1
[1743166072832360676] 1
[1743166072832409843] 1
[1743166072832470676] 1
[1743166072832488385] 1
[1743166072849609955] 1
[1743166072849983457] 1
[1743166072852908268] 1
[1743166072853284603] 1
[1743166072853694314] 1
[1743166072865352890] 0 : Request cancelled by client due to FailedTimeout
[1743166072918374777] 0 : Request cancelled by client due to FailedTimeout
[1743166072969375692] 0 : Request cancelled by client due to FailedTimeout
[1743166073019428019] 0 : Request cancelled by client due to FailedTimeout
[1743166073071585576] 0 : Request cancelled by client due to FailedTimeout
[1743166073109236202] 1
[1743166073109796622] 1
[1743166073109882748] 1
[1743166073115055033] 1
[1743166073115633870] 1
[1743166073122353331] 0 : Request cancelled by client due to FailedTimeout
[1743166073173343047] 0 : Request cancelled by client due to FailedTimeout
[1743166073224470929] 0 : Request cancelled by client due to FailedTimeout
[1743166073274447638] 0 : Request cancelled by client due to FailedTimeout
[1743166073326081649] 0 : Request cancelled by client due to FailedTimeout
[1743166073367833386] 1
[1743166073367999346] 1
[1743166073368119013] 1
[1743166073368184347] 1
[1743166073368965602] 1
[1743166073375140768] 0 : Request cancelled by client due to FailedTimeout
[1743166073428084747] 0 : Request cancelled by client due to FailedTimeout
[1743166073479576590] 0 : Request cancelled by client due to FailedTimeout
[1743166073531119101] 0 : Request cancelled by client due to FailedTimeout
[1743166073582086983] 0 : Request cancelled by client due to FailedTimeout
[1743166073619682400] 1
[1743166073620158445] 1
[1743166073620208904] 1
[1743166073623164340] 1
[1743166073627388368] 1
[1743166073633381825] 0 : Request cancelled by client due to FailedTimeout
[1743166073685897134] 0 : Request cancelled by client due to FailedTimeout
[1743166073737384894] 0 : Request cancelled by client due to FailedTimeout
[1743166073787366228] 0 : Request cancelled by client due to FailedTimeout
[1743166073833853538] 1
[1743166073833971205] 1
[1743166073833994039] 1
[1743166073834017247] 1
[1743166073834062539] 1
[1743166073834156832] 1
[1743166073835095130] 1
[1743166073835155922] 1
[1743166073835187047] 1
[1743166073835208380] 1
[1743166073835237964] 1
[1743166073835258464] 1
[1743166073835293006] 1
[1743166073835327548] 1
[1743166073835348923] 1
[1743166073835369131] 1
[1743166073835387257] 1
[1743166073835428174] 1
[1743166073835448799] 1
[1743166073839553826] 0 : Request cancelled by client due to FailedTimeout
[1743166073856532606] 1
[1743166073879037590] 1
[1743166073881857067] 1
[1743166073881908275] 1
[1743166073881936484] 1
[1743166073882440946] 1
[1743166073889427617] 0 : Request cancelled by client due to FailedTimeout
[1743166073942158302] 0 : Request cancelled by client due to FailedTimeout
[1743166073993012934] 0 : Request cancelled by client due to FailedTimeout
[1743166074043955280] 0 : Request cancelled by client due to FailedTimeout
[1743166074095575133] 0 : Request cancelled by client due to FailedTimeout
[1743166074139572309] 1
[1743166074139727769] 1
[1743166074139805103] 1
[1743166074139863103] 1
[1743166074139912770] 1
[1743166074146265855] 0 : Request cancelled by client due to FailedTimeout
[1743166074197983959] 0 : Request cancelled by client due to FailedTimeout
[1743166074249564062] 0 : Request cancelled by client due to FailedTimeout
[1743166074299675405] 0 : Request cancelled by client due to FailedTimeout
[1743166074350103250] 0 : Request cancelled by client due to FailedTimeout
[1743166074390528527] 1
[1743166074393413046] 1
[1743166074393531464] 1
[1743166074393596006] 1
[1743166074394703722] 1
[1743166074400271677] 0 : Request cancelled by client due to FailedTimeout
[1743166074452387617] 0 : Request cancelled by client due to FailedTimeout
[1743166074503780260] 0 : Request cancelled by client due to FailedTimeout
[1743166074556059034] 0 : Request cancelled by client due to FailedTimeout
[1743166074608576644] 0 : Request cancelled by client due to FailedTimeout
[1743166074650071094] 1
[1743166074650201637] 1
[1743166074650245679] 1
[1743166074650321054] 1
[1743166074653655910] 1
[1743166074658448110] 0 : Request cancelled by client due to FailedTimeout
[1743166074710500174] 0 : Request cancelled by client due to FailedTimeout
[1743166074763905373] 0 : Request cancelled by client due to FailedTimeout
[1743166074815598769] 0 : Request cancelled by client due to FailedTimeout
[1743166074836006492] 1
[1743166074836068409] 1
[1743166074836112451] 1
[1743166074836148701] 1
[1743166074836174618] 1
[1743166074836189618] 1
[1743166074836222576] 1
[1743166074836236202] 1
[1743166074836247535] 1
[1743166074836263660] 1
[1743166074836285035] 1
[1743166074836368411] 1
[1743166074836436328] 1
[1743166074836453328] 1
[1743166074836468995] 1
[1743166074836483537] 1
[1743166074836516870] 1
[1743166074836534079] 1
[1743166074836546704] 1
[1743166074848376451] 1
[1743166074866596076] 0 : Request cancelled by client due to FailedTimeout
[1743166074906726017] 1
[1743166074906879227] 1
[1743166074906993894] 1
[1743166074910294208] 1
[1743166074911392549] 1
[1743166074918887059] 0 : Request cancelled by client due to FailedTimeout
[1743166074969733448] 0 : Request cancelled by client due to FailedTimeout
[1743166075020961926] 0 : Request cancelled by client due to FailedTimeout
[1743166075072506621] 0 : Request cancelled by client due to FailedTimeout
[1743166075124629695] 0 : Request cancelled by client due to FailedTimeout
[1743166075163530676] 1
[1743166075163930762] 1
[1743166075163983137] 1
[1743166075166967783] 1
[1743166075167737914] 1
[1743166075176150681] 0 : Request cancelled by client due to FailedTimeout
[1743166075228958259] 0 : Request cancelled by client due to FailedTimeout
[1743166075280019034] 0 : Request cancelled by client due to FailedTimeout
[1743166075330696972] 0 : Request cancelled by client due to FailedTimeout
[1743166075381882540] 0 : Request cancelled by client due to FailedTimeout
[1743166075413228884] 1
[1743166075413597970] 1
[1743166075413634762] 1
[1743166075414411184] 1
[1743166075433116732] 0 : Request cancelled by client due to FailedTimeout
[1743166075484605051] 0 : Request cancelled by client due to FailedTimeout
[1743166075535158947] 0 : Request cancelled by client due to FailedTimeout
[1743166075586803809] 0 : Request cancelled by client due to FailedTimeout
[1743166075637069120] 0 : Request cancelled by client due to FailedTimeout
[1743166075672989705] 1
[1743166075673115623] 1
[1743166075673209457] 1
[1743166075677638738] 1
[1743166075677687196] 1
[1743166075688693065] 0 : Request cancelled by client due to FailedTimeout
[1743166075739863465] 0 : Request cancelled by client due to FailedTimeout
[1743166075790901323] 0 : Request cancelled by client due to FailedTimeout
[1743166075837962986] 1
[1743166075838098071] 1
[1743166075838113362] 1
[1743166075838124737] 1
[1743166075838150529] 1
[1743166075838199863] 1
[1743166075838225613] 1
[1743166075838236822] 1
[1743166075838250405] 1
[1743166075838262072] 1
[1743166075838276239] 1
[1743166075838291322] 1
[1743166075838302655] 1
[1743166075838315864] 1
[1743166075838373031] 1
[1743166075838388073] 1
[1743166075838410156] 1
[1743166075838490823] 1
[1743166075838510865] 1
[1743166075843690526] 0 : Request cancelled by client due to FailedTimeout
[1743166075892356076] 0 : Request cancelled by client due to FailedTimeout
[1743166075931063347] 1
[1743166075931236890] 1
[1743166075931289724] 1
[1743166075934799623] 1
[1743166075935463503] 1
[1743166075944116147] 0 : Request cancelled by client due to FailedTimeout
[1743166075996677099] 0 : Request cancelled by client due to FailedTimeout
[1743166076047990007] 0 : Request cancelled by client due to FailedTimeout
[1743166076099384042] 0 : Request cancelled by client due to FailedTimeout
[1743166076150059656] 0 : Request cancelled by client due to FailedTimeout
[1743166076187824343] 1
[1743166076188249846] 1
[1743166076191106617] 1
[1743166076191157617] 1
[1743166076192332417] 1
[1743166076201091605] 0 : Request cancelled by client due to FailedTimeout
[1743166076254023152] 0 : Request cancelled by client due to FailedTimeout
[1743166076305440312] 0 : Request cancelled by client due to FailedTimeout
[1743166076356793389] 0 : Request cancelled by client due to FailedTimeout
[1743166076408337092] 0 : Request cancelled by client due to FailedTimeout
[1743166076440927867] 1
[1743166076441040826] 1
[1743166076441082993] 1
[1743166076445602526] 1
[1743166076446161863] 1
[1743166076459588834] 0 : Request cancelled by client due to FailedTimeout
[1743166076511880585] 0 : Request cancelled by client due to FailedTimeout
[1743166076563701373] 0 : Request cancelled by client due to FailedTimeout
[1743166076615113825] 0 : Request cancelled by client due to FailedTimeout
[1743166076666683820] 0 : Request cancelled by client due to FailedTimeout
[1743166076701676571] 1
[1743166076702157116] 1
[1743166076702204658] 1
[1743166076707849657] 1
[1743166076707925991] 1
[1743166076717821395] 0 : Request cancelled by client due to FailedTimeout
[1743166076770481773] 0 : Request cancelled by client due to FailedTimeout
[1743166076821979934] 0 : Request cancelled by client due to FailedTimeout
[1743166076838889180] 1
[1743166076838955681] 1
[1743166076838983306] 1
[1743166076839023598] 1
[1743166076839060556] 1
[1743166076839075932] 1
[1743166076839093557] 1
[1743166076839106265] 1
[1743166076839117390] 1
[1743166076839125599] 1
[1743166076839142974] 1
[1743166076839159140] 1
[1743166076839176182] 1
[1743166076839194057] 1
[1743166076839211224] 1
[1743166076839228141] 1
[1743166076839246516] 1
[1743166076839255558] 1
[1743166076839265141] 1
[1743166076839295850] 1
[1743166076872811548] 0 : Request cancelled by client due to FailedTimeout
[1743166076933315357] 0 : Request cancelled by client due to FailedTimeout
[1743166076962853861] 1
[1743166076963308698] 1
[1743166076963373115] 1
[1743166076966380803] 1
[1743166076970021871] 1
[1743166076976159290] 0 : Request cancelled by client due to FailedTimeout
[1743166077027364952] 0 : Request cancelled by client due to FailedTimeout
[1743166077078718954] 0 : Request cancelled by client due to FailedTimeout
[1743166077219128734] 1
[1743166077219702363] 1
[1743166077225679365] 1
[1743166077229594894] 1
[1743166077229741312] 1
[1743166077503420610] 1
[1743166077507439682] 1
[1743166077507511682] 1
[1743166077507648766] 1
[1743166077508176479] 1
[1743166077753692613] 1
[1743166077754228075] 1
[1743166077760185577] 1
[1743166077761505003] 1
[1743166077761597879] 1
[1743166077841483590] 1
[1743166077841606882] 1
[1743166077841650383] 1
[1743166077841680341] 1
[1743166077841694758] 1
[1743166077841719133] 1
[1743166077841737300] 1
[1743166077841751258] 1
[1743166077841770425] 1
[1743166077841789717] 1
[1743166077841817967] 1
[1743166077841847301] 1
[1743166077841862926] 1
[1743166077841878718] 1
[1743166077841896260] 1
[1743166077842410055] 1
[1743166077842430305] 1
[1743166077842446014] 1
[1743166077857025246] 1
[1743166077857703625] 1
[1743166077990639892] 1
[1743166077994036084] 1
[1743166077994259085] 1
[1743166077994319127] 1
[1743166077994403920] 1
[1743166078270317652] 1
[1743166078270924948] 1
[1743166078274319224] 1
[1743166078274390058] 1
[1743166078274908895] 1
[1743166078523418965] 1
[1743166078529606012] 1
[1743166078529856972] 1
[1743166078530296642] 1
[1743166078530803104] 1
[1743166078772139037] 1
[1743166078778796754] 1
[1743166078778948463] 1
[1743166078779305591] 1
[1743166078779378050] 1
[1743166078843486822] 1
[1743166078843670865] 1
[1743166078843700865] 1
[1743166078843723615] 1
[1743166078843744949] 1
[1743166078843755574] 1
[1743166078843769949] 1
[1743166078843803782] 1
[1743166078843828949] 1
[1743166078843843616] 1
[1743166078843860158] 1
[1743166078843876700] 1
[1743166078843891325] 1
[1743166078843914075] 1
[1743166078843929325] 1
[1743166078843939825] 1
[1743166078843957450] 1
[1743166078843982784] 1
[1743166078844022701] 1
[1743166078855367619] 1
[1743166079991592162] 1
[1743166079991815830] 1
[1743166079991949290] 1
[1743166079992063415] 1
[1743166079994828937] 1
[1743166079994871479] 1
[1743166079994906312] 1
[1743166079995671110] 1
[1743166079995744610] 1
[1743166080006868029] 1
[1743166080006966030] 1
[1743166080007026530] 1
[1743166080007064072] 1
[1743166080007111656] 1
[1743166080007780161] 1
[1743166080007818286] 1
[1743166080007855578] 1
[1743166080011940235] 1
[1743166080012087486] 1
[1743166080849179560] 1
[1743166080849838523] 1
[1743166080850027316] 1
[1743166080984897119] 1
[1743166080985226788] 1
[1743166080985299080] 1
[1743166080985371539] 1
[1743166080985482457] 1
[1743166080985556832] 1
[1743166080985666375] 1
[1743166080985876960] 1
[1743166080994515194] 1
[1743166080994559236] 1
[1743166080994623611] 1
[1743166080994684820] 1
[1743166080994763737] 1
[1743166080994808654] 1
[1743166080994846738] 1
[1743166080995900955] 1
[1743166080996605127] 1
[1743166081853099480] 1
[1743166081853792819] 1
[1743166081990707324] 1
[1743166081990852534] 1
[1743166081990906743] 1
[1743166081991066786] 1
[1743166081991119953] 1
[1743166081991153286] 1
[1743166081994245519] 1
[1743166081994292603] 1
[1743166081994331853] 1
[1743166081997239668] 1
[1743166081997282335] 1
[1743166081997368752] 1
[1743166081997583546] 1
[1743166081997670922] 1
[1743166081997723880] 1
[1743166081997806048] 1
[1743166081997880882] 1
[1743166082856669048] 1
[1743166082856935758] 1
[1743166082857117760] 1
[1743166082941236691] 1
[1743166082941358776] 1
[1743166082941507944] 1
[1743166082941567111] 1
[1743166082941724987] 1
[1743166082941793404] 1
[1743166082941832280] 1
[1743166082941877488] 1
[1743166082953461249] 1
[1743166082953619958] 1
[1743166082953689042] 1
[1743166082953724001] 1
[1743166082953758043] 1
[1743166082953785501] 1
[1743166082955001636] 1
[1743166082955346556] 1
[1743166082955412806] 1
[1743166083858497958] 1
[1743166083968776034] 1
[1743166083968884368] 1
[1743166083968918952] 1
[1743166083969042995] 1
[1743166083969108995] 1
[1743166083969352914] 1
[1743166083970075211] 1
[1743166083970240046] 1
[1743166083970305880] 1
[1743166083970703008] 1
[1743166083970795342] 1
[1743166083970989844] 1
[1743166083975973927] 1
[1743166083976113845] 1
[1743166083983076110] 1
[1743166084005874965] 1
[1743166084010516963] 1
[1743166084010708881] 1
[1743166084860605099] 1
[1743166084860783558] 1
[1743166084860808100] 1
[1743166084950053224] 1
[1743166084950159267] 1
[1743166084950217226] 1
[1743166084950245851] 1
[1743166084950500270] 1
[1743166084950548937] 1
[1743166084953343085] 1
[1743166084953370252] 1
[1743166084953406669] 1
[1743166084953433794] 1
[1743166084953457003] 1
[1743166084953479545] 1
[1743166084953507795] 1
[1743166084965741731] 1
[1743166084965922399] 1
[1743166084973425712] 1
[1743166084973512338] 1
[1743166085866379914] 1
[1743166085866586124] 1
[1743166085945415672] 1
[1743166085945523923] 1
[1743166085945664049] 1
[1743166085945715258] 1
[1743166085945747633] 1
[1743166085945801633] 1
[1743166085945864092] 1
[1743166085945922218] 1
[1743166085957736194] 1
[1743166085957805986] 1
[1743166085957835695] 1
[1743166085957921029] 1
[1743166085958009571] 1
[1743166085958434075] 1
[1743166085961401850] 1
[1743166085961493309] 1
[1743166085961626019] 1
[1743166086868781633] 1
[1743166086868908009] 1
[1743166086868960968] 1
[1743166086868971802] 1
[1743166086869000927] 1
[1743166086869067844] 1
[1743166086869077428] 1
[1743166086869084761] 1
[1743166086869091219] 1
[1743166086869098136] 1
[1743166086917198887] 1
[1743166086917489723] 1
[1743166086917576307] 1
[1743166086917628932] 1
[1743166086917677558] 1
[1743166086917704849] 1
[1743166086917792892] 1
[1743166086923813944] 1
[1743166086924183947] 1
[1743166086924655326] 1
[1743166087871874748] 1
[1743166087976829714] 1
[1743166087977480220] 1
[1743166087977574638] 1
[1743166087977646472] 1
[1743166087977751556] 1
[1743166087977818431] 1
[1743166087977933891] 1
[1743166087978226393] 1
[1743166087978293561] 1
[1743166087978321186] 1
[1743166087978347353] 1
[1743166087978382978] 1
[1743166087978424687] 1
[1743166087978472020] 1
[1743166087978530146] 1
[1743166087978588813] 1
[1743166087978643022] 1
[1743166087978707023] 1
[1743166088874715288] 1
[1743166088874817456] 1
[1743166088972843166] 1
[1743166088972950209] 1
[1743166088973004709] 1
[1743166088973082377] 1
[1743166088973226003] 1
[1743166088973291754] 1
[1743166088973354004] 1
[1743166088979489726] 1
[1743166088979528184] 1
[1743166088979665561] 1
[1743166088979735770] 1
[1743166088979771645] 1
[1743166088979806937] 1
[1743166088979864271] 1
[1743166088979913188] 1
[1743166088979963397] 1
[1743166088980014814] 1
[1743166088980890988] 1
[1743166089877508254] 1
[1743166089877647922] 1
[1743166089979882934] 1
[1743166089980020477] 1
[1743166089980074436] 1
[1743166089980151228] 1
[1743166089980195229] 1
[1743166089980220645] 1
[1743166089980245771] 1
[1743166089980279313] 1
[1743166089980489440] 1
[1743166089980558107] 1
[1743166089980618066] 1
[1743166089980681650] 1
[1743166089980721192] 1
[1743166089980748942] 1
[1743166089980784192] 1
[1743166089981183696] 1
[1743166089981344572] 1
[1743166090879972641] 1
[1743166090880106434] 1
[1743166090986662166] 1
[1743166090986936710] 1
[1743166090987014378] 1
[1743166090987049545] 1
[1743166090987102337] 1
[1743166090987139962] 1
[1743166090987610175] 1
[1743166090987655842] 1
[1743166090987694051] 1
[1743166090987783843] 1
[1743166090991112957] 1
[1743166090991269750] 1
[1743166090991330626] 1
[1743166090991401460] 1
[1743166090991480460] 1
[1743166090991530628] 1
[1743166090991570628] 1
[1743166090992122133] 1
[1743166091883072373] 1
[1743166091883229708] 1
[1743166091982739888] 1
[1743166091982942764] 1
[1743166091983026932] 1
[1743166091983070391] 1
[1743166091983190600] 1
[1743166091983272101] 1
[1743166091983637729] 1
[1743166091983706063] 1
[1743166091983767939] 1
[1743166091984159693] 1
[1743166091984286402] 1
[1743166091984385153] 1
[1743166091984491487] 1
[1743166091984527488] 1
[1743166091984561446] 1
[1743166091984594738] 1
[1743166091984679322] 1
[1743166092885215682] 1
[1743166092885361100] 1
[1743166092978198730] 1
[1743166092978449607] 1
[1743166092978531858] 1
[1743166092978622567] 1
[1743166092978689568] 1
[1743166092982381894] 1
[1743166092982490854] 1
[1743166092982657980] 1
[1743166092991671107] 1
[1743166092991773608] 1
[1743166092991868567] 1
[1743166092991953860] 1
[1743166092992027194] 1
[1743166092992063986] 1
[1743166092992861785] 1
[1743166092995775104] 1
[1743166092995844313] 1
[1743166092995974065] 1
[1743166093887684287] 1
[1743166093888278835] 1
[1743166094010482675] 1
[1743166094010697344] 1
[1743166094010774344] 1
[1743166094010840887] 1
[1743166094010896137] 1
[1743166094013897666] 1
[1743166094013944083] 1
[1743166094013979292] 1
[1743166094022330082] 1
[1743166094022399207] 1
[1743166094022669793] 1
[1743166094022733461] 1
[1743166094022786711] 1
[1743166094022833670] 1
[1743166094023442176] 1
[1743166094026468997] 1
[1743166094026551123] 1
[1743166094891046775] 1
[1743166094891523613] 1
[1743166094891572281] 1
[1743166095007058820] 1
[1743166095007388698] 1
[1743166095007445740] 1
[1743166095007502824] 1
[1743166095007537200] 1
[1743166095007629659] 1
[1743166095007684409] 1
[1743166095007745035] 1
[1743166095019338316] 1
[1743166095019402316] 1
[1743166095019455650] 1
[1743166095019523401] 1
[1743166095019612402] 1
[1743166095019661652] 1
[1743166095020328034] 1
[1743166095020851081] 1
[1743166095020970790] 1
[1743166095894389219] 1
[1743166095895135476] 1
[1743166096014470485] 1
[1743166096014572278] 1
[1743166096014710321] 1
[1743166096014788405] 1
[1743166096014857531] 1
[1743166096017649767] 1
[1743166096017763351] 1
[1743166096029799180] 1
[1743166096029861555] 1
[1743166096029985140] 1
[1743166096030106433] 1
[1743166096030155558] 1
[1743166096030186600] 1
[1743166096030685438] 1
[1743166096033689510] 1
[1743166096033745552] 1
[1743166096033772386] 1
[1743166096896912525] 1
[1743166096897560990] 1
[1743166096897665283] 1
[1743166096897842284] 1
[1743166096898020203] 1
[1743166096898088912] 1
[1743166096898219330] 1
[1743166096898270164] 1
[1743166096898314747] 1
[1743166097006420616] 1
[1743166097006542076] 1
[1743166097006787870] 1
[1743166097007044497] 1
[1743166097007144082] 1
[1743166097007205082] 1
[1743166097007344584] 1
[1743166097007388459] 1
[1743166097007416834] 1
[1743166097007841255] 1
[1743166097008055799] 1
[1743166097901911641] 1
[1743166097902445647] 1
[1743166098021743601] 1
[1743166098022984780] 1
[1743166098023069198] 1
[1743166098023171449] 1
[1743166098023227199] 1
[1743166098023273117] 1
[1743166098023337284] 1
[1743166098023370326] 1
[1743166098038060934] 1
[1743166098038104434] 1
[1743166098038146518] 1
[1743166098038174685] 1
[1743166098038273436] 1
[1743166098038332187] 1
[1743166098038856359] 1
[1743166098039664492] 1
[1743166098039858161] 1
[1743166098039944828] 1
[1743166098904997480] 1
[1743166098905794738] 1
[1743166099034765515] 1
[1743166099034941016] 1
[1743166099034995684] 1
[1743166099035025434] 1
[1743166099035464730] 1
[1743166099038458219] 1
[1743166099038539012] 1
[1743166099038582304] 1
[1743166099047625147] 1
[1743166099047686898] 1
[1743166099047824524] 1
[1743166099047872066] 1
[1743166099047957817] 1
[1743166099048653075] 1
[1743166099048752326] 1
[1743166099051778690] 1
[1743166099051836316] 1
[1743166099908892359] 1
[1743166099909444781] 1
[1743166099909513657] 1
[1743166100040033131] 1
[1743166100040148549] 1
[1743166100040203258] 1
[1743166100040250633] 1
[1743166100040316801] 1
[1743166100040352718] 1
[1743166100040425177] 1
[1743166100040488303] 1
[1743166100052065007] 1
[1743166100052128341] 1
[1743166100052185591] 1
[1743166100052251467] 1
[1743166100052336051] 1
[1743166100052506345] 1
[1743166100055302915] 1
[1743166100055567418] 1
[1743166100055628169] 1
[1743166100912314846] 1
[1743166100912935186] 1
[1743166100913009978] 1
[1743166101038012034] 1
[1743166101038101910] 1
[1743166101038284954] 1
[1743166101038368955] 1
[1743166101038430914] 1
[1743166101038494289] 1
[1743166101038553498] 1
[1743166101050276163] 1
[1743166101050419998] 1
[1743166101050516374] 1
[1743166101050568417] 1
[1743166101050599625] 1
[1743166101050624459] 1
[1743166101050652834] 1
[1743166101054089912] 1
[1743166101054148579] 1
[1743166101916362701] 1
[1743166101916849331] 1
[1743166101916962541] 1
[1743166102044645223] 1
[1743166102047529920] 1
[1743166102047676297] 1
[1743166102047824548] 1
[1743166102047930008] 1
[1743166102047977592] 1
[1743166102048015384] 1
[1743166102048043467] 1
[1743166102057085355] 1
[1743166102057128064] 1
[1743166102057159981] 1
[1743166102057205273] 1
[1743166102057251190] 1
[1743166102057330524] 1
[1743166102057880030] 1
[1743166102061030064] 1
[1743166102061371151] 1
[1743166102922671107] 1
[1743166102923190070] 1
[1743166102923250238] 1
[1743166103051680359] 1
[1743166103052953748] 1
[1743166103053054041] 1
[1743166103053124041] 1
[1743166103053164125] 1
[1743166103053226084] 1
[1743166103053266001] 1
[1743166103053317168] 1
[1743166103064778167] 1
[1743166103064817334] 1
[1743166103064844917] 1
[1743166103064949752] 1
[1743166103065015419] 1
[1743166103065056753] 1
[1743166103067533446] 1
[1743166103067605739] 1
[1743166103067691740] 1
[1743166103926390426] 1
[1743166103927118309] 1
[1743166103927435396] 1
[1743166104049316210] 1
[1743166104052267117] 1
[1743166104052312993] 1
[1743166104052390369] 1
[1743166104052430827] 1
[1743166104053013834] 1
[1743166104053083209] 1
[1743166104053125252] 1
[1743166104059066316] 1
[1743166104059117775] 1
[1743166104059168817] 1
[1743166104059217151] 1
[1743166104059270152] 1
[1743166104059307360] 1
[1743166104059887617] 1
[1743166104062909316] 1
[1743166104930807706] 1
[1743166104931475963] 1
[1743166104931592839] 1
[1743166105054945347] 1
[1743166105055154681] 1
[1743166105055588390] 1
[1743166105055651307] 1
[1743166105055755140] 1
[1743166105055864932] 1
[1743166105055952890] 1
[1743166105056066182] 1
[1743166105070192743] 1
[1743166105070237951] 1
[1743166105070282034] 1
[1743166105070349993] 1
[1743166105070423701] 1
[1743166105072603163] 1
[1743166105072727663] 1
[1743166105072804204] 1
[1743166105072891746] 1
[1743166105937870231] 1
[1743166105938668357] 1
[1743166105938758816] 1
[1743166106064015788] 1
[1743166106064122330] 1
[1743166106064204330] 1
[1743166106064254622] 1
[1743166106064307955] 1
[1743166106064375122] 1
[1743166106064429789] 1
[1743166106078630644] 1
[1743166106078690769] 1
[1743166106078730811] 1
[1743166106078817436] 1
[1743166106078854270] 1
[1743166106078893770] 1
[1743166106079495396] 1
[1743166106080118980] 1
[1743166106080184772] 1
[1743166106080514564] 1
[1743166106940696956] 1
[1743166106941571082] 1
[1743166106941716583] 1
[1743166106941779666] 1
[1743166106941834874] 1
[1743166106941885291] 1
[1743166106941952333] 1
[1743166107043886544] 1
[1743166107044023461] 1
[1743166107044114252] 1
[1743166107044207378] 1
[1743166107044254544] 1
[1743166107056024732] 1
[1743166107056057191] 1
[1743166107056083774] 1
[1743166107056127774] 1
[1743166107056485275] 1
[1743166107057280818] 1
[1743166107057498985] 1
[1743166107944236960] 1
[1743166107944775753] 1
[1743166108072460332] 1
[1743166108072668291] 1
[1743166108072730124] 1
[1743166108072781166] 1
[1743166108072829166] 1
[1743166108072870916] 1
[1743166108072915416] 1
[1743166108072999208] 1
[1743166108087836280] 1
[1743166108087895238] 1
[1743166108087925072] 1
[1743166108087957114] 1
[1743166108088020405] 1
[1743166108090735619] 1
[1743166108090802786] 1
[1743166108090979786] 1
[1743166108091058703] 1
[1743166108091116287] 1
[1743166108950991537] 1
[1743166108951547122] 1
[1743166108951910456] 1
[1743166109079780566] 1
[1743166109079900567] 1
[1743166109080482068] 1
[1743166109080555276] 1
[1743166109080595610] 1
[1743166109080632235] 1
[1743166109080672235] 1
[1743166109080715235] 1
[1743166109089325255] 1
[1743166109089392421] 1
[1743166109089434963] 1
[1743166109089544463] 1
[1743166109089652922] 1
[1743166109089753214] 1
[1743166109090233798] 1
[1743166109093419056] 1
[1743166109955858299] 1
[1743166109956560259] 1
[1743166109956625884] 1
[1743166110090543956] 1
[1743166110090714082] 1
[1743166110093997715] 1
[1743166110094042007] 1
[1743166110094177049] 1
[1743166110094236757] 1
[1743166110094273841] 1
[1743166110094322674] 1
[1743166110099857021] 1
[1743166110099889396] 1
[1743166110099928896] 1
[1743166110099958688] 1
[1743166110100005605] 1
[1743166110100115522] 1
[1743166110100162564] 1
[1743166110101120774] 1
[1743166110104146615] 1
[1743166110958958866] 1
[1743166110959494576] 1
[1743166110959782743] 1
[1743166111082462399] 1
[1743166111082641024] 1
[1743166111082727483] 1
[1743166111082790150] 1
[1743166111082830900] 1
[1743166111082904275] 1
[1743166111082951150] 1
[1743166111097378773] 1
[1743166111097438023] 1
[1743166111097469898] 1
[1743166111097507898] 1
[1743166111097546023] 1
[1743166111097574481] 1
[1743166111098303567] 1
[1743166111099076819] 1
[1743166111099261819] 1
[1743166111099305694] 1
[1743166111962458032] 1
[1743166111963326576] 1
[1743166112089929187] 1
[1743166112092910945] 1
[1743166112092949571] 1
[1743166112092977779] 1
[1743166112093008862] 1
[1743166112093039279] 1
[1743166112093079446] 1
[1743166112093108446] 1
[1743166112102310723] 1
[1743166112102376640] 1
[1743166112102437307] 1
[1743166112102496598] 1
[1743166112102552474] 1
[1743166112102590682] 1
[1743166112103267642] 1
[1743166112106597360] 1
[1743166112106672111] 1
[1743166112968610882] 1
[1743166112969095883] 1
[1743166112969179133] 1
[1743166113097352653] 1
[1743166113097503570] 1
[1743166113098586032] 1
[1743166113098637365] 1
[1743166113098690324] 1
[1743166113098733699] 1
[1743166113099145700] 1
[1743166113099228617] 1
[1743166113110669778] 1
[1743166113110724611] 1
[1743166113110859612] 1
[1743166113110969071] 1
[1743166113111025071] 1
[1743166113111180530] 1
[1743166113114019747] 1
[1743166113114191206] 1
[1743166113114239872] 1
[1743166113971880481] 1
[1743166113972555233] 1
[1743166113972900359] 1
[1743166114093595381] 1
[1743166114093845174] 1
[1743166114093925924] 1
[1743166114093996674] 1
[1743166114094114008] 1
[1743166114094219092] 1
[1743166114097018684] 1
[1743166114108825474] 1
[1743166114108892557] 1
[1743166114108970224] 1
[1743166114109058683] 1
[1743166114109186475] 1
[1743166114109700269] 1
[1743166114113044530] 1
[1743166114113224989] 1
[1743166114113372572] 1
[1743166114975587585] 1
[1743166114976375379] 1
[1743166114976475171] 1
[1743166115101066941] 1
[1743166115101241567] 1
[1743166115101450651] 1
[1743166115101499276] 1
[1743166115101625152] 1
[1743166115101741694] 1
[1743166115101904194] 1
[1743166115101964278] 1
[1743166115115078783] 1
[1743166115115134450] 1
[1743166115115399326] 1
[1743166115115488743] 1
[1743166115115545201] 1
[1743166115115612910] 1
[1743166115115857327] 1
[1743166115118526003] 1
[1743166115118608837] 1
[1743166115980454277] 1
[1743166115981217446] 1
[1743166115981277029] 1
[1743166116101742019] 1
[1743166116102003228] 1
[1743166116102096604] 1
[1743166116102356730] 1
[1743166116102450980] 1
[1743166116102572064] 1
[1743166116102811940] 1
[1743166116103077399] 1
[1743166116118755208] 1
[1743166116118820208] 1
[1743166116118864750] 1
[1743166116118917792] 1
[1743166116119004334] 1
[1743166116119608920] 1
[1743166116120310422] 1
[1743166116120554423] 1
[1743166116120705382] 1
[1743166116983707710] 1
[1743166116984430087] 1
[1743166116984494588] 1
[1743166116984549130] 1
[1743166116984620463] 1
[1743166116984783255] 1
[1743166117094537685] 1
[1743166117094726103] 1
[1743166117094853853] 1
[1743166117095003895] 1
[1743166117095114729] 1
[1743166117095196854] 1
[1743166117107685154] 1
[1743166117107745404] 1
[1743166117107814779] 1
[1743166117107948322] 1
[1743166117108475324] 1
[1743166117109286994] 1
[1743166117109437494] 1
[1743166117988105557] 1
[1743166117988819185] 1
[1743166118116701130] 1
[1743166118116959006] 1
[1743166118117076506] 1
[1743166118117204549] 1
[1743166118117259591] 1
[1743166118117330549] 1
[1743166118117393883] 1
[1743166118117469175] 1
[1743166118132041819] 1
[1743166118132125902] 1
[1743166118132199986] 1
[1743166118132322278] 1
[1743166118132421279] 1
[1743166118132501196] 1
[1743166118132966948] 1
[1743166118133787451] 1
[1743166118133878701] 1
[1743166118134014327] 1
[1743166118991400100] 1
[1743166118992321229] 1
[1743166119126003433] 1
[1743166119126125475] 1
[1743166119126190058] 1
[1743166119126237975] 1
[1743166119126294059] 1
[1743166119126668519] 1
[1743166119126711269] 1
[1743166119126779228] 1
[1743166119135073347] 1
[1743166119135112264] 1
[1743166119135175472] 1
[1743166119135283223] 1
[1743166119135352265] 1
[1743166119135417015] 1
[1743166119136286936] 1
[1743166119139659909] 1
[1743166119139718492] 1
[1743166119995789176] 1
[1743166119996544346] 1
[1743166119996726305] 1
[1743166120120884659] 1
[1743166120121029327] 1
[1743166120121089118] 1
[1743166120121200452] 1
[1743166120121354036] 1
[1743166120121501829] 1
[1743166120121578329] 1
[1743166120134030761] 1
[1743166120134085719] 1
[1743166120134224553] 1
[1743166120134283720] 1
[1743166120134443679] 1
[1743166120134583971] 1
[1743166120135151307] 1
[1743166120138601781] 1
[1743166120138693948] 1
[1743166120999809944] 1
[1743166121000548447] 1
[1743166121000601448] 1
[1743166121123667696] 1
[1743166121123789321] 1
[1743166121123879822] 1
[1743166121123953614] 1
[1743166121124029322] 1
[1743166121124087239] 1
[1743166121124129156] 1
[1743166121135706669] 1
[1743166121135792920] 1
[1743166121135849962] 1
[1743166121135904462] 1
[1743166121135944920] 1
[1743166121136012087] 1
[1743166121136870966] 1
[1743166121138892684] 1
[1743166121139044268] 1
[1743166121139172019] 1
[1743166122006711082] 1
[1743166122007276627] 1
[1743166122007599753] 1
[1743166122129908188] 1
[1743166122130099356] 1
[1743166122130411274] 1
[1743166122130543233] 1
[1743166122130660025] 1
[1743166122130778276] 1
[1743166122130861276] 1
[1743166122130929026] 1
[1743166122145288139] 1
[1743166122145363181] 1
[1743166122145405764] 1
[1743166122145450431] 1
[1743166122145488973] 1
[1743166122147883818] 1
[1743166122148080402] 1
[1743166122148252986] 1
[1743166122148310612] 1
[1743166123009442347] 1
[1743166123009770182] 1
[1743166123010040850] 1
[1743166123094064320] 1
[1743166123094236279] 1
[1743166123094330613] 1
[1743166123094488572] 1
[1743166123094795032] 1
[1743166123094878949] 1
[1743166123103550243] 1
[1743166123103606868] 1
[1743166123103651119] 1
[1743166123103704661] 1
[1743166123104202955] 1
[1743166123104761041] 1
[1743166123104822916] 1
[1743166123105062167] 1
[1743166133014038093] 1
[1743166133014525846] 1
[1743166133014596096] 1
[1743166133022507692] 1
[1743166133022582817] 1
[1743166133034910359] 1
[1743166133049523625] 1
[1743166133049589917] 1
[1743166133060137072] 1
[1743166133060250614] 1
[1743166133060328490] 1
[1743166133060367782] 1
[1743166133060566075] 1
[1743166133066736241] 1
[1743166133069984472] 1
[1743166133070062597] 1
[1743166133070705393] 1
[1743166133104413163] 1
[1743166133104632790] 1
[1743166133104717040] 1
[1743166133107647602] 1
[1743166133145958986] 1
[1743166133146215238] 1
[1743166133149117841] 1
[1743166133149182217] 1
[1743166133149232300] 1
[1743166133149555302] 1
[1743166133209000830] 1
[1743166133209253957] 1
[1743166133209680335] 1
[1743166133209771669] 1
[1743166133209824669] 1
[1743166133223180968] 1
[1743166133238189320] 1
[1743166133238281320] 1
[1743166133238431780] 1
[1743166133241633301] 1
[1743166133244613571] 1
[1743166133258282747] 1
[1743166133313392162] 1
[1743166133313521622] 1
[1743166133313696664] 1
[1743166133316611768] 1
[1743166133317077187] 1
[1743166133317284064] 1
[1743166133323688149] 1
[1743166133324344195] 1
[1743166133362086284] 1
[1743166133362285452] 1
[1743166133362638413] 1
[1743166133362819581] 1
[1743166133401528926] 1
[1743166133401728427] 1
[1743166133404567405] 1
[1743166133404618905] 1
[1743166133404669947] 1
[1743166133404787865] 1
[1743166133478425197] 1
[1743166133478549281] 1
[1743166133478605282] 1
[1743166133478640782] 1
[1743166133481639052] 1
[1743166133481944096] 1
[1743166133498485666] 1
[1743166133498544500] 1
[1743166133500412971] 1
[1743166133503310949] 1
[1743166133503444200] 1
[1743166133508718902] 1
[1743166133560574754] 1
[1743166133560704754] 1
[1743166133560765880] 1
[1743166133560794672] 1
[1743166133563621941] 1
[1743166133567944845] 1
[1743166133576305402] 1
[1743166133577046574] 1
[1743166133616131422] 1
[1743166133619136234] 1
[1743166133619245151] 1
[1743166133619865572] 1
[1743166133652179458] 1
[1743166133655000310] 1
[1743166133655037810] 1
[1743166133655062602] 1
[1743166133655243228] 1
[1743166133671049752] 1
[1743166133720145793] 1
[1743166133720262419] 1
[1743166133720350461] 1
[1743166133720501545] 1
[1743166133733486175] 1
[1743166133733682968] 1
[1743166133750551291] 1
[1743166133753819313] 1
[1743166133753863688] 1
[1743166133753910438] 1
[1743166133756249704] 1
[1743166133764297217] 1
[1743166133821869399] 1
[1743166133822000191] 1
[1743166133822104609] 1
[1743166133822266693] 1
[1743166133825080462] 1
[1743166133825362381] 1
[1743166133831658132] 1
[1743166133832291469] 1
[1743166133873635458] 1
[1743166133873799626] 1
[1743166133873881293] 1
[1743166133874385838] 1
[1743166133912532013] 1
[1743166133912598555] 1
[1743166133912638639] 1
[1743166133912685014] 1
[1743166133915472283] 1
[1743166133915677118] 1
[1743166133972829171] 1
[1743166133972953547] 1
[1743166133973050506] 1
[1743166133976181486] 1
[1743166133976809323] 1
[1743166134023775728] 1
[1743166134050921249] 1
[1743166134050963708] 1
[1743166134050973833] 1
[1743166134050982708] 1
[1743166134051005375] 1
[1743166134051047667] 1
[1743166134051066375] 1
[1743166134051079459] 1
[1743166134051091250] 1
[1743166134051099000] 1
[1743166134051107292] 1
[1743166134051118626] 1
[1743166134051127626] 1
[1743166134051149459] 1
[1743166134051166793] 1
[1743166134051177751] 1
[1743166134051761463] 1
[1743166134051776838] 1
[1743166134051785047] 1
[1743166134052443718] 1
[1743166134057211293] 1
[1743166134120993318] 1
[1743166134156063894] 1
[1743166134217516737] 1
[1743166134307022940] 1
[1743166134307119191] 1
[1743166134309994836] 1
[1743166134310038628] 1
[1743166134310085795] 1
[1743166134313957530] 1
[1743166134314567576] 1
[1743166134375839584] 1
[1743166134407095467] 1
[1743166134473630469] 1
[1743166134564087929] 1
[1743166134564400015] 1
[1743166134567906248] 1
[1743166134567999415] 1
[1743166134568081624] 1
[1743166134568464918] 1
[1743166134571934484] 1
[1743166134632622363] 1
[1743166134662645737] 1
[1743166134728701237] 1
[1743166134818790777] 1
[1743166134818976737] 1
[1743166134821814840] 1
[1743166134821849465] 1
[1743166134821882257] 1
[1743166134826368497] 1
[1743166134827067376] 1
[1743166134887380044] 1
[1743166134957265820] 1
[1743166135057212104] 1
[1743166135057330396] 1
[1743166135057368938] 1
[1743166135057382772] 1
[1743166135057393355] 1
[1743166135057405772] 1
[1743166135057418022] 1
[1743166135057437814] 1
[1743166135057462480] 1
[1743166135057477231] 1
[1743166135057488439] 1
[1743166135057495356] 1
[1743166135057501564] 1
[1743166135057518939] 1
[1743166135057530023] 1
[1743166135057558189] 1
[1743166135057574023] 1
[1743166135057581315] 1
[1743166135068993229] 1
[1743166135069089396] 1
[1743166135077402413] 1
[1743166135077502039] 1
[1743166135078065085] 1
[1743166135078378170] 1
[1743166135078554130] 1
[1743166135365343660] 1
[1743166135367586301] 1
[1743166135367864970] 1
[1743166135367937970] 1
[1743166135368101888] 1
[1743166135599117315] 1
[1743166135599430234] 1
[1743166135602384880] 1
[1743166135602520047] 1
[1743166135602604048] 1
[1743166135877842288] 1
[1743166135880829768] 1
[1743166135880899851] 1
[1743166135881070228] 1
[1743166135881175645] 1
[1743166136058460866] 1
[1743166136058593575] 1
[1743166136058623659] 1
[1743166136058642534] 1
[1743166136058699076] 1
[1743166136058714785] 1
[1743166136058731451] 1
[1743166136058751410] 1
[1743166136058769785] 1
[1743166136058783827] 1
[1743166136058804035] 1
[1743166136058864077] 1
[1743166136058913536] 1
[1743166136058932870] 1
[1743166136058945828] 1
[1743166136058961120] 1
[1743166136114215144] 1
[1743166136114323020] 1
[1743166136114399479] 1
[1743166136114471313] 1
[1743166136114534396] 1
[1743166136114840232] 1
[1743166136117617835] 1
[1743166136118126214] 1
[1743166136344029097] 1
[1743166136347172578] 1
[1743166136347238203] 1
[1743166136347429288] 1
[1743166136347630831] 1
[1743166136625631757] 1
[1743166136632043137] 1
[1743166136632147513] 1
[1743166136632226263] 1
[1743166136898540105] 1
[1743166136898769732] 1
[1743166136898825440] 1
[1743166136898890691] 1
[1743166136898967983] 1
[1743166137060625701] 1
[1743166137060805202] 1
[1743166137060829619] 1
[1743166137060841244] 1
[1743166137060852203] 1
[1743166137060864828] 1
[1743166137060879078] 1
[1743166137060888661] 1
[1743166137060934703] 1
[1743166137060957537] 1
[1743166137060976537] 1
[1743166137061001245] 1
[1743166137061016329] 1
[1743166137061027537] 1
[1743166137061036871] 1
[1743166137061046162] 1
[1743166137061058538] 1
[1743166137089215870] 1
[1743166137089362871] 1
[1743166137104869652] 1
[1743166137107899466] 1
[1743166137108005134] 1
[1743166137108291511] 1
[1743166138063857983] 1
[1743166138189700346] 1
[1743166138189864638] 1
[1743166138189954972] 1
[1743166138192791077] 1
[1743166138192836494] 1
[1743166138192910203] 1
[1743166138192962787] 1
[1743166138192994454] 1
[1743166138201797728] 1
[1743166138201849854] 1
[1743166138201938313] 1
[1743166138202066980] 1
[1743166138202132356] 1
[1743166138202175523] 1
[1743166138202222398] 1
[1743166138202801652] 1
[1743166138205747175] 1
[1743166138205873676] 1
[1743166139067901540] 1
[1743166139068417378] 1
[1743166139068529962] 1
[1743166139191320902] 1
[1743166139191492404] 1
[1743166139191554613] 1
[1743166139191594446] 1
[1743166139191950866] 1
[1743166139192025408] 1
[1743166139195327391] 1
[1743166139195381934] 1
[1743166139195471059] 1
[1743166139195575768] 1
[1743166139195818562] 1
[1743166139195877604] 1
[1743166139195918771] 1
[1743166139196180898] 1
[1743166139196244857] 1
[1743166139196306857] 1
[1743166139196444317] 1
[1743166140071203193] 1
[1743166140071670614] 1
[1743166140200030532] 1
[1743166140200224950] 1
[1743166140200296117] 1
[1743166140200353159] 1
[1743166140200396576] 1
[1743166140200479452] 1
[1743166140200526619] 1
[1743166140200572619] 1
[1743166140214015724] 1
[1743166140214071724] 1
[1743166140214235892] 1
[1743166140214327226] 1
[1743166140214364852] 1
[1743166140214473686] 1
[1743166140215428068] 1
[1743166140218912721] 1
[1743166140219051763] 1
[1743166141073914774] 1
[1743166141075041700] 1
[1743166141076033749] 1
[1743166141209121639] 1
[1743166141209280265] 1
[1743166141209381182] 1
[1743166141209437141] 1
[1743166141209529434] 1
[1743166141209581559] 1
[1743166141209633684] 1
[1743166141209673143] 1
[1743166141218425629] 1
[1743166141218492838] 1
[1743166141218594131] 1
[1743166141218641881] 1
[1743166141218667256] 1
[1743166141218690756] 1
[1743166141219498179] 1
[1743166141222542912] 1
[1743166141222671580] 1
[1743166142077809669] 1
[1743166142078412007] 1
[1743166142078484424] 1
[1743166142195369743] 1
[1743166142195471243] 1
[1743166142195840163] 1
[1743166142195945539] 1
[1743166142196016331] 1
[1743166142196502418] 1
[1743166142196570627] 1
[1743166142196630586] 1
[1743166142212075919] 1
[1743166142212158378] 1
[1743166142212207878] 1
[1743166142212312129] 1
[1743166142212490297] 1
[1743166142213047719] 1
[1743166142213985143] 1
[1743166142214080477] 1
[1743166142214140269] 1
[1743166143080992485] 1
[1743166143081652491] 1
[1743166143187378650] 1
[1743166143187603610] 1
[1743166143187666152] 1
[1743166143187898321] 1
[1743166143188153990] 1
[1743166143188228032] 1
[1743166143199654626] 1
[1743166143199707584] 1
[1743166143199885336] 1
[1743166143200082337] 1
[1743166143200463424] 1
[1743166143201121929] 1
[1743166143201338181] 1
[1743166143201459349] 1
[1743166143201596017] 1
[1743166163090242801] 1
[1743166163147477442] 1
[1743166163147588110] 1
[1743166163147631068] 1
[1743166163148010739] 1
[1743166163162740143] 1
[1743166163173221295] 1
[1743166163173334088] 1
[1743166163173776717] 1
[1743166163176680539] 1
[1743166163176746123] 1
[1743166163176888667] 1
[1743166163280837047] 1
[1743166163281091216] 1
[1743166163281138758] 1
[1743166163281200801] 1
[1743166163281256593] 1
[1743166163281296927] 1
[1743166163281419220] 1
[1743166163301321511] 1
[1743166163301379304] 1
[1743166163301475055] 1
[1743166163301602306] 1
[1743166163301740182] 1
[1743166163301781600] 1
[1743166163314448774] 1
[1743166163314591025] 1
[1743166163314653984] 1
[1743166163325491556] 1
[1743166163325527598] 1
[1743166163325551307] 1
[1743166163325574015] 1
[1743166163328905342] 1
[1743166163328962176] 1
[1743166163329148219] 1
[1743166163350313941] 1
[1743166163350406775] 1
[1743166163350748696] 1
[1743166163356718258] 1
[1743166163359526413] 1
[1743166163359802207] 1
[1743166163359970542] 1
[1743166163360008043] 1
[1743166163360075168] 1
[1743166163372526924] 1
[1743166163372727468] 1
[1743166163372785510] 1
[1743166163395888793] 1
[1743166163402327236] 1
[1743166163402551863] 1
[1743166163424158340] 1
[1743166163424382842] 1
[1743166163424473176] 1
[1743166163424566844] 1
[1743166163424635136] 1
[1743166163428214715] 1
[1743166163428306841] 1
[1743166163428376800] 1
[1743166163537327900] 1
[1743166163537429901] 1
[1743166163537479901] 1
[1743166163537550277] 1
[1743166163537665237] 1
[1743166163537819738] 1
[1743166163537860114] 1
[1743166163557670238] 1
[1743166163557742864] 1
[1743166163557894615] 1
[1743166163557969241] 1
[1743166163558003241] 1
[1743166163558170410] 1
[1743166163572053555] 1
[1743166163599448634] 1
[1743166163599508676] 1
[1743166163599702595] 1
[1743166163600103557] 1
[1743166163600160724] 1
[1743166163600226225] 1
[1743166163613120277] 1
[1743166163613177527] 1
[1743166163613248528] 1
[1743166163613286737] 1
[1743166163613407988] 1
[1743166163625631366] 1
[1743166163625674700] 1
[1743166163625709825] 1
[1743166163625799118] 1
[1743166163641531324] 1
[1743166163641879495] 1
[1743166163645006319] 1
[1743166163657000778] 1
[1743166163659307886] 1
[1743166163677618827] 1
[1743166163677786121] 1
[1743166163677873163] 1
[1743166163677923247] 1
[1743166163680798986] 1
[1743166163681027655] 1
[1743166163789331831] 1
[1743166163789591333] 1
[1743166163789643084] 1
[1743166163789691918] 1
[1743166163789750377] 1
[1743166163789805169] 1
[1743166163790037963] 1
[1743166163812616658] 1
[1743166163812714159] 1
[1743166163812768909] 1
[1743166163812867827] 1
[1743166163812912203] 1
[1743166163813072496] 1
[1743166163827613440] 1
[1743166163827702024] 1
[1743166163840544784] 1
[1743166163840668785] 1
[1743166163860649619] 1
[1743166163860712787] 1
[1743166163860822788] 1
[1743166163860900872] 1
[1743166163867032061] 1
[1743166163867266897] 1
[1743166163867312981] 1
[1743166163867359606] 1
[1743166163867410857] 1
[1743166163882757392] 1
[1743166163882824976] 1
[1743166163909951219] 1
[1743166163910061095] 1
[1743166163910109970] 1
[1743166163913568173] 1
[1743166163915792530] 1
[1743166163933720426] 1
[1743166163933877928] 1
[1743166163933967554] 1
[1743166163937194379] 1
[1743166163937259838] 1
[1743166163937345256] 1
[1743166163937778844] 1
[1743166164043063700] 1
[1743166164043207076] 1
[1743166164043275827] 1
[1743166164043351536] 1
[1743166164043386620] 1
[1743166164043479329] 1
[1743166164043609289] 1
[1743166164066378280] 1
[1743166164066437655] 1
[1743166164066485572] 1
[1743166164066532573] 1
[1743166164066627574] 1
[1743166164066696575] 1
[1743166164066783909] 1
[1743166164083574461] 1
[1743166164093452691] 1
[1743166164115717676] 1
[1743166164115781843] 1
[1743166164116118930] 1
[1743166164116167181] 1
[1743166164119372923] 1
[1743166164119497091] 1
[1743166164119849470] 1
[1743166164120002305] 1
[1743166164120157181] 1
[1743166164120586894] 1
[1743166164123536342] 1
[1743166164139639971] 1
[1743166164170115459] 1
[1743166164269523927] 1
[1743166164269680803] 1
[1743166164269753679] 1
[1743166164269903847] 1
[1743166164269975806] 1
[1743166164280260748] 1
[1743166164280317207] 1
[1743166164280392750] 1
[1743166164281094049] 1
[1743166164292883715] 1
[1743166164293111801] 1
[1743166164293579014] 1
[1743166164326981617] 1
[1743166164327037868] 1
[1743166164330054900] 1
[1743166164330088358] 1
[1743166164330105400] 1
[1743166164330122025] 1
[1743166164330137651] 1
[1743166164330155942] 1
[1743166164330176734] 1
[1743166164330204110] 1
[1743166164330223485] 1
[1743166164330273235] 1
[1743166164330295986] 1
[1743166164330314819] 1
[1743166164330332403] 1
[1743166164330351903] 1
[1743166164330369361] 1
[1743166164330386861] 1
[1743166164330403570] 1
[1743166164344719471] 1
[1743166164345308478] 1
[1743166164391665717] 1
[1743166164457882584] 1
[1743166164526533879] 1
[1743166164526815882] 1
[1743166164527020467] 1
[1743166164527196219] 1
[1743166164527330053] 1
[1743166164527410721] 1
[1743166164527455346] 1
[1743166164533390446] 1
[1743166164533437738] 1
[1743166164534007119] 1
[1743166164534806960] 1
[1743166164547126913] 1
[1743166164582089963] 1
[1743166164648332319] 1
[1743166164715390765] 1
[1743166164781872456] 1
[1743166164781984332] 1
[1743166164782089167] 1
[1743166164794011033] 1
[1743166164794051950] 1
[1743166164794079367] 1
[1743166164794133576] 1
[1743166164794253202] 1
[1743166164797420108] 1
[1743166164797715611] 1
[1743166164797820070] 1
[1743166164805405936] 1
[1743166164838991264] 1
[1743166164904281818] 1
[1743166164967760647] 1
[1743166165037057622] 1
[1743166165037412206] 1
[1743166165037464581] 1
[1743166165037555415] 1
[1743166165037601831] 1
[1743166165046174308] 1
[1743166165046241350] 1
[1743166165046280141] 1
[1743166165046771892] 1
[1743166165047608561] 1
[1743166165047651478] 1
[1743166165058997085] 1
[1743166165322741474] 1
[1743166165334536915] 1
[1743166165334614666] 1
[1743166165334646999] 1
[1743166165334662957] 1
[1743166165334680791] 1
[1743166165334709582] 1
[1743166165334728333] 1
[1743166165334749166] 1
[1743166165334768041] 1
[1743166165334790249] 1
[1743166165334851416] 1
[1743166165335331209] 1
[1743166165335358876] 1
[1743166165335381126] 1
[1743166165335409584] 1
[1743166165335425626] 1
[1743166165335444584] 1
[1743166165335567626] 1
[1743166165335624918] 1
[1743166165335692460] 1
[1743166165335796168] 1
[1743166165335957460] 1
[1743166165336011544] 1
[1743166165336055585] 1
[1743166165338965383] 1
[1743166165339042258] 1
[1743166165339160342] 1
[1743166165340157677] 1
[1743166165341213305] 1
[1743166165575903507] 1
[1743166165576019049] 1
[1743166165576231925] 1
[1743166165576276842] 1
[1743166165576326300] 1
[1743166165576462425] 1
[1743166165579371265] 1
[1743166165579425598] 1
[1743166165579967724] 1
[1743166165827198662] 1
[1743166165827603871] 1
[1743166165839517688] 1
[1743166165839606980] 1
[1743166165839703230] 1
[1743166165839781355] 1
[1743166165840246648] 1
[1743166165843116946] 1
[1743166165843163529] 1
[1743166165843221862] 1
[1743166166081110880] 1
[1743166166081406964] 1
[1743166166081710173] 1
[1743166166090864861] 1
[1743166166091005028] 1
[1743166166091060528] 1
[1743166166091250028] 1
[1743166166091291445] 1
[1743166166094175785] 1
[1743166166094262827] 1
[1743166166343543656] 1
[1743166166343656364] 1
[1743166166343688198] 1
[1743166166343702364] 1
[1743166166343757906] 1
[1743166166343805365] 1
[1743166166343816948] 1
[1743166166343829281] 1
[1743166166343847823] 1
[1743166166343883782] 1
[1743166166343897073] 1
[1743166166343906698] 1
[1743166166343916448] 1
[1743166166343926615] 1
[1743166166344015865] 1
[1743166166355898726] 1
[1743166166356008435] 1
[1743166166356077643] 1
[1743166166356130518] 1
[1743166166356853353] 1
[1743166166359985152] 1
[1743166166360020361] 1
[1743166166360042819] 1
[1743166166360071069] 1
[1743166166360093528] 1
[1743166166360134944] 1
[1743166166360183153] 1
[1743166166360224111] 1
[1743166166360261653] 1
[1743166166361630948] 1
[1743166166594551655] 1
[1743166166594650780] 1
[1743166166603186925] 1
[1743166166603241342] 1
[1743166166603359009] 1
[1743166166603432551] 1
[1743166166603943844] 1
[1743166166606921100] 1
[1743166166606985892] 1
[1743166166607021934] 1
[1743166166858075308] 1
[1743166166858485059] 1
[1743166166871709423] 1
[1743166166871897049] 1
[1743166166871943341] 1
[1743166166871982049] 1
[1743166166872276675] 1
[1743166166872870676] 1
[1743166166872922051] 1
[1743166166873197219] 1
[1743166167106614990] 1
[1743166167107187616] 1
[1743166167118898313] 1
[1743166167118947688] 1
[1743166167118979396] 1
[1743166167119007188] 1
[1743166167119485481] 1
[1743166167120084149] 1
[1743166167120156066] 1
[1743166167120516234] 1
[1743166167349987398] 1
[1743166167350100231] 1
[1743166167350113023] 1
[1743166167350125940] 1
[1743166167350137565] 1
[1743166167350162607] 1
[1743166167350175232] 1
[1743166167350186607] 1
[1743166167350198607] 1
[1743166167350210232] 1
[1743166167350222648] 1
[1743166167350233898] 1
[1743166167350244648] 1
[1743166167350255815] 1
[1743166167350266982] 1
[1743166167358883629] 1
[1743166167358969504] 1
[1743166167359016837] 1
[1743166167359059379] 1
[1743166167359105713] 1
[1743166167359156838] 1
[1743166167359213338] 1
[1743166167366403231] 1
[1743166167366507190] 1
[1743166167366552731] 1
[1743166167367182900] 1
[1743166167600117864] 1
[1743166167600326115] 1
[1743166167603801874] 1
[1743166167604125333] 1
[1743166167607225966] 1
[1743166167874697476] 1
[1743166167875229436] 1
[1743166167875350728] 1
[1743166167875589562] 1
[1743166167875861354] 1
[1743166168117405572] 1
[1743166168117719990] 1
[1743166168123422589] 1
[1743166168123767506] 1
[1743166168124340300] 1
[1743166168362047701] 1
[1743166168362119451] 1
[1743166168362136909] 1
[1743166168362165534] 1
[1743166168362183284] 1
[1743166168362212701] 1
[1743166168362229535] 1
[1743166168362247451] 1
[1743166168362267618] 1
[1743166168362281118] 1
[1743166168362293576] 1
[1743166168362308368] 1
[1743166168362321826] 1
[1743166168362334826] 1
[1743166168362347493] 1
[1743166168388530023] 1
[1743166168388620273] 1
[1743166168388848482] 1
[1743166168391998574] 1
[1743166168392039366] 1
[1743166168392067116] 1
[1743166168392092825] 1
[1743166168392119408] 1
[1743166168392621409] 1
[1743166168393099661] 1
[1743166168635874326] 1
[1743166168635999993] 1
[1743166168636104076] 1
[1743166168636190577] 1
[1743166168636744370] 1
[1743166168897225292] 1
[1743166168897350834] 1
[1743166168897379375] 1
[1743166168897422625] 1
[1743166168897473042] 1
[1743166169145395791] 1
[1743166169145662542] 1
[1743166169148841718] 1
[1743166169148974885] 1
[1743166169149718221] 1
[1743166169370881413] 1
[1743166169370993914] 1
[1743166169371023789] 1
[1743166169371039289] 1
[1743166169371052789] 1
[1743166169371067831] 1
[1743166169371087206] 1
[1743166169371102997] 1
[1743166169371117372] 1
[1743166169371133914] 1
[1743166169371154456] 1
[1743166169371179456] 1
[1743166169371199539] 1
[1743166169371227206] 1
[1743166169371267831] 1
[1743166169409957278] 1
[1743166169410330655] 1
[1743166169410381696] 1
[1743166169413345372] 1
[1743166169413406122] 1
[1743166169413466080] 1
[1743166169413544706] 1
[1743166169413628706] 1
[1743166169413689123] 1
[1743166169414582584] 1
[1743166169660275973] 1
[1743166169660636266] 1
[1743166169663628567] 1
[1743166169663737109] 1
[1743166169663872442] 1
[1743166169909497874] 1
[1743166169909869416] 1
[1743166169912898217] 1
[1743166169913113176] 1
[1743166169913356302] 1
[1743166170170060840] 1
[1743166170170438050] 1
[1743166170170514425] 1
[1743166170173680685] 1
[1743166170173761227] 1
[1743166170380524793] 1
[1743166170380673377] 1
[1743166170380736669] 1
[1743166170380795336] 1
[1743166170380942836] 1
[1743166170381018295] 1
[1743166170381074087] 1
[1743166170381100170] 1
[1743166170381118920] 1
[1743166170381142004] 1
[1743166170381160045] 1
[1743166170381177879] 1
[1743166170381213629] 1
[1743166170381233837] 1
[1743166170381254546] 1
[1743166170423431262] 1
[1743166170424171264] 1
[1743166170424596599] 1
[1743166170424820933] 1
[1743166170427786025] 1
[1743166170430609034] 1
[1743166170430671701] 1
[1743166170431091327] 1
[1743166170431645871] 1
[1743166170682937119] 1
[1743166170683108828] 1
[1743166170683243329] 1
[1743166170683508288] 1
[1743166170683665747] 1
[1743166170929364727] 1
[1743166170929834562] 1
[1743166170930070980] 1
[1743166170930159813] 1
[1743166170936306041] 1
[1743166171190578543] 1
[1743166171190806919] 1
[1743166171191140337] 1
[1743166171191433546] 1
[1743166171191632297] 1
[1743166171383387146] 1
[1743166171383513521] 1
[1743166171383538355] 1
[1743166171383596230] 1
[1743166171383619105] 1
[1743166171383636022] 1
[1743166171383667397] 1
[1743166171383690564] 1
[1743166171383709939] 1
[1743166171383731689] 1
[1743166171383755064] 1
[1743166171383777064] 1
[1743166171383801731] 1
[1743166171383826981] 1
[1743166171383850939] 1
[1743166171383875564] 1
[1743166171383898189] 1
[1743166171419456642] 1
[1743166171419680892] 1
[1743166171419888810] 1
[1743166172386798490] 1
[1743166172513686939] 1
[1743166172513967440] 1
[1743166172514081815] 1
[1743166172514206524] 1
[1743166172514347524] 1
[1743166172514595192] 1
[1743166172514664150] 1
[1743166172514862693] 1
[1743166172514920860] 1
[1743166172530476040] 1
[1743166172530545998] 1
[1743166172530590998] 1
[1743166172530631040] 1
[1743166172530885958] 1
[1743166172533669593] 1
[1743166172533903927] 1
[1743166172534091344] 1
[1743166172534150094] 1
[1743166172534199761] 1
[1743166173390600072] 1
[1743166173391498908] 1
[1743166173391982535] 1
[1743166173485276841] 1
[1743166173485629259] 1
[1743166173485796718] 1
[1743166173485969052] 1
[1743166173486127011] 1
[1743166173492043700] 1
[1743166173492156242] 1
[1743166173492265326] 1
[1743166173492424743] 1
[1743166173493020703] 1
[1743166173493237996] 1
[1743166192995644299] 0 : Request cancelled by client due to FailedTimeout
[1743166193048088706] 0 : Request cancelled by client due to FailedTimeout
[1743166193099136604] 0 : Request cancelled by client due to FailedTimeout
[1743166193149381289] 0 : Request cancelled by client due to FailedTimeout
[1743166193199834641] 0 : Request cancelled by client due to FailedTimeout
[1743166193250335328] 0 : Request cancelled by client due to FailedTimeout
[1743166193300985682] 0 : Request cancelled by client due to FailedTimeout
[1743166193351489409] 0 : Request cancelled by client due to FailedTimeout
[1743166193403212938] 0 : Request cancelled by client due to FailedTimeout
[1743166193454868090] 0 : Request cancelled by client due to FailedTimeout
[1743166193505473402] 0 : Request cancelled by client due to FailedTimeout
[1743166193556658843] 0 : Request cancelled by client due to FailedTimeout
[1743166213323099453] 1
[1743166213323286246] 1
[1743166213351100715] 1
[1743166213351285508] 1
[1743166213351381468] 1
[1743166213354209494] 1
[1743166213357114313] 1
[1743166213363228829] 1
[1743166213363518123] 1
[1743166213364105503] 1
[1743166213364162629] 1
[1743166213457476961] 1
[1743166213457859257] 1
[1743166213464845072] 1
[1743166213464980240] 1
[1743166213518082404] 1
[1743166213518231822] 1
[1743166213518277739] 1
[1743166213518379574] 1
[1743166213518432449] 1
[1743166213521900857] 1
[1743166213521977024] 1
[1743166213522019774] 1
[1743166213530253060] 1
[1743166213530324936] 1
[1743166213530393728] 1
[1743166213550427957] 1
[1743166213550522250] 1
[1743166213550620459] 1
[1743166213551026463] 1
[1743166213551071338] 1
[1743166213551119255] 1
[1743166213559873671] 1
[1743166213563184660] 1
[1743166213570279851] 1
[1743166213597714567] 1
[1743166213597771859] 1
[1743166213597805068] 1
[1743166213600968014] 1
[1743166213600999764] 1
[1743166213607189822] 1
[1743166213607246948] 1
[1743166213607317657] 1
[1743166213625931748] 1
[1743166213626005749] 1
[1743166213641761604] 1
[1743166213641827105] 1
[1743166213641894106] 1
[1743166213641932148] 1
[1743166213678142320] 1
[1743166213678199071] 1
[1743166213681544144] 1
[1743166213681594186] 1
[1743166213681634228] 1
[1743166213681664645] 1
[1743166213681702312] 1
[1743166213772950375] 1
[1743166213773060626] 1
[1743166213791819218] 1
[1743166213794669162] 1
[1743166213794716204] 1
[1743166213794789371] 1
[1743166213794835288] 1
[1743166213794932956] 1
[1743166213794979581] 1
[1743166213817965213] 1
[1743166213818030381] 1
[1743166213818060548] 1
[1743166213818097881] 1
[1743166213818130757] 1
[1743166213818163257] 1
[1743166213818239841] 1
[1743166213818277841] 1
[1743166213818352425] 1
[1743166213818392426] 1
[1743166213818438884] 1
[1743166213849760761] 1
[1743166213849868221] 1
[1743166213849925596] 1
[1743166213849968180] 1
[1743166213850064889] 1
[1743166213850100389] 1
[1743166213850173515] 1
[1743166213850233557] 1
[1743166213850289516] 1
[1743166213850345350] 1
[1743166213884148083] 1
[1743166213884209917] 1
[1743166213884240001] 1
[1743166213884280126] 1
[1743166213935051852] 1
[1743166213935110186] 1
[1743166213935176103] 1
[1743166213935305354] 1
[1743166213935458314] 1
[1743166213935517148] 1
[1743166213935601024] 1
[1743166213935650191] 1
[1743166213985213447] 1
[1743166213985445991] 1
[1743166213985496366] 1
[1743166213985548950] 1
[1743166213985596659] 1
[1743166213986197664] 1
[1743166213986516834] 1
[1743166213986565293] 1
[1743166213986609251] 1
[1743166213986664169] 1
[1743166213986712627] 1
[1743166213999826125] 1
[1743166213999903043] 1
[1743166213999957376] 1
[1743166214000022210] 1
[1743166214039980422] 1
[1743166214040035381] 1
[1743166214040069048] 1
[1743166214040126757] 1
[1743166214040156174] 1
[1743166214040183799] 1
[1743166214040222091] 1
[1743166214040261508] 1
[1743166214040588511] 1
[1743166214040669095] 1
[1743166214056376452] 1
[1743166214056450036] 1
[1743166214076754645] 1
[1743166214076809771] 1
[1743166214076957314] 1
[1743166214077009398] 1
[1743166214079901675] 1
[1743166214080012801] 1
[1743166214080071593] 1
[1743166214080114469] 1
[1743166214080275470] 1
[1743166214080351096] 1
[1743166214080391388] 1
[1743166214080450722] 1
[1743166214080497347] 1
[1743166214116830191] 1
[1743166214116892650] 1
[1743166214116946442] 1
[1743166214117047985] 1
[1743166214117114069] 1
[1743166214117149778] 1
[1743166214117182570] 1
[1743166214117231237] 1
[1743166214143085773] 1
[1743166214143145482] 1
[1743166214143194024] 1
[1743166214143299692] 1
[1743166214143366692] 1
[1743166214143557278] 1
[1743166214189286086] 1
[1743166214189348836] 1
[1743166214189411920] 1
[1743166214189448670] 1
[1743166214189500754] 1
[1743166214189581297] 1
[1743166214248504271] 1
[1743166214248589022] 1
[1743166214290778421] 1
[1743166214290842380] 1
[1743166214290892673] 1
[1743166214290934298] 1
[1743166214290976340] 1
[1743166214291006507] 1
[1743166214291048716] 1
[1743166214291136300] 1
[1743166214302598825] 1
[1743166214302652992] 1
[1743166214329174577] 1
[1743166214329222077] 1
[1743166214329261244] 1
[1743166214329296995] 1
[1743166214329361328] 1
[1743166214329408037] 1
[1743166214335932224] 1
[1743166214335987141] 1
[1743166214336028683] 1
[1743166214336245685] 1
[1743166214336314019] 1
[1743166214336383603] 1
[1743166214356446085] 1
[1743166214356566461] 1
[1743166214356634128] 1
[1743166214356703004] 1
[1743166214356784255] 1
[1743166214356827255] 1
[1743166214356872797] 1
[1743166214356998173] 1
[1743166214357125050] 1
[1743166214369074913] 1
[1743166214369131497] 1
[1743166214369222164] 1
[1743166214370198173] 1
[1743166214370840930] 1
[1743166214507915061] 1
[1743166214513942076] 1
[1743166214514045785] 1
[1743166214514144536] 1
[1743166214514811251] 1
[1743166214514874627] 1
[1743166214517782821] 1
[1743166214518219450] 1
[1743166214521733483] 1
[1743166214521800317] 1
[1743166214521827567] 1
[1743166214521851568] 1
[1743166214521936693] 1
[1743166214521968819] 1
[1743166214522011527] 1
[1743166214522071778] 1
[1743166214522125404] 1
[1743166214523030037] 1
[1743166214569196766] 1
[1743166214600419186] 1
[1743166214737018813] 1
[1743166214740209760] 1
[1743166214740297052] 1
[1743166214740353803] 1
[1743166214740431804] 1
[1743166214740987226] 1
[1743166214744292632] 1
[1743166214773995455] 1
[1743166214774182582] 1
[1743166214774231499] 1
[1743166214774281624] 1
[1743166214774433834] 1
[1743166214774476376] 1
[1743166214817343490] 1
[1743166214825688694] 1
[1743166214825800654] 1
[1743166214827953424] 1
[1743166214828119384] 1
[1743166214835152326] 1
[1743166214855911980] 1
[1743166214990014333] 1
[1743166214990117084] 1
[1743166214990161293] 1
[1743166214990200377] 1
[1743166214990247627] 1
[1743166214990286169] 1
[1743166214990320961] 1
[1743166214991064385] 1
[1743166214991136886] 1
[1743166214991171553] 1
[1743166214991205595] 1
[1743166214991240345] 1
[1743166214991284679] 1
[1743166214991326721] 1
[1743166214991380638] 1
[1743166214991420930] 1
[1743166214991463056] 1
[1743166214997921283] 1
[1743166214997981826] 1
[1743166214998027493] 1
[1743166214998085785] 1
[1743166214998122244] 1
[1743166214998214453] 1
[1743166214998299662] 1
[1743166214998375246] 1
[1743166215006826910] 1
[1743166215006900827] 1
[1743166215006977495] 1
[1743166215007017370] 1
[1743166215007057829] 1
[1743166215007103454] 1
[1743166215010909741] 1
[1743166215013834602] 1
[1743166215013887561] 1
[1743166215013926936] 1
[1743166215013970312] 1
[1743166215019517906] 1
[1743166215024084783] 1
[1743166215081669334] 1
[1743166215108252589] 1
[1743166215241378904] 1
[1743166215241491572] 1
[1743166215241648990] 1
[1743166215241748699] 1
[1743166215241808408] 1
[1743166215241876825] 1
[1743166215242055410] 1
[1743166215255622873] 1
[1743166215255702832] 1
[1743166215255754041] 1
[1743166215255807125] 1
[1743166215255846584] 1
[1743166215257094387] 1
[1743166215260309168] 1
[1743166215260383627] 1
[1743166215264093996] 1
[1743166215271167355] 1
[1743166215271783736] 1
[1743166215561428757] 1
[1743166215561610467] 1
[1743166215561724843] 1
[1743166215561780636] 1
[1743166215561843595] 1
[1743166215561891303] 1
[1743166215561929137] 1
[1743166215561987429] 1
[1743166215562032513] 1
[1743166215562095889] 1
[1743166215562189723] 1
[1743166215562247265] 1
[1743166215562290641] 1
[1743166215562398017] 1
[1743166215563920198] 1
[1743166215769611916] 1
[1743166215769787542] 1
[1743166215769839334] 1
[1743166215769880335] 1
[1743166215769971502] 1
[1743166215770728385] 1
[1743166215773982332] 1
[1743166215774012791] 1
[1743166215774035875] 1
[1743166215774064583] 1
[1743166215774216460] 1
[1743166215774501129] 1
[1743166215774563421] 1
[1743166215774670964] 1
[1743166215774760923] 1
[1743166216004808208] 1
[1743166216004911792] 1
[1743166216004951584] 1
[1743166216004990043] 1
[1743166216005025835] 1
[1743166216005063502] 1
[1743166216005592007] 1
[1743166216005767134] 1
[1743166216005802592] 1
[1743166216005837843] 1
[1743166216005867843] 1
[1743166216005899843] 1
[1743166216005933594] 1
[1743166216005968344] 1
[1743166216006011053] 1
[1743166216031379131] 1
[1743166216031465424] 1
[1743166216031538299] 1
[1743166216031617342] 1
[1743166216031756676] 1
[1743166216031836886] 1
[1743166216031885428] 1
[1743166216031946220] 1
[1743166216049771642] 1
[1743166216049839643] 1
[1743166216049906852] 1
[1743166216050065853] 1
[1743166216050137687] 1
[1743166216050198855] 1
[1743166216050299481] 1
[1743166216054464188] 1
[1743166216054586897] 1
[1743166216054695190] 1
[1743166216054753565] 1
[1743166216054807399] 1
[1743166216284815955] 1
[1743166216284934581] 1
[1743166216285040124] 1
[1743166216285333252] 1
[1743166216285764715] 1
[1743166216298916633] 1
[1743166216299000467] 1
[1743166216299109843] 1
[1743166216299158219] 1
[1743166216299467764] 1
[1743166216302756879] 1
[1743166216302803338] 1
[1743166216302885297] 1
[1743166216303136257] 1
[1743166216303215591] 1
[1743166216579108508] 1
[1743166216579222009] 1
[1743166216579283093] 1
[1743166216579322843] 1
[1743166216579352510] 1
[1743166216579378969] 1
[1743166216579450136] 1
[1743166216579475303] 1
[1743166216579499595] 1
[1743166216579562595] 1
[1743166216579640763] 1
[1743166216579662680] 1
[1743166216579739431] 1
[1743166216579789973] 1
[1743166216579830098] 1
[1743166216793654998] 1
[1743166216794494714] 1
[1743166216794715175] 1
[1743166216794792175] 1
[1743166216795129679] 1
[1743166216813731275] 1
[1743166216813840318] 1
[1743166216813885027] 1
[1743166216814014403] 1
[1743166216818008983] 1
[1743166216818075317] 1
[1743166216818118443] 1
[1743166216857409614] 1
[1743166216859732178] 1
[1743166216859944347] 1
[1743166217017139659] 1
[1743166217017250619] 1
[1743166217017279577] 1
[1743166217017319203] 1
[1743166217017349619] 1
[1743166217017379578] 1
[1743166217017409662] 1
[1743166217017703831] 1
[1743166217017767124] 1
[1743166217017801582] 1
[1743166217017836249] 1
[1743166217020011479] 1
[1743166217020110146] 1
[1743166217020143563] 1
[1743166217020173314] 1
[1743166217020201064] 1
[1743166217020246898] 1
[1743166217040821599] 1
[1743166217040982683] 1
[1743166217041063184] 1
[1743166217041133268] 1
[1743166217041191894] 1
[1743166217041233061] 1
[1743166217041274686] 1
[1743166217041531397] 1
[1743166217053355763] 1
[1743166217053414388] 1
[1743166217053444263] 1
[1743166217053472847] 1
[1743166217053499931] 1
[1743166217053526056] 1
[1743166217057331176] 1
[1743166217057390469] 1
[1743166217057428886] 1
[1743166217057469803] 1
[1743166217312269331] 1
[1743166217312416583] 1
[1743166217312465750] 1
[1743166217312510834] 1
[1743166217315324111] 1
[1743166217315391195] 1
[1743166217318390766] 1
[1743166217318462142] 1
[1743166217318535226] 1
[1743166217318659602] 1
[1743166217318691644] 1
[1743166217318751061] 1
[1743166217318830395] 1
[1743166217318880354] 1
[1743166217318997397] 1
[1743166217540747811] 1
[1743166217545860986] 1
[1743166217556628424] 1
[1743166217556738551] 1
[1743166217563903870] 1
[1743166217564257707] 1
[1743166217567371904] 1
[1743166217568505582] 1
[1743166217571736614] 1
[1743166217571826114] 1
[1743166217571868948] 1
[1743166217796579516] 1
[1743166217796658434] 1
[1743166217799498336] 1
[1743166217799570004] 1
[1743166217799662880] 1
[1743166217799794506] 1
[1743166217802724076] 1
[1743166217802809869] 1
[1743166217803790545] 1
[1743166217804950806] 1
[1743166218022021135] 1
[1743166218022659767] 1
[1743166218022984395] 1
[1743166218023020478] 1
[1743166218023062604] 1
[1743166218023092687] 1
[1743166218023124396] 1
[1743166218023159730] 1
[1743166218023191355] 1
[1743166218023223272] 1
[1743166218023265439] 1
[1743166218023302773] 1
[1743166218023334107] 1
[1743166218023365107] 1
[1743166218023394024] 1
[1743166218065502730] 1
[1743166218065942110] 1
[1743166218066028402] 1
[1743166218066158862] 1
[1743166218069811565] 1
[1743166218069928024] 1
[1743166218075725748] 1
[1743166218075798457] 1
[1743166218075857874] 1
[1743166218075939792] 1
[1743166218076017501] 1
[1743166218077116303] 1
[1743166218080583004] 1
[1743166218080641796] 1
[1743166218080677213] 1
[1743166218308631126] 1
[1743166218308918212] 1
[1743166218309006422] 1
[1743166218317683382] 1
[1743166218317770216] 1
[1743166218317811425] 1
[1743166218317858842] 1
[1743166218317901593] 1
[1743166218321184208] 1
[1743166218321243250] 1
[1743166218544051279] 1
[1743166218554697968] 1
[1743166218563459012] 1
[1743166218567705721] 1
[1743166218568172100] 1
[1743166218568514479] 1
[1743166218568565563] 1
[1743166218568616230] 1
[1743166218568647647] 1
[1743166218568674147] 1
[1743166218826079642] 1
[1743166218826204185] 1
[1743166218826737107] 1
[1743166218835954614] 1
[1743166218836030448] 1
[1743166218836148783] 1
[1743166218836195950] 1
[1743166218836845956] 1
[1743166218911345565] 1
[1743166218911472025] 1
[1743166219028077052] 1
[1743166219028201386] 1
[1743166219028232512] 1
[1743166219028261803] 1
[1743166219028291387] 1
[1743166219028319679] 1
[1743166219028348513] 1
[1743166219028924227] 1
[1743166219029247647] 1
[1743166219029277147] 1
[1743166219029313147] 1
[1743166219029339481] 1
[1743166219029362731] 1
[1743166219029385815] 1
[1743166219029435440] 1
[1743166219029462899] 1
[1743166219029503441] 1
[1743166219062131265] 1
[1743166219065163421] 1
[1743166219065658925] 1
[1743166219065698009] 1
[1743166219065733301] 1
[1743166219072000780] 1
[1743166219072084948] 1
[1743166219072145532] 1
[1743166219072245491] 1
[1743166219072334117] 1
[1743166219074608056] 1
[1743166219074868684] 1
[1743166219074967893] 1
[1743166219340000488] 1
[1743166219340458117] 1
[1743166219340668494] 1
[1743166219350829345] 1
[1743166219350877429] 1
[1743166219350916763] 1
[1743166219350946347] 1
[1743166219351757396] 1
[1743166219356010939] 1
[1743166219356265941] 1
[1743166219587600742] 1
[1743166219587745619] 1
[1743166219587881745] 1
[1743166219594670313] 1
[1743166219594742772] 1
[1743166219594840856] 1
[1743166219594893481] 1
[1743166219595877866] 1
[1743166219596022909] 1
[1743166219600382994] 1
[1743166219846463150] 1
[1743166219846754195] 1
[1743166219860080411] 1
[1743166219860141953] 1
[1743166219860216162] 1
[1743166219860247954] 1
[1743166219861127880] 1
[1743166219864325995] 1
[1743166219865409297] 1
[1743166219865501465] 1
[1743166220031440702] 1
[1743166220031594286] 1
[1743166220031705663] 1
[1743166220031759955] 1
[1743166220031831330] 1
[1743166220031872456] 1
[1743166220031910748] 1
[1743166220031945457] 1
[1743166220033037509] 1
[1743166220033456097] 1
[1743166220033521306] 1
[1743166220033566390] 1
[1743166220033613557] 1
[1743166220033650474] 1
[1743166220033689724] 1
[1743166220033741558] 1
[1743166220119469669] 1
[1743166220119976965] 1
[1743166220120090050] 1
[1743166220120219843] 1
[1743166220120288635] 1
[1743166220120369261] 1
[1743166220120726098] 1
[1743166220126442530] 1
[1743166220126506447] 1
[1743166220126573406] 1
[1743166220126667157] 1
[1743166220126714575] 1
[1743166220128205298] 1
[1743166220362430399] 1
[1743166220362853778] 1
[1743166220363129281] 1
[1743166220363212282] 1
[1743166220363263324] 1
[1743166220363311783] 1
[1743166220363625619] 1
[1743166220370100351] 1
[1743166220370164852] 1
[1743166220371146153] 1
[1743166220602649185] 1
[1743166220603024564] 1
[1743166220603073023] 1
[1743166220603140190] 1
[1743166220611974946] 1
[1743166220612072280] 1
[1743166220612144822] 1
[1743166220616574284] 1
[1743166220616635784] 1
[1743166220616676201] 1
[1743166220871929180] 1
[1743166220872328893] 1
[1743166220883888675] 1
[1743166220884326096] 1
[1743166220884446514] 1
[1743166220884530015] 1
[1743166220885046479] 1
[1743166220954180714] 1
[1743166220960194400] 1
[1743166220960360943] 1
[1743166221036191332] 1
[1743166221037067383] 1
[1743166221037365469] 1
[1743166221037396345] 1
[1743166221037424178] 1
[1743166221037450803] 1
[1743166221037479179] 1
[1743166221037504804] 1
[1743166221037533096] 1
[1743166221037554763] 1
[1743166221037578638] 1
[1743166221037604222] 1
[1743166221037646764] 1
[1743166221037668472] 1
[1743166221037690681] 1
[1743166221037713223] 1
[1743166221037737140] 1
[1743166221037760848] 1
[1743166221037782015] 1
[1743166221071323272] 1
[1743166221101007739] 1
[1743166221101547703] 1
[1743166221101622787] 1
[1743166221101677871] 1
[1743166221107564805] 1
[1743166221107644639] 1
[1743166221107696015] 1
[1743166221108885277] 1
[1743166221112050017] 1
[1743166221112146143] 1
[1743166221381535163] 1
[1743166221381648873] 1
[1743166221393456326] 1
[1743166221393500951] 1
[1743166221393557619] 1
[1743166221393596869] 1
[1743166221395351178] 1
[1743166221395431721] 1
[1743166221395540930] 1
[1743166221602786613] 1
[1743166221602911531] 1
[1743166221602958239] 1
[1743166221611668411] 1
[1743166221611819912] 1
[1743166221895469577] 1
[1743166221896210585] 1
[1743166221896407337] 1
[1743166221897103385] 1
[1743166221897492931] 1
[1743166222038549738] 1
[1743166222038714364] 1
[1743166222038773032] 1
[1743166222038815782] 1
[1743166222038862616] 1
[1743166222038906991] 1
[1743166222038954075] 1
[1743166222038993159] 1
[1743166222039022118] 1
[1743166222039057160] 1
[1743166222039108493] 1
[1743166222039209495] 1
[1743166222039250662] 1
[1743166222039308412] 1
[1743166222039354454] 1
[1743166222039387288] 1
[1743166222040990888] 1
[1743166222065596514] 1
[1743166222065700890] 1
[1743166222085172589] 1
[1743166222094752395] 1
[1743166222094901647] 1
[1743166222098465183] 1
[1743166222098965605] 1
[1743166222400789980] 1
[1743166222401451196] 1
[1743166222410534913] 1
[1743166222411677925] 1
[1743166222411747634] 1
[1743166222631939884] 1
[1743166222632118427] 1
[1743166222638023904] 1
[1743166222638604535] 1
[1743166222639234917] 1
[1743166222915026609] 1
[1743166222921449342] 1
[1743166222921571676] 1
[1743166222921701428] 1
[1743166222924448414] 1
[1743166223042800127] 1
[1743166223042936086] 1
[1743166223045913159] 1
[1743166223045952618] 1
[1743166223045970451] 1
[1743166223045987285] 1
[1743166223046015660] 1
[1743166223046038618] 1
[1743166223046061452] 1
[1743166223046078786] 1
[1743166223046106202] 1
[1743166223046128494] 1
[1743166223046147161] 1
[1743166223046177203] 1
[1743166223046200620] 1
[1743166223046218995] 1
[1743166223046237370] 1
[1743166223046258329] 1
[1743166223046279038] 1
[1743166223059692384] 1
[1743166223129189642] 1
[1743166223129947608] 1
[1743166223130008359] 1
[1743166223133227517] 1
[1743166223136439050] 1
[1743166223139490081] 0 : Request cancelled by client due to FailedTimeout
[1743166223192245375] 0 : Request cancelled by client due to FailedTimeout
[1743166223244075326] 0 : Request cancelled by client due to FailedTimeout
[1743166223295945735] 0 : Request cancelled by client due to FailedTimeout
[1743166223347500016] 0 : Request cancelled by client due to FailedTimeout
[1743166223398519750] 0 : Request cancelled by client due to FailedTimeout
[1743166223448614225] 0 : Request cancelled by client due to FailedTimeout
[1743166223499998421] 0 : Request cancelled by client due to FailedTimeout
[1743166223550087354] 0 : Request cancelled by client due to FailedTimeout
[1743166223601534134] 0 : Request cancelled by client due to FailedTimeout
[1743166223651735610] 0 : Request cancelled by client due to FailedTimeout
[1743166223703512185] 0 : Request cancelled by client due to FailedTimeout
[1743166223753827870] 0 : Request cancelled by client due to FailedTimeout
[1743166223805016356] 0 : Request cancelled by client due to FailedTimeout
[1743166223856728222] 0 : Request cancelled by client due to FailedTimeout
[1743166223913636975] 0 : Request cancelled by client due to FailedTimeout
[1743166223960158371] 0 : Request cancelled by client due to FailedTimeout
[1743166224010184804] 0 : Request cancelled by client due to FailedTimeout
[1743166224048473702] 1
[1743166224049168250] 1
[1743166224049281668] 1
[1743166224049465212] 1
[1743166224050921019] 1
[1743166224063505774] 0 : Request cancelled by client due to FailedTimeout
[1743166224113917840] 0 : Request cancelled by client due to FailedTimeout
[1743166224165676878] 0 : Request cancelled by client due to FailedTimeout
[1743166224216003276] 0 : Request cancelled by client due to FailedTimeout
[1743166224268508279] 0 : Request cancelled by client due to FailedTimeout
[1743166224319592060] 0 : Request cancelled by client due to FailedTimeout
[1743166224372483985] 0 : Request cancelled by client due to FailedTimeout
[1743166224424568609] 0 : Request cancelled by client due to FailedTimeout
[1743166224476532107] 0 : Request cancelled by client due to FailedTimeout
[1743166224526795451] 0 : Request cancelled by client due to FailedTimeout
[1743166224577662776] 0 : Request cancelled by client due to FailedTimeout
[1743166224629944573] 0 : Request cancelled by client due to FailedTimeout
[1743166224681842866] 0 : Request cancelled by client due to FailedTimeout
[1743166224733488449] 0 : Request cancelled by client due to FailedTimeout
[1743166224783646267] 0 : Request cancelled by client due to FailedTimeout
[1743166224835216390] 0 : Request cancelled by client due to FailedTimeout
[1743166224887658772] 0 : Request cancelled by client due to FailedTimeout
[1743166224938465930] 0 : Request cancelled by client due to FailedTimeout
[1743166224988435829] 0 : Request cancelled by client due to FailedTimeout
[1743166225039723432] 0 : Request cancelled by client due to FailedTimeout
[1743166225091694154] 0 : Request cancelled by client due to FailedTimeout
[1743166225141872164] 0 : Request cancelled by client due to FailedTimeout
[1743166225193671302] 0 : Request cancelled by client due to FailedTimeout
[1743166225244033979] 0 : Request cancelled by client due to FailedTimeout
[1743166225294892448] 0 : Request cancelled by client due to FailedTimeout
[1743166225346914046] 0 : Request cancelled by client due to FailedTimeout
[1743166225398308934] 0 : Request cancelled by client due to FailedTimeout
[1743166225450475115] 0 : Request cancelled by client due to FailedTimeout
[1743166225501476335] 0 : Request cancelled by client due to FailedTimeout
[1743166225551905262] 0 : Request cancelled by client due to FailedTimeout
[1743166225606625450] 0 : Request cancelled by client due to FailedTimeout
[1743166225658419964] 0 : Request cancelled by client due to FailedTimeout
[1743166225709319642] 0 : Request cancelled by client due to FailedTimeout
[1743166225760000194] 0 : Request cancelled by client due to FailedTimeout
[1743166225812184084] 0 : Request cancelled by client due to FailedTimeout
[1743166225863648097] 0 : Request cancelled by client due to FailedTimeout
[1743166225915320818] 0 : Request cancelled by client due to FailedTimeout
[1743166225966302622] 0 : Request cancelled by client due to FailedTimeout
[1743166226017184886] 0 : Request cancelled by client due to FailedTimeout
[1743166226068942493] 0 : Request cancelled by client due to FailedTimeout
[1743166226120650141] 0 : Request cancelled by client due to FailedTimeout
[1743166226170156450] 0 : Request cancelled by client due to FailedTimeout
[1743166226221970432] 0 : Request cancelled by client due to FailedTimeout
[1743166226273416663] 0 : Request cancelled by client due to FailedTimeout
[1743166226322969806] 0 : Request cancelled by client due to FailedTimeout
[1743166226374713079] 0 : Request cancelled by client due to FailedTimeout
[1743166226426763354] 0 : Request cancelled by client due to FailedTimeout
[1743166226476964039] 0 : Request cancelled by client due to FailedTimeout
[1743166226528077770] 0 : Request cancelled by client due to FailedTimeout
[1743166226579423625] 0 : Request cancelled by client due to FailedTimeout
[1743166226631184816] 0 : Request cancelled by client due to FailedTimeout
[1743166226682173587] 0 : Request cancelled by client due to FailedTimeout
[1743166226733001316] 0 : Request cancelled by client due to FailedTimeout
[1743166226784240464] 0 : Request cancelled by client due to FailedTimeout
[1743166226833846856] 0 : Request cancelled by client due to FailedTimeout
[1743166226886486507] 0 : Request cancelled by client due to FailedTimeout
[1743166226937949072] 0 : Request cancelled by client due to FailedTimeout
[1743166226990220763] 0 : Request cancelled by client due to FailedTimeout
[1743166227042029461] 0 : Request cancelled by client due to FailedTimeout
[1743166227093504410] 0 : Request cancelled by client due to FailedTimeout
[1743166227145431528] 0 : Request cancelled by client due to FailedTimeout
[1743166227195694890] 0 : Request cancelled by client due to FailedTimeout
[1743166227247927508] 0 : Request cancelled by client due to FailedTimeout
[1743166227298879748] 0 : Request cancelled by client due to FailedTimeout
[1743166227351441784] 0 : Request cancelled by client due to FailedTimeout
[1743166227402844566] 0 : Request cancelled by client due to FailedTimeout
[1743166227454042181] 0 : Request cancelled by client due to FailedTimeout
[1743166227505488297] 0 : Request cancelled by client due to FailedTimeout
[1743166227555525533] 0 : Request cancelled by client due to FailedTimeout
[1743166227608339904] 0 : Request cancelled by client due to FailedTimeout
[1743166237645879035] 0 : Request cancelled by client due to FailedTimeout
[1743166237696972822] 0 : Request cancelled by client due to FailedTimeout
[1743166237747653899] 0 : Request cancelled by client due to FailedTimeout
[1743166237799485857] 0 : Request cancelled by client due to FailedTimeout
[1743166237850946521] 0 : Request cancelled by client due to FailedTimeout
[1743166237902429019] 0 : Request cancelled by client due to FailedTimeout
[1743166237953508973] 0 : Request cancelled by client due to FailedTimeout
[1743166238006381020] 0 : Request cancelled by client due to FailedTimeout
[1743166238057916110] 0 : Request cancelled by client due to FailedTimeout
[1743166238108834113] 0 : Request cancelled by client due to FailedTimeout
[1743166238160806121] 0 : Request cancelled by client due to FailedTimeout
[1743166238211914750] 0 : Request cancelled by client due to FailedTimeout
[1743166238262809253] 0 : Request cancelled by client due to FailedTimeout
[1743166238314012716] 0 : Request cancelled by client due to FailedTimeout
[1743166238365378847] 0 : Request cancelled by client due to FailedTimeout
[1743166238416925728] 0 : Request cancelled by client due to FailedTimeout
[1743166238467819398] 0 : Request cancelled by client due to FailedTimeout
[1743166238521233288] 0 : Request cancelled by client due to FailedTimeout
[1743166238571592414] 0 : Request cancelled by client due to FailedTimeout
[1743166238623511089] 0 : Request cancelled by client due to FailedTimeout
[1743166238674057465] 0 : Request cancelled by client due to FailedTimeout
[1743166238726351933] 0 : Request cancelled by client due to FailedTimeout
[1743166238776810184] 0 : Request cancelled by client due to FailedTimeout
[1743166238827426686] 0 : Request cancelled by client due to FailedTimeout
[1743166238879636862] 0 : Request cancelled by client due to FailedTimeout
[1743166238931477370] 0 : Request cancelled by client due to FailedTimeout
[1743166238981407451] 0 : Request cancelled by client due to FailedTimeout
[1743166239032781628] 0 : Request cancelled by client due to FailedTimeout
[1743166239084607186] 0 : Request cancelled by client due to FailedTimeout
[1743166239134459316] 0 : Request cancelled by client due to FailedTimeout
[1743166239186691626] 0 : Request cancelled by client due to FailedTimeout
[1743166239237035676] 0 : Request cancelled by client due to FailedTimeout
[1743166239289141235] 0 : Request cancelled by client due to FailedTimeout
[1743166239348958875] 0 : Request cancelled by client due to FailedTimeout
[1743166239391802512] 0 : Request cancelled by client due to FailedTimeout
[1743166239442853857] 0 : Request cancelled by client due to FailedTimeout
[1743166239495192167] 0 : Request cancelled by client due to FailedTimeout
[1743166239546017636] 0 : Request cancelled by client due to FailedTimeout
[1743166239597350774] 0 : Request cancelled by client due to FailedTimeout
[1743166239647695199] 0 : Request cancelled by client due to FailedTimeout
[1743166239699460298] 0 : Request cancelled by client due to FailedTimeout
[1743166239751251355] 0 : Request cancelled by client due to FailedTimeout
[1743166239803564999] 0 : Request cancelled by client due to FailedTimeout
[1743166239853784881] 0 : Request cancelled by client due to FailedTimeout
[1743166239904669934] 0 : Request cancelled by client due to FailedTimeout
[1743166239956668618] 0 : Request cancelled by client due to FailedTimeout
[1743166240006360873] 0 : Request cancelled by client due to FailedTimeout
[1743166240058613899] 0 : Request cancelled by client due to FailedTimeout
[1743166240109764128] 0 : Request cancelled by client due to FailedTimeout
[1743166240159344640] 0 : Request cancelled by client due to FailedTimeout
[1743166240211573166] 0 : Request cancelled by client due to FailedTimeout
[1743166240263355731] 0 : Request cancelled by client due to FailedTimeout
[1743166240316045259] 0 : Request cancelled by client due to FailedTimeout
[1743166240366638277] 0 : Request cancelled by client due to FailedTimeout
[1743166240417258794] 0 : Request cancelled by client due to FailedTimeout
[1743166240469109693] 0 : Request cancelled by client due to FailedTimeout
[1743166240520788925] 0 : Request cancelled by client due to FailedTimeout
[1743166240572166363] 0 : Request cancelled by client due to FailedTimeout
[1743166240622454796] 0 : Request cancelled by client due to FailedTimeout
[1743166240673531649] 0 : Request cancelled by client due to FailedTimeout
[1743166240725785967] 0 : Request cancelled by client due to FailedTimeout
[1743166240777581407] 0 : Request cancelled by client due to FailedTimeout
[1743166240828472801] 0 : Request cancelled by client due to FailedTimeout
[1743166240880036449] 0 : Request cancelled by client due to FailedTimeout
[1743166240930582882] 0 : Request cancelled by client due to FailedTimeout
[1743166240982004946] 0 : Request cancelled by client due to FailedTimeout
[1743166241033403139] 0 : Request cancelled by client due to FailedTimeout
[1743166241085391880] 0 : Request cancelled by client due to FailedTimeout
[1743166241136505158] 0 : Request cancelled by client due to FailedTimeout
[1743166241189872948] 0 : Request cancelled by client due to FailedTimeout
[1743166241240479848] 0 : Request cancelled by client due to FailedTimeout
[1743166241292698632] 0 : Request cancelled by client due to FailedTimeout
[1743166241344517539] 0 : Request cancelled by client due to FailedTimeout
[1743166241395190565] 0 : Request cancelled by client due to FailedTimeout
[1743166241446651845] 0 : Request cancelled by client due to FailedTimeout
[1743166241498297750] 0 : Request cancelled by client due to FailedTimeout
[1743166241549135277] 0 : Request cancelled by client due to FailedTimeout
[1743166241601472603] 0 : Request cancelled by client due to FailedTimeout
[1743166241653129592] 0 : Request cancelled by client due to FailedTimeout
[1743166241705064875] 0 : Request cancelled by client due to FailedTimeout
[1743166241755447065] 0 : Request cancelled by client due to FailedTimeout
[1743166241806069549] 0 : Request cancelled by client due to FailedTimeout
[1743166241857836414] 0 : Request cancelled by client due to FailedTimeout
[1743166241908708774] 0 : Request cancelled by client due to FailedTimeout
[1743166241959962219] 0 : Request cancelled by client due to FailedTimeout
[1743166242011706711] 0 : Request cancelled by client due to FailedTimeout
[1743166242062746579] 0 : Request cancelled by client due to FailedTimeout
[1743166242112853026] 0 : Request cancelled by client due to FailedTimeout
[1743166242168579837] 0 : Request cancelled by client due to FailedTimeout
[1743166242220773837] 0 : Request cancelled by client due to FailedTimeout
[1743166242270607283] 0 : Request cancelled by client due to FailedTimeout
[1743166242321713610] 0 : Request cancelled by client due to FailedTimeout
[1743166242373073064] 0 : Request cancelled by client due to FailedTimeout
[1743166242423958515] 0 : Request cancelled by client due to FailedTimeout
[1743166242474129837] 0 : Request cancelled by client due to FailedTimeout
[1743166242526907923] 0 : Request cancelled by client due to FailedTimeout
[1743166242577418081] 0 : Request cancelled by client due to FailedTimeout
[1743166242628837326] 0 : Request cancelled by client due to FailedTimeout
[1743166242679166941] 0 : Request cancelled by client due to FailedTimeout
[1743166242731164273] 0 : Request cancelled by client due to FailedTimeout
[1743166242781505513] 0 : Request cancelled by client due to FailedTimeout
[1743166242833218718] 0 : Request cancelled by client due to FailedTimeout
[1743166242884949258] 0 : Request cancelled by client due to FailedTimeout
[1743166242935834750] 0 : Request cancelled by client due to FailedTimeout
[1743166242987323871] 0 : Request cancelled by client due to FailedTimeout
[1743166243037454156] 0 : Request cancelled by client due to FailedTimeout
[1743166243088937327] 0 : Request cancelled by client due to FailedTimeout
[1743166243140563456] 0 : Request cancelled by client due to FailedTimeout
[1743166243191582457] 0 : Request cancelled by client due to FailedTimeout
[1743166243243263879] 0 : Request cancelled by client due to FailedTimeout
[1743166243294011378] 0 : Request cancelled by client due to FailedTimeout
[1743166243345896092] 0 : Request cancelled by client due to FailedTimeout
[1743166243394823165] 0 : Request cancelled by client due to FailedTimeout
[1743166243446919380] 0 : Request cancelled by client due to FailedTimeout
[1743166243497880506] 0 : Request cancelled by client due to FailedTimeout
[1743166243548346004] 0 : Request cancelled by client due to FailedTimeout
[1743166243599757299] 0 : Request cancelled by client due to FailedTimeout
[1743166243651535512] 0 : Request cancelled by client due to FailedTimeout
[1743166243702316679] 0 : Request cancelled by client due to FailedTimeout
[1743166243754007309] 0 : Request cancelled by client due to FailedTimeout
[1743166273329878581] 0 : Request cancelled by client due to FailedTimeout
[1743166273379335288] 0 : Request cancelled by client due to FailedTimeout
[1743166273431066308] 0 : Request cancelled by client due to FailedTimeout
[1743166273481007437] 0 : Request cancelled by client due to FailedTimeout
[1743166273562603650] 0 : Request cancelled by client due to FailedTimeout
[1743166273577135160] 1
[1743166273577217369] 1
[1743166273608156655] 0 : Request cancelled by client due to FailedTimeout
[1743166273616552274] 1
[1743166273649325369] 0 : Request cancelled by client due to FailedTimeout
[1743166273665988857] 1
[1743166273666074649] 1
[1743166273670996986] 1
[1743166273671065529] 1
[1743166273682120672] 1
[1743166273682239299] 1
[1743166273682292174] 1
[1743166273682767387] 1
[1743166273682824929] 1
[1743166273689439365] 1
[1743166273689562575] 1
[1743166273692512685] 1
[1743166273693632487] 0 : Request cancelled by client due to FailedTimeout
[1743166273696147052] 1
[1743166273703203909] 1
[1743166273703702789] 1
[1743166273704035542] 1
[1743166273704075126] 1
[1743166273704106084] 1
[1743166273704134543] 1
[1743166273704188210] 1
[1743166273707375364] 1
[1743166273711924365] 1
[1743166273714958518] 1
[1743166273718118922] 1
[1743166273737856730] 1
[1743166273740852507] 1
[1743166273741127718] 0 : Request cancelled by client due to FailedTimeout
[1743166273752897661] 1
[1743166273755920272] 1
[1743166273760799984] 1
[1743166273760886026] 1
[1743166273779142737] 1
[1743166273782145806] 1
[1743166273782236099] 1
[1743166273782285932] 1
[1743166273782357141] 1
[1743166273782487851] 1
[1743166273789202621] 1
[1743166273789283122] 1
[1743166273797733867] 1
[1743166273797797493] 1
[1743166273797847743] 1
[1743166273798262372] 0 : Request cancelled by client due to FailedTimeout
[1743166273801270483] 1
[1743166273801407401] 1
[1743166273801481402] 1
[1743166273801634903] 1
[1743166273840427470] 1
[1743166273840490596] 1
[1743166273840652347] 1
[1743166273840724806] 1
[1743166273840782098] 1
[1743166273841604023] 0 : Request cancelled by client due to FailedTimeout
[1743166273921033883] 0 : Request cancelled by client due to FailedTimeout
[1743166273941412488] 1
[1743166273941611948] 1
[1743166273945275232] 1
[1743166273945500692] 1
[1743166273945564651] 1
[1743166273945622360] 1
[1743166273945668944] 1
[1743166273945732736] 1
[1743166273945774695] 1
[1743166273958976067] 1
[1743166273959058443] 1
[1743166273959147068] 1
[1743166273959202569] 1
[1743166273959237528] 1
[1743166273959283611] 1
[1743166273959323487] 1
[1743166273970883719] 0 : Request cancelled by client due to FailedTimeout
[1743166273977686782] 1
[1743166273977764074] 1
[1743166273977801491] 1
[1743166273997097544] 1
[1743166273997186754] 1
[1743166273997286005] 1
[1743166273997361089] 1
[1743166274007135513] 1
[1743166274007210430] 1
[1743166274007593059] 1
[1743166274009090989] 0 : Request cancelled by client due to FailedTimeout
[1743166274024360924] 1
[1743166274034074098] 1
[1743166274034164432] 1
[1743166274034310600] 1
[1743166274034379851] 1
[1743166274034430476] 1
[1743166274034530769] 1
[1743166274034609395] 1
[1743166274034673645] 1
[1743166274061201643] 0 : Request cancelled by client due to FailedTimeout
[1743166274097168729] 1
[1743166274097371106] 1
[1743166274117029164] 1
[1743166274117171832] 1
[1743166274117453960] 1
[1743166274117666795] 0 : Request cancelled by client due to FailedTimeout
[1743166274135669922] 1
[1743166274179769501] 0 : Request cancelled by client due to FailedTimeout
[1743166274197892711] 1
[1743166274198381883] 1
[1743166274198453217] 1
[1743166274198583551] 1
[1743166274198663094] 1
[1743166274242683547] 1
[1743166274242789548] 1
[1743166274242865298] 1
[1743166274242937382] 1
[1743166274243022216] 1
[1743166274243120509] 1
[1743166274243197260] 1
[1743166274243278552] 1
[1743166274243592680] 1
[1743166274243635014] 1
[1743166274243680473] 1
[1743166274243719223] 1
[1743166274245913702] 0 : Request cancelled by client due to FailedTimeout
[1743166274266556978] 1
[1743166274295217662] 1
[1743166274295296330] 1
[1743166274295367372] 1
[1743166274295476915] 1
[1743166274295535915] 1
[1743166274295591666] 1
[1743166274295709875] 1
[1743166274295804418] 1
[1743166274295869418] 1
[1743166274296025461] 1
[1743166274299037823] 0 : Request cancelled by client due to FailedTimeout
[1743166274343375279] 1
[1743166274343522822] 1
[1743166274343615823] 1
[1743166274375747290] 1
[1743166274375818540] 1
[1743166274375868874] 1
[1743166274375949458] 1
[1743166274376020709] 1
[1743166274376062917] 1
[1743166274376095626] 1
[1743166274376923676] 0 : Request cancelled by client due to FailedTimeout
[1743166274377355430] 0 : Request cancelled by client due to FailedTimeout
[1743166274396471191] 1
[1743166274454113522] 0 : Request cancelled by client due to FailedTimeout
[1743166274472267733] 1
[1743166274472332025] 1
[1743166274472363025] 1
[1743166274472464526] 1
[1743166274472515360] 1
[1743166274472589611] 1
[1743166274472688362] 1
[1743166274472789988] 1
[1743166274507659522] 1
[1743166274507724897] 1
[1743166274507790273] 1
[1743166274508010400] 1
[1743166274508080651] 1
[1743166274508132735] 1
[1743166274508187777] 1
[1743166274508236527] 1
[1743166274508336028] 1
[1743166274508421737] 1
[1743166274508470779] 1
[1743166274508589989] 1
[1743166274508678156] 1
[1743166274508732865] 1
[1743166274508768657] 1
[1743166274508819116] 1
[1743166274508889200] 1
[1743166274508951867] 1
[1743166274511727101] 0 : Request cancelled by client due to FailedTimeout
[1743166274511748518] 0 : Request cancelled by client due to FailedTimeout
[1743166274558249036] 1
[1743166274558329203] 1
[1743166274558409454] 1
[1743166274558623165] 1
[1743166274558676082] 1
[1743166274559001335] 1
[1743166274559047293] 1
[1743166274559097336] 1
[1743166274559179045] 1
[1743166274559230462] 1
[1743166274559285129] 1
[1743166274561850445] 0 : Request cancelled by client due to FailedTimeout
[1743166274625290496] 1
[1743166274625495539] 1
[1743166274625617374] 1
[1743166274625716958] 1
[1743166274625779584] 1
[1743166274625892710] 1
[1743166274625953210] 1
[1743166274627102513] 0 : Request cancelled by client due to FailedTimeout
[1743166274678791495] 0 : Request cancelled by client due to FailedTimeout
[1743166274695128731] 1
[1743166274695360442] 1
[1743166274695545527] 1
[1743166274695621111] 1
[1743166274695696903] 1
[1743166274695749029] 1
[1743166274695802738] 1
[1743166274695848738] 1
[1743166274695889988] 1
[1743166274695955281] 1
[1743166274696003448] 1
[1743166274696046948] 1
[1743166274696090990] 1
[1743166274696147741] 1
[1743166274696186825] 1
[1743166274700112820] 1
[1743166274700184945] 1
[1743166274703228807] 1
[1743166274703291974] 1
[1743166274703410642] 1
[1743166274703526560] 1
[1743166274703603769] 1
[1743166274703660144] 1
[1743166274703715520] 1
[1743166274703882855] 1
[1743166274704072732] 1
[1743166274708471606] 1
[1743166274710315832] 0 : Request cancelled by client due to FailedTimeout
[1743166274732518331] 1
[1743166274759943253] 1
[1743166274760713136] 0 : Request cancelled by client due to FailedTimeout
[1743166274803617453] 1
[1743166274803731579] 1
[1743166274803788496] 1
[1743166274804453211] 1
[1743166274804525378] 1
[1743166274804578462] 1
[1743166274804633171] 1
[1743166274804685296] 1
[1743166274804733214] 1
[1743166274804784381] 1
[1743166274805960433] 1
[1743166274806048434] 1
[1743166274806100351] 1
[1743166274806154310] 1
[1743166274806208852] 1
[1743166274806260436] 1
[1743166274806312020] 1
[1743166274807060319] 1
[1743166274807232695] 1
[1743166274830603455] 0 : Request cancelled by client due to FailedTimeout
[1743166274879733747] 1
[1743166274883545366] 0 : Request cancelled by client due to FailedTimeout
[1743166274886807105] 1
[1743166274886885856] 1
[1743166274889808383] 1
[1743166274889865634] 1
[1743166274898921052] 1
[1743166274898972761] 1
[1743166274899079512] 1
[1743166274899142137] 1
[1743166274902083206] 1
[1743166274905411946] 1
[1743166274905556155] 1
[1743166274908683268] 1
[1743166274908728477] 1
[1743166274908795852] 1
[1743166274908839311] 1
[1743166274908934104] 1
[1743166274909008354] 1
[1743166274916480216] 0 : Request cancelled by client due to FailedTimeout
[1743166274920665630] 1
[1743166274966184388] 0 : Request cancelled by client due to FailedTimeout
[1743166274982281539] 1
[1743166275018026499] 0 : Request cancelled by client due to FailedTimeout
[1743166275018143875] 1
[1743166275067280839] 0 : Request cancelled by client due to FailedTimeout
[1743166275126617440] 0 : Request cancelled by client due to FailedTimeout
[1743166275152229473] 1
[1743166275155615297] 1
[1743166275155669464] 1
[1743166275155728339] 1
[1743166275155789632] 1
[1743166275155877716] 1
[1743166275155930591] 1
[1743166275164368213] 1
[1743166275164441755] 1
[1743166275164494755] 1
[1743166275164534339] 1
[1743166275164574506] 1
[1743166275164657257] 1
[1743166275164808300] 1
[1743166275170644647] 1
[1743166275170765231] 1
[1743166275170810148] 1
[1743166275172705583] 0 : Request cancelled by client due to FailedTimeout
[1743166275178466596] 1
[1743166275218792434] 0 : Request cancelled by client due to FailedTimeout
[1743166275235720469] 1
[1743166275272019061] 0 : Request cancelled by client due to FailedTimeout
[1743166275272726860] 1
[1743166275321108524] 0 : Request cancelled by client due to FailedTimeout
[1743166275382032724] 0 : Request cancelled by client due to FailedTimeout
[1743166275407848259] 1
[1743166275407961135] 1
[1743166275408022844] 1
[1743166275411097248] 1
[1743166275411156415] 1
[1743166275411258999] 1
[1743166275419810872] 1
[1743166275419860705] 1
[1743166275419907456] 1
[1743166275419949873] 1
[1743166275419993457] 1
[1743166275420017874] 1
[1743166275420225042] 1
[1743166275426215432] 1
[1743166275426322016] 1
[1743166275426381184] 1
[1743166275427836989] 0 : Request cancelled by client due to FailedTimeout
[1743166275427883281] 1
[1743166275434025631] 1
[1743166275476374197] 0 : Request cancelled by client due to FailedTimeout
[1743166275491554298] 1
[1743166275528914651] 0 : Request cancelled by client due to FailedTimeout
[1743166275579362585] 0 : Request cancelled by client due to FailedTimeout
[1743166275635958077] 0 : Request cancelled by client due to FailedTimeout
[1743166275679159109] 0 : Request cancelled by client due to FailedTimeout
[1743166275698963546] 1
[1743166275699279466] 1
[1743166275699365425] 1
[1743166275699487884] 1
[1743166275699648011] 1
[1743166275699817179] 1
[1743166275700319600] 1
[1743166275700375393] 1
[1743166275700441643] 1
[1743166275700513894] 1
[1743166275700654812] 1
[1743166275700716896] 1
[1743166275700779063] 1
[1743166275700820272] 1
[1743166275701002232] 1
[1743166275729441667] 0 : Request cancelled by client due to FailedTimeout
[1743166275782776628] 0 : Request cancelled by client due to FailedTimeout
[1743166275808836749] 1
[1743166275808964125] 1
[1743166275809025751] 1
[1743166275809075834] 1
[1743166275809124960] 1
[1743166275809172294] 1
[1743166275810002593] 1
[1743166275810093094] 1
[1743166275810142928] 1
[1743166275810188637] 1
[1743166275810235387] 1
[1743166275810280471] 1
[1743166275810328513] 1
[1743166275810376347] 1
[1743166275811277772] 1
[1743166275812101155] 1
[1743166275812150988] 1
[1743166275812196864] 1
[1743166275812240698] 1
[1743166275825745408] 1
[1743166275831043958] 0 : Request cancelled by client due to FailedTimeout
[1743166275889234174] 0 : Request cancelled by client due to FailedTimeout
[1743166275912038764] 1
[1743166275912388600] 1
[1743166275912430892] 1
[1743166275912479060] 1
[1743166275912537768] 1
[1743166275912602477] 1
[1743166275912737645] 1
[1743166275922921491] 1
[1743166275923006492] 1
[1743166275923062618] 1
[1743166275923170452] 1
[1743166275923234328] 1
[1743166275924189337] 1
[1743166275928079457] 1
[1743166275928268792] 1
[1743166275933607467] 0 : Request cancelled by client due to FailedTimeout
[1743166275986757177] 0 : Request cancelled by client due to FailedTimeout
[1743166276036484732] 0 : Request cancelled by client due to FailedTimeout
[1743166276087496551] 0 : Request cancelled by client due to FailedTimeout
[1743166276147562748] 0 : Request cancelled by client due to FailedTimeout
[1743166276173589287] 1
[1743166276173955166] 1
[1743166276174023750] 1
[1743166276174080250] 1
[1743166276174358753] 1
[1743166276174438045] 1
[1743166276184031137] 1
[1743166276184105887] 1
[1743166276184466307] 1
[1743166276184552392] 1
[1743166276184638101] 1
[1743166276184700476] 1
[1743166276185465984] 1
[1743166276189275978] 1
[1743166276189363104] 1
[1743166276190567741] 0 : Request cancelled by client due to FailedTimeout
[1743166276239626916] 0 : Request cancelled by client due to FailedTimeout
[1743166276290613401] 0 : Request cancelled by client due to FailedTimeout
[1743166276340416625] 0 : Request cancelled by client due to FailedTimeout
[1743166276402053462] 0 : Request cancelled by client due to FailedTimeout
[1743166276427331078] 1
[1743166276427503788] 1
[1743166276427562413] 1
[1743166276427604997] 1
[1743166276427704956] 1
[1743166276427853083] 1
[1743166276437845136] 1
[1743166276437898512] 1
[1743166276437964596] 1
[1743166276438094638] 1
[1743166276438220015] 1
[1743166276438341307] 1
[1743166276439137357] 1
[1743166276442533639] 1
[1743166276444190196] 0 : Request cancelled by client due to FailedTimeout
[1743166276444221155] 1
[1743166276496311859] 0 : Request cancelled by client due to FailedTimeout
[1743166276546306418] 0 : Request cancelled by client due to FailedTimeout
[1743166276597487156] 0 : Request cancelled by client due to FailedTimeout
[1743166276650956165] 0 : Request cancelled by client due to FailedTimeout
[1743166276699924131] 0 : Request cancelled by client due to FailedTimeout
[1743166276705129639] 1
[1743166276705250931] 1
[1743166276705315932] 1
[1743166276705346891] 1
[1743166276705378349] 1
[1743166276705426683] 1
[1743166276705469434] 1
[1743166276705522601] 1
[1743166276710564482] 1
[1743166276715032900] 1
[1743166276719036188] 1
[1743166276721875631] 1
[1743166276722311594] 1
[1743166276722410845] 1
[1743166276722526388] 1
[1743166276747813003] 0 : Request cancelled by client due to FailedTimeout
[1743166276800894175] 0 : Request cancelled by client due to FailedTimeout
[1743166276813759131] 1
[1743166276813902299] 1
[1743166276814015550] 1
[1743166276814115343] 1
[1743166276814825891] 1
[1743166276815052643] 1
[1743166276815103810] 1
[1743166276815153561] 1
[1743166276815245645] 1
[1743166276816421615] 1
[1743166276816480949] 1
[1743166276816528366] 1
[1743166276816568658] 1
[1743166276816611116] 1
[1743166276817734919] 1
[1743166276817794086] 1
[1743166276817836586] 1
[1743166276817879379] 1
[1743166276819967815] 1
[1743166276851543074] 0 : Request cancelled by client due to FailedTimeout
[1743166276904154241] 0 : Request cancelled by client due to FailedTimeout
[1743166276924127140] 1
[1743166276933901066] 1
[1743166276937506434] 1
[1743166276937576976] 1
[1743166276946152808] 1
[1743166276946255684] 1
[1743166276946309351] 1
[1743166276946361310] 1
[1743166276946437227] 1
[1743166276946505145] 1
[1743166276947440279] 1
[1743166276950672893] 1
[1743166276950718810] 1
[1743166276950800019] 1
[1743166276950985187] 1
[1743166276952930456] 0 : Request cancelled by client due to FailedTimeout
[1743166277010634881] 0 : Request cancelled by client due to FailedTimeout
[1743166277061867331] 0 : Request cancelled by client due to FailedTimeout
[1743166277111094138] 0 : Request cancelled by client due to FailedTimeout
[1743166277177212939] 0 : Request cancelled by client due to FailedTimeout
[1743166277187941917] 1
[1743166277188040918] 1
[1743166277194065185] 1
[1743166277194140102] 1
[1743166277194185644] 1
[1743166277194327937] 1
[1743166277194407521] 1
[1743166277195681200] 1
[1743166277198577145] 1
[1743166277204769496] 1
[1743166277204839121] 1
[1743166277204995290] 1
[1743166277205176666] 1
[1743166277205229958] 1
[1743166277207676899] 1
[1743166277211257850] 0 : Request cancelled by client due to FailedTimeout
[1743166277262875345] 0 : Request cancelled by client due to FailedTimeout
[1743166277314518508] 0 : Request cancelled by client due to FailedTimeout
[1743166277365765167] 0 : Request cancelled by client due to FailedTimeout
[1743166277418807718] 0 : Request cancelled by client due to FailedTimeout
[1743166277436005467] 1
[1743166277436828766] 1
[1743166277437151770] 1
[1743166277437526815] 1
[1743166277437879777] 1
[1743166277438124946] 1
[1743166277450096519] 1
[1743166277450145853] 1
[1743166277450186853] 1
[1743166277450231270] 1
[1743166277451027861] 1
[1743166277454165183] 1
[1743166277454348101] 1
[1743166277454511895] 1
[1743166277466606136] 0 : Request cancelled by client due to FailedTimeout
[1743166277517601251] 0 : Request cancelled by client due to FailedTimeout
[1743166277567937859] 0 : Request cancelled by client due to FailedTimeout
[1743166277618113549] 0 : Request cancelled by client due to FailedTimeout
[1743166277669390042] 0 : Request cancelled by client due to FailedTimeout
[1743166277703767247] 1
[1743166277704087000] 1
[1743166277717118667] 1
[1743166277717506296] 1
[1743166277721214956] 0 : Request cancelled by client due to FailedTimeout
[1743166277721326749] 1
[1743166277721417500] 1
[1743166277722582720] 1
[1743166277729912498] 1
[1743166277736105600] 1
[1743166277739705009] 1
[1743166277743413628] 1
[1743166277743820340] 1
[1743166277744204219] 1
[1743166277771723733] 0 : Request cancelled by client due to FailedTimeout
[1743166277819449858] 1
[1743166277819595318] 1
[1743166277819684236] 1
[1743166277819785695] 1
[1743166277819885363] 1
[1743166277819965113] 1
[1743166277820053073] 1
[1743166277820149032] 1
[1743166277820192741] 1
[1743166277820234866] 1
[1743166277822266469] 1
[1743166277822540763] 1
[1743166277822581347] 1
[1743166277822619681] 1
[1743166277822658473] 1
[1743166277822694931] 1
[1743166277822735890] 1
[1743166277822772224] 1
[1743166277822807974] 1
[1743166277823269603] 0 : Request cancelled by client due to FailedTimeout
[1743166277836713441] 1
[1743166277874796932] 0 : Request cancelled by client due to FailedTimeout
[1743166277929647042] 0 : Request cancelled by client due to FailedTimeout
[1743166277929797002] 1
[1743166277929892378] 1
[1743166277930161547] 1
[1743166277930226256] 1
[1743166277939313343] 1
[1743166277939426178] 1
[1743166277939588637] 1
[1743166277942307330] 1
[1743166277942428790] 1
[1743166277942549624] 1
[1743166277975477441] 0 : Request cancelled by client due to FailedTimeout
[1743166278028299867] 0 : Request cancelled by client due to FailedTimeout
[1743166278078804565] 0 : Request cancelled by client due to FailedTimeout
[1743166278130612525] 0 : Request cancelled by client due to FailedTimeout
[1743166278180832220] 0 : Request cancelled by client due to FailedTimeout
[1743166278195909908] 1
[1743166278196055409] 1
[1743166278196235494] 1
[1743166278205985172] 1
[1743166278206043173] 1
[1743166278206148674] 1
[1743166278206275758] 1
[1743166278210229088] 1
[1743166278210336673] 1
[1743166278210514258] 1
[1743166278231488544] 0 : Request cancelled by client due to FailedTimeout
[1743166278283565549] 0 : Request cancelled by client due to FailedTimeout
[1743166278334700670] 0 : Request cancelled by client due to FailedTimeout
[1743166278386244836] 0 : Request cancelled by client due to FailedTimeout
[1743166278445512618] 1
[1743166278445697245] 1
[1743166278445768163] 1
[1743166278445818288] 1
[1743166278446558795] 0 : Request cancelled by client due to FailedTimeout
[1743166278448536939] 1
[1743166278448600607] 1
[1743166278448739650] 1
[1743166278448806734] 1
[1743166278449001777] 1
[1743166278489807464] 0 : Request cancelled by client due to FailedTimeout
[1743166278540054410] 0 : Request cancelled by client due to FailedTimeout
[1743166278591022779] 0 : Request cancelled by client due to FailedTimeout
[1743166278641697645] 0 : Request cancelled by client due to FailedTimeout
[1743166278693366270] 0 : Request cancelled by client due to FailedTimeout
[1743166278711852658] 1
[1743166278716830206] 1
[1743166278717035625] 1
[1743166278717133959] 1
[1743166278717188668] 1
[1743166278717296127] 1
[1743166278717488171] 1
[1743166278717559422] 1
[1743166278717632297] 1
[1743166278717879216] 1
[1743166278743863135] 0 : Request cancelled by client due to FailedTimeout
[1743166278795400259] 0 : Request cancelled by client due to FailedTimeout
[1743166278824259372] 1
[1743166278824375373] 1
[1743166278824544958] 1
[1743166278824581125] 1
[1743166278824619751] 1
[1743166278824651668] 1
[1743166278824682376] 1
[1743166278824741960] 1
[1743166278825902263] 1
[1743166278826045973] 1
[1743166278826135224] 1
[1743166278826182349] 1
[1743166278826214933] 1
[1743166278826272267] 1
[1743166278826306059] 1
[1743166278826363934] 1
[1743166278826397893] 1
[1743166278826428185] 1
[1743166278826487102] 1
[1743166278826523603] 1
[1743166278848326605] 0 : Request cancelled by client due to FailedTimeout
[1743166278900163900] 0 : Request cancelled by client due to FailedTimeout
[1743166278959025012] 0 : Request cancelled by client due to FailedTimeout
[1743166278959119388] 1
[1743166278959309931] 1
[1743166278959393057] 1
[1743166278959501016] 1
[1743166278968782439] 1
[1743166278968826732] 1
[1743166278968963733] 1
[1743166278969895534] 1
[1743166278971341214] 1
[1743166278971404632] 1
[1743166279000972043] 0 : Request cancelled by client due to FailedTimeout
[1743166279054187022] 0 : Request cancelled by client due to FailedTimeout
[1743166279105905944] 0 : Request cancelled by client due to FailedTimeout
[1743166279156663732] 0 : Request cancelled by client due to FailedTimeout
[1743166279213835874] 0 : Request cancelled by client due to FailedTimeout
[1743166279214044793] 1
[1743166279214126918] 1
[1743166279214243586] 1
[1743166279214439421] 1
[1743166279223379300] 1
[1743166279223428759] 1
[1743166279223472926] 1
[1743166279224405685] 1
[1743166279226313579] 1
[1743166279226385330] 1
[1743166279259289318] 0 : Request cancelled by client due to FailedTimeout
[1743166279311408244] 0 : Request cancelled by client due to FailedTimeout
[1743166279361290940] 0 : Request cancelled by client due to FailedTimeout
[1743166279413842037] 0 : Request cancelled by client due to FailedTimeout
[1743166279471649311] 0 : Request cancelled by client due to FailedTimeout
[1743166279471820479] 1
[1743166279471892855] 1
[1743166279471964522] 1
[1743166279472132482] 1
[1743166279480544564] 1
[1743166279480598856] 1
[1743166279480645190] 1
[1743166279481913869] 1
[1743166279483191007] 1
[1743166279483244299] 1
[1743166279514957734] 0 : Request cancelled by client due to FailedTimeout
[1743166279566707073] 0 : Request cancelled by client due to FailedTimeout
[1743166279617409652] 0 : Request cancelled by client due to FailedTimeout
[1743166279668033314] 0 : Request cancelled by client due to FailedTimeout
[1743166279722629181] 0 : Request cancelled by client due to FailedTimeout
[1743166279726053964] 1
[1743166279726121673] 1
[1743166279737753162] 1
[1743166279737815162] 1
[1743166279737871705] 1
[1743166279737990872] 1
[1743166279739245468] 1
[1743166279740485272] 1
[1743166279740546689] 1
[1743166279740655732] 1
[1743166279740732399] 1
[1743166279770150354] 0 : Request cancelled by client due to FailedTimeout
[1743166279822422406] 0 : Request cancelled by client due to FailedTimeout
[1743166279827254203] 1
[1743166279827365913] 1
[1743166279827397121] 1
[1743166279827459330] 1
[1743166279827511248] 1
[1743166279827551831] 1
[1743166279827603582] 1
[1743166279827644166] 1
[1743166279827674624] 1
[1743166279827705083] 1
[1743166279827733708] 1
[1743166279827762917] 1
[1743166279827794084] 1
[1743166279828427423] 1
[1743166279828630175] 1
[1743166279828662467] 1
[1743166279828692217] 1
[1743166279828735968] 1
[1743166279828785343] 1
[1743166279833217387] 1
[1743166279873268945] 0 : Request cancelled by client due to FailedTimeout
[1743166279923935857] 0 : Request cancelled by client due to FailedTimeout
[1743166279986561344] 0 : Request cancelled by client due to FailedTimeout
[1743166279986741637] 1
[1743166279986783554] 1
[1743166279989656249] 1
[1743166279989710250] 1
[1743166279989755000] 1
[1743166279993149117] 1
[1743166279993209451] 1
[1743166279993260993] 1
[1743166279994364295] 1
[1743166279995907352] 1
[1743166280026408069] 0 : Request cancelled by client due to FailedTimeout
[1743166280078565208] 0 : Request cancelled by client due to FailedTimeout
[1743166280134930097] 0 : Request cancelled by client due to FailedTimeout
[1743166280186436730] 0 : Request cancelled by client due to FailedTimeout
[1743166280243324790] 0 : Request cancelled by client due to FailedTimeout
[1743166280243425833] 1
[1743166280243628960] 1
[1743166280243753420] 1
[1743166280246732491] 1
[1743166280253373390] 1
[1743166280253422765] 1
[1743166280253537516] 1
[1743166280254410233] 1
[1743166280255797122] 1
[1743166280255945498] 1
[1743166280286631134] 0 : Request cancelled by client due to FailedTimeout
[1743166280338438770] 0 : Request cancelled by client due to FailedTimeout
[1743166280389505690] 0 : Request cancelled by client due to FailedTimeout
[1743166280441278075] 0 : Request cancelled by client due to FailedTimeout
[1743166280491493695] 0 : Request cancelled by client due to FailedTimeout
[1743166280508313528] 1
[1743166280508401612] 1
[1743166280508453654] 1
[1743166280508502280] 1
[1743166280516331857] 1
[1743166280516394649] 1
[1743166280516433941] 1
[1743166280516498900] 1
[1743166280519347845] 1
[1743166280521011570] 1
[1743166280542745075] 0 : Request cancelled by client due to FailedTimeout
[1743166280594410876] 0 : Request cancelled by client due to FailedTimeout
[1743166280645170627] 0 : Request cancelled by client due to FailedTimeout
[1743166280696043545] 0 : Request cancelled by client due to FailedTimeout
[1743166280753542195] 0 : Request cancelled by client due to FailedTimeout
[1743166280753688947] 1
[1743166280753739489] 1
[1743166280753846656] 1
[1743166280753910240] 1
[1743166280760776725] 1
[1743166280760840142] 1
[1743166280760925435] 1
[1743166280760994269] 1
[1743166280761875277] 1
[1743166280766282237] 1
[1743166280798589056] 0 : Request cancelled by client due to FailedTimeout
[1743166280829796488] 1
[1743166280830833249] 1
[1743166280830866582] 1
[1743166280830891999] 1
[1743166280830917166] 1
[1743166280830942916] 1
[1743166280830971417] 1
[1743166280830998459] 1
[1743166280831061043] 1
[1743166280833757694] 1
[1743166280833827320] 1
[1743166280833855195] 1
[1743166280833881987] 1
[1743166280833956488] 1
[1743166280834011363] 1
[1743166280834038905] 1
[1743166280834091989] 1
[1743166280834688328] 1
[1743166280834742204] 1
[1743166280849232638] 0 : Request cancelled by client due to FailedTimeout
[1743166280849362015] 1
[1743166280902059909] 0 : Request cancelled by client due to FailedTimeout
[1743166280953471166] 0 : Request cancelled by client due to FailedTimeout
[1743166281010496312] 0 : Request cancelled by client due to FailedTimeout
[1743166281010626230] 1
[1743166281010683647] 1
[1743166281010728356] 1
[1743166281010773398] 1
[1743166281017374506] 1
[1743166281017455798] 1
[1743166281017519299] 1
[1743166281017567257] 1
[1743166281020835415] 1
[1743166281022302721] 1
[1743166281056752980] 0 : Request cancelled by client due to FailedTimeout
[1743166281109785799] 0 : Request cancelled by client due to FailedTimeout
[1743166281171965875] 0 : Request cancelled by client due to FailedTimeout
[1743166281232696604] 0 : Request cancelled by client due to FailedTimeout
[1743166281261655183] 1
[1743166281261758893] 1
[1743166281261843644] 1
[1743166281261932936] 1
[1743166281271892577] 1
[1743166281271963703] 1
[1743166281272031537] 1
[1743166281274475186] 1
[1743166281274692438] 1
[1743166281276088410] 0 : Request cancelled by client due to FailedTimeout
[1743166281276160619] 1
[1743166281326666746] 0 : Request cancelled by client due to FailedTimeout
[1743166281378661555] 0 : Request cancelled by client due to FailedTimeout
[1743166281428865304] 0 : Request cancelled by client due to FailedTimeout
[1743166281489523532] 0 : Request cancelled by client due to FailedTimeout
[1743166281517924189] 1
[1743166281518033398] 1
[1743166281518138566] 1
[1743166281518205942] 1
[1743166281528477544] 1
[1743166281528533711] 1
[1743166281528585170] 1
[1743166281531445948] 1
[1743166281531556616] 1
[1743166281532624793] 0 : Request cancelled by client due to FailedTimeout
[1743166281532681752] 1
[1743166281583608550] 0 : Request cancelled by client due to FailedTimeout
[1743166281635437107] 0 : Request cancelled by client due to FailedTimeout
[1743166281684517511] 0 : Request cancelled by client due to FailedTimeout
[1743166281735794063] 0 : Request cancelled by client due to FailedTimeout
[1743166281751872056] 1
[1743166281752024599] 1
[1743166281762135700] 1
[1743166281762620288] 1
[1743166281763268794] 1
[1743166281788407044] 0 : Request cancelled by client due to FailedTimeout
[1743166281836538272] 1
[1743166281836668899] 1
[1743166281836699607] 1
[1743166281836729191] 1
[1743166281836754900] 1
[1743166281836818359] 1
[1743166281836855026] 1
[1743166281836901401] 1
[1743166281836924860] 1
[1743166281836994194] 1
[1743166281837019235] 1
[1743166281837064944] 1
[1743166281837107528] 1
[1743166281837166737] 1
[1743166281837192946] 1
[1743166281837220946] 1
[1743166281837848994] 1
[1743166281837986662] 1
[1743166281838008995] 1
[1743166281838551334] 0 : Request cancelled by client due to FailedTimeout
[1743166281850378577] 1
[1743166281891656362] 0 : Request cancelled by client due to FailedTimeout
[1743166281944353386] 0 : Request cancelled by client due to FailedTimeout
[1743166281996452070] 0 : Request cancelled by client due to FailedTimeout
[1743166282003745851] 1
[1743166282004031104] 1
[1743166282004107063] 1
[1743166282007584556] 1
[1743166282045764730] 0 : Request cancelled by client due to FailedTimeout
[1743166282097966379] 0 : Request cancelled by client due to FailedTimeout
[1743166282149574979] 0 : Request cancelled by client due to FailedTimeout
[1743166282204759407] 0 : Request cancelled by client due to FailedTimeout
[1743166282255017202] 0 : Request cancelled by client due to FailedTimeout
[1743166282265283680] 1
[1743166282265426723] 1
[1743166282265508057] 1
[1743166282265642809] 1
[1743166282269425096] 1
[1743166282306115464] 0 : Request cancelled by client due to FailedTimeout
[1743166282358383196] 0 : Request cancelled by client due to FailedTimeout
[1743166282409818920] 0 : Request cancelled by client due to FailedTimeout
[1743166282461721148] 0 : Request cancelled by client due to FailedTimeout
[1743166282517732501] 0 : Request cancelled by client due to FailedTimeout
[1743166282521669374] 1
[1743166282521781917] 1
[1743166282521846292] 1
[1743166282522128587] 1
[1743166282525169742] 1
[1743166282567702252] 0 : Request cancelled by client due to FailedTimeout
[1743166282619899900] 0 : Request cancelled by client due to FailedTimeout
[1743166282669576022] 0 : Request cancelled by client due to FailedTimeout
[1743166282720308572] 0 : Request cancelled by client due to FailedTimeout
[1743166282773697607] 0 : Request cancelled by client due to FailedTimeout
[1743166282773849900] 1
[1743166282773948401] 1
[1743166282774235238] 1
[1743166282774587241] 1
[1743166282778450863] 1
[1743166282823085352] 0 : Request cancelled by client due to FailedTimeout
[1743166282839118138] 1
[1743166282839179972] 1
[1743166282839709185] 1
[1743166282839729936] 1
[1743166282839746811] 1
[1743166282839764769] 1
[1743166282839816020] 1
[1743166282839833978] 1
[1743166282839850270] 1
[1743166282839866437] 1
[1743166282839902312] 1
[1743166282839931396] 1
[1743166282839952854] 1
[1743166282839969480] 1
[1743166282840015563] 1
[1743166282840032564] 1
[1743166282840050522] 1
[1743166282840072314] 1
[1743166282840093981] 1
[1743166282845602411] 1
[1743166282874934830] 0 : Request cancelled by client due to FailedTimeout
[1743166282925025248] 0 : Request cancelled by client due to FailedTimeout
[1743166282977209230] 0 : Request cancelled by client due to FailedTimeout
[1743166283028869791] 0 : Request cancelled by client due to FailedTimeout
[1743166283032527245] 1
[1743166283032644329] 1
[1743166283032757122] 1
[1743166283032873623] 1
[1743166283036122614] 1
[1743166283079764847] 0 : Request cancelled by client due to FailedTimeout
[1743166283130221440] 0 : Request cancelled by client due to FailedTimeout
[1743166283182148381] 0 : Request cancelled by client due to FailedTimeout
[1743166283234324991] 0 : Request cancelled by client due to FailedTimeout
[1743166283284483664] 1
[1743166283284648791] 1
[1743166283284776000] 1
[1743166283288131867] 0 : Request cancelled by client due to FailedTimeout
[1743166283288231160] 1
[1743166283290819686] 1
[1743166283337079362] 0 : Request cancelled by client due to FailedTimeout
[1743166283388153669] 0 : Request cancelled by client due to FailedTimeout
[1743166283439043725] 0 : Request cancelled by client due to FailedTimeout
[1743166283490532370] 0 : Request cancelled by client due to FailedTimeout
[1743166283543691698] 0 : Request cancelled by client due to FailedTimeout
[1743166283545719219] 1
[1743166283545769553] 1
[1743166283545811178] 1
[1743166283549273921] 1
[1743166283550704394] 1
[1743166283593095947] 0 : Request cancelled by client due to FailedTimeout
[1743166283644126587] 0 : Request cancelled by client due to FailedTimeout
[1743166283695721817] 0 : Request cancelled by client due to FailedTimeout
[1743166283746269911] 0 : Request cancelled by client due to FailedTimeout
[1743166283793796515] 1
[1743166283793912183] 1
[1743166283793977101] 1
[1743166283797635054] 0 : Request cancelled by client due to FailedTimeout
[1743166283799452073] 1
[1743166283799511865] 1
[1743166283841418455] 1
[1743166283841591331] 1
[1743166283841615165] 1
[1743166283841632624] 1
[1743166283841650790] 1
[1743166283841691666] 1
[1743166283841709458] 1
[1743166283841723124] 1
[1743166283841755875] 1
[1743166283841780958] 1
[1743166283841799125] 1
[1743166283841885918] 1
[1743166283841940710] 1
[1743166283841961669] 1
[1743166283842015711] 1
[1743166283842032669] 1
[1743166283842088545] 1
[1743166283842142837] 1
[1743166283842171046] 1
[1743166283850440046] 0 : Request cancelled by client due to FailedTimeout
[1743166283902395779] 0 : Request cancelled by client due to FailedTimeout
[1743166283953722255] 0 : Request cancelled by client due to FailedTimeout
[1743166284004772230] 0 : Request cancelled by client due to FailedTimeout
[1743166284052571883] 1
[1743166284052713926] 1
[1743166284052859552] 1
[1743166284056876010] 0 : Request cancelled by client due to FailedTimeout
[1743166284056935010] 1
[1743166284059961708] 1
[1743166284108361492] 0 : Request cancelled by client due to FailedTimeout
[1743166284161439782] 0 : Request cancelled by client due to FailedTimeout
[1743166284213103975] 0 : Request cancelled by client due to FailedTimeout
[1743166284263475945] 0 : Request cancelled by client due to FailedTimeout
[1743166284308327944] 1
[1743166284308436486] 1
[1743166284308507362] 1
[1743166284311758353] 1
[1743166284312807947] 1
[1743166284316519527] 0 : Request cancelled by client due to FailedTimeout
[1743166284365697444] 0 : Request cancelled by client due to FailedTimeout
[1743166284416915798] 0 : Request cancelled by client due to FailedTimeout
[1743166284469107330] 0 : Request cancelled by client due to FailedTimeout
[1743166284520208343] 0 : Request cancelled by client due to FailedTimeout
[1743166284566233322] 1
[1743166284566392241] 1
[1743166284566467325] 1
[1743166284570207777] 1
[1743166284573278723] 1
[1743166284574216357] 0 : Request cancelled by client due to FailedTimeout
[1743166284623056863] 0 : Request cancelled by client due to FailedTimeout
[1743166284674195308] 0 : Request cancelled by client due to FailedTimeout
[1743166284724354411] 0 : Request cancelled by client due to FailedTimeout
[1743166284776495240] 0 : Request cancelled by client due to FailedTimeout
[1743166284823061600] 1
[1743166284826273006] 1
[1743166284826317839] 1
[1743166284826403340] 1
[1743166284826996513] 0 : Request cancelled by client due to FailedTimeout
[1743166284827061096] 1
[1743166284842659162] 1
[1743166284842776371] 1
[1743166284842819871] 1
[1743166284843229750] 1
[1743166284843251501] 1
[1743166284843265459] 1
[1743166284843317543] 1
[1743166284843341918] 1
[1743166284843381335] 1
[1743166284843398127] 1
[1743166284843409252] 1
[1743166284843420669] 1
[1743166284843450711] 1
[1743166284843513045] 1
[1743166284843537212] 1
[1743166284843575295] 1
[1743166284843589754] 1
[1743166284843640879] 1
[1743166284843682671] 1
[1743166284843704922] 1
[1743166284878490836] 0 : Request cancelled by client due to FailedTimeout
[1743166284929444988] 0 : Request cancelled by client due to FailedTimeout
[1743166284983556669] 0 : Request cancelled by client due to FailedTimeout
[1743166285034017984] 0 : Request cancelled by client due to FailedTimeout
[1743166285079880713] 1
[1743166285082804181] 1
[1743166285082849264] 1
[1743166285082902889] 1
[1743166285084025184] 0 : Request cancelled by client due to FailedTimeout
[1743166285084089310] 1
[1743166285134561303] 0 : Request cancelled by client due to FailedTimeout
[1743166285187556847] 0 : Request cancelled by client due to FailedTimeout
[1743166285237642922] 0 : Request cancelled by client due to FailedTimeout
[1743166285290347548] 0 : Request cancelled by client due to FailedTimeout
[1743166285334676647] 1
[1743166285334821773] 1
[1743166285334884606] 1
[1743166285337780199] 1
[1743166285338348284] 1
[1743166285340701791] 0 : Request cancelled by client due to FailedTimeout
[1743166285392103038] 0 : Request cancelled by client due to FailedTimeout
[1743166285444630163] 0 : Request cancelled by client due to FailedTimeout
[1743166285495533908] 0 : Request cancelled by client due to FailedTimeout
[1743166285546992530] 0 : Request cancelled by client due to FailedTimeout
[1743166285596035394] 1
[1743166285596187978] 1
[1743166285596246770] 1
[1743166285596294645] 1
[1743166285600038407] 0 : Request cancelled by client due to FailedTimeout
[1743166285600114449] 1
[1743166285649567772] 0 : Request cancelled by client due to FailedTimeout
[1743166285701706188] 0 : Request cancelled by client due to FailedTimeout
[1743166285752624141] 0 : Request cancelled by client due to FailedTimeout
[1743166285804036721] 0 : Request cancelled by client due to FailedTimeout
[1743166285844785101] 1
[1743166285844863434] 1
[1743166285844940518] 1
[1743166285844958893] 1
[1743166285845008393] 1
[1743166285845028727] 1
[1743166285845064018] 1
[1743166285845078102] 1
[1743166285845115935] 1
[1743166285845129852] 1
[1743166285845173352] 1
[1743166285845193769] 1
[1743166285845226394] 1
[1743166285845598895] 1
[1743166285845616895] 1
[1743166285845628104] 1
[1743166285845650562] 1
[1743166285845663437] 1
[1743166285845672895] 1
[1743166285849470324] 1
[1743166285849593824] 1
[1743166285849724242] 1
[1743166285849912575] 1
[1743166285852798335] 1
[1743166285854835466] 0 : Request cancelled by client due to FailedTimeout
[1743166285854960300] 1
[1743166285906550172] 0 : Request cancelled by client due to FailedTimeout
[1743166285957565751] 0 : Request cancelled by client due to FailedTimeout
[1743166286008143288] 0 : Request cancelled by client due to FailedTimeout
[1743166286060481796] 0 : Request cancelled by client due to FailedTimeout
[1743166286103695816] 1
[1743166286103852275] 1
[1743166286103991901] 1
[1743166286104163109] 1
[1743166286107512829] 1
[1743166286111779968] 0 : Request cancelled by client due to FailedTimeout
[1743166286163513225] 0 : Request cancelled by client due to FailedTimeout
[1743166286217581656] 0 : Request cancelled by client due to FailedTimeout
[1743166286269103787] 0 : Request cancelled by client due to FailedTimeout
[1743166286320187417] 0 : Request cancelled by client due to FailedTimeout
[1743166286363861105] 1
[1743166286364069731] 1
[1743166286364432440] 1
[1743166286367871577] 1
[1743166286368484579] 1
[1743166286371202796] 0 : Request cancelled by client due to FailedTimeout
[1743166286423078678] 0 : Request cancelled by client due to FailedTimeout
[1743166286474180975] 0 : Request cancelled by client due to FailedTimeout
[1743166286526137524] 0 : Request cancelled by client due to FailedTimeout
[1743166286577034861] 0 : Request cancelled by client due to FailedTimeout
[1743166286613439525] 1
[1743166286613572775] 1
[1743166286616591660] 1
[1743166286617583914] 1
[1743166286618206374] 1
[1743166286626519402] 0 : Request cancelled by client due to FailedTimeout
[1743166286677981074] 0 : Request cancelled by client due to FailedTimeout
[1743166286729443872] 0 : Request cancelled by client due to FailedTimeout
[1743166286779991666] 0 : Request cancelled by client due to FailedTimeout
[1743166286831148546] 0 : Request cancelled by client due to FailedTimeout
[1743166286856184838] 1
[1743166286856252714] 1
[1743166286856272672] 1
[1743166286856286630] 1
[1743166286856405131] 1
[1743166286856450298] 1
[1743166286856460381] 1
[1743166286856485923] 1
[1743166286856496256] 1
[1743166286856541381] 1
[1743166286856553548] 1
[1743166286856567131] 1
[1743166286856577298] 1
[1743166286856610048] 1
[1743166286856624882] 1
[1743166286856634507] 1
[1743166286856649298] 1
[1743166286856707757] 1
[1743166286856723257] 1
[1743166286856804799] 1
[1743166286870410053] 1
[1743166286870525136] 1
[1743166286873751981] 1
[1743166286873843231] 1
[1743166286875040818] 1
[1743166286882428760] 0 : Request cancelled by client due to FailedTimeout
[1743166286934100641] 0 : Request cancelled by client due to FailedTimeout
[1743166286986278774] 0 : Request cancelled by client due to FailedTimeout
[1743166287037793370] 0 : Request cancelled by client due to FailedTimeout
[1743166287089759345] 0 : Request cancelled by client due to FailedTimeout
[1743166287125349220] 1
[1743166287125907431] 1
[1743166287126057931] 1
[1743166287129732152] 1
[1743166287130344113] 1
[1743166287140870650] 0 : Request cancelled by client due to FailedTimeout
[1743166287193770628] 0 : Request cancelled by client due to FailedTimeout
[1743166287244488890] 0 : Request cancelled by client due to FailedTimeout
[1743166287296543324] 0 : Request cancelled by client due to FailedTimeout
[1743166287348149256] 0 : Request cancelled by client due to FailedTimeout
[1743166287382651502] 1
[1743166287382837170] 1
[1743166287385799972] 1
[1743166287386517308] 1
[1743166287387048434] 1
[1743166287399589604] 0 : Request cancelled by client due to FailedTimeout
[1743166287452229372] 0 : Request cancelled by client due to FailedTimeout
[1743166287503101302] 0 : Request cancelled by client due to FailedTimeout
[1743166287555490403] 0 : Request cancelled by client due to FailedTimeout
[1743166287607094377] 0 : Request cancelled by client due to FailedTimeout
[1743166287641082538] 1
[1743166287641536540] 1
[1743166287641626832] 1
[1743166287647128559] 1
[1743166287659127352] 0 : Request cancelled by client due to FailedTimeout
[1743166287686715657] 1
[1743166287707852107] 0 : Request cancelled by client due to FailedTimeout
[1743166287759509289] 0 : Request cancelled by client due to FailedTimeout
[1743166287810459010] 0 : Request cancelled by client due to FailedTimeout
[1743166287858769555] 1
[1743166287858936181] 1
[1743166287858981764] 1
[1743166287859003765] 1
[1743166287859014806] 1
[1743166287859024556] 1
[1743166287859036640] 1
[1743166287859077723] 1
[1743166287859108390] 1
[1743166287859127057] 1
[1743166287859141307] 1
[1743166287859174682] 1
[1743166287859188182] 1
[1743166287859205849] 1
[1743166287859237474] 1
[1743166287859251807] 1
[1743166287859263057] 1
[1743166287859292932] 1
[1743166287859301182] 1
[1743166287890828002] 1
[1743166287891396545] 1
[1743166287898971114] 1
[1743166287900984787] 1
[1743166287901045788] 1
[1743166287901459247] 1
[1743166288188428166] 1
[1743166288188895584] 1
[1743166288204902060] 1
[1743166288205056186] 1
[1743166288205106686] 1
[1743166288442092520] 1
[1743166288442342979] 1
[1743166288442444604] 1
[1743166288445934200] 1
[1743166288445976409] 1
[1743166288735345686] 1
[1743166288735811647] 1
[1743166288736315357] 1
[1743166288736391065] 1
[1743166288736433899] 1
[1743166288861480194] 1
[1743166288861673237] 1
[1743166288861696570] 1
[1743166288861723278] 1
[1743166288861737862] 1
[1743166288861753695] 1
[1743166288861786695] 1
[1743166288861809737] 1
[1743166288861822195] 1
[1743166288861844862] 1
[1743166288861857446] 1
[1743166288861875654] 1
[1743166288861895237] 1
[1743166288861910862] 1
[1743166288861919362] 1
[1743166288861926946] 1
[1743166288861947363] 1
[1743166288883000440] 1
[1743166288886633329] 1
[1743166288915949020] 1
[1743166288916111438] 1
[1743166288916767982] 1
[1743166288920667704] 1
[1743166288923684091] 1
[1743166289220916017] 1
[1743166289221175727] 1
[1743166289221336769] 1
[1743166289221912854] 1
[1743166289221968896] 1
[1743166289460660401] 1
[1743166289461206654] 1
[1743166289461275904] 1
[1743166289461430613] 1
[1743166289461566030] 1
[1743166289864193293] 1
[1743166289864371711] 1
[1743166289864412086] 1
[1743166289864432753] 1
[1743166289864529003] 1
[1743166289864541503] 1
[1743166289864557211] 1
[1743166289864572503] 1
[1743166289864594753] 1
[1743166289864611545] 1
[1743166289864631920] 1
[1743166289864667420] 1
[1743166289864691087] 1
[1743166289917785459] 1
[1743166289918043793] 1
[1743166289918125627] 1
[1743166289924579735] 1
[1743166289924649027] 1
[1743166289924963403] 1
[1743166289925599989] 1
[1743166290867381894] 1
[1743166290969529555] 1
[1743166290969704223] 1
[1743166290972482942] 1
[1743166290972537067] 1
[1743166290972631568] 1
[1743166290972678610] 1
[1743166290972751068] 1
[1743166290972812818] 1
[1743166290973283779] 1
[1743166290982052731] 1
[1743166290982108314] 1
[1743166290982145939] 1
[1743166290982190523] 1
[1743166290982252690] 1
[1743166290982290232] 1
[1743166290983207860] 1
[1743166290986644916] 1
[1743166290986711166] 1
[1743166290986768750] 1
[1743166291870045906] 1
[1743166291870214740] 1
[1743166291966372059] 1
[1743166291966523935] 1
[1743166291966586102] 1
[1743166291966680686] 1
[1743166291966752728] 1
[1743166291966826770] 1
[1743166291967027354] 1
[1743166291967120271] 1
[1743166291978867112] 1
[1743166291978915279] 1
[1743166291978964279] 1
[1743166291979014696] 1
[1743166291979290738] 1
[1743166291979337530] 1
[1743166291979909408] 1
[1743166291980754786] 1
[1743166291983128588] 1
[1743166292872696329] 1
[1743166292872894704] 1
[1743166292873000538] 1
[1743166292967559033] 1
[1743166292967758117] 1
[1743166292967850492] 1
[1743166292967900368] 1
[1743166292967937951] 1
[1743166292967995868] 1
[1743166292968044118] 1
[1743166292968087493] 1
[1743166292977441617] 1
[1743166292977501076] 1
[1743166292977542743] 1
[1743166292977654368] 1
[1743166292977717660] 1
[1743166292977757286] 1
[1743166292978478289] 1
[1743166292981485302] 1
[1743166292981554094] 1
[1743166293875233451] 1
[1743166293875390702] 1
[1743166293968471746] 1
[1743166293968604497] 1
[1743166293968665997] 1
[1743166293968850039] 1
[1743166293968961248] 1
[1743166293969085041] 1
[1743166293969181999] 1
[1743166293969336917] 1
[1743166293983947399] 1
[1743166293984012858] 1
[1743166293984083608] 1
[1743166293984211609] 1
[1743166293984272151] 1
[1743166293987018455] 1
[1743166293987084497] 1
[1743166293987184247] 1
[1743166293987238706] 1
[1743166293987283456] 1
[1743166294877808229] 1
[1743166294877942397] 1
[1743166294970395286] 1
[1743166294970604912] 1
[1743166294970733496] 1
[1743166294970789788] 1
[1743166294970928247] 1
[1743166294971678042] 1
[1743166294971774917] 1
[1743166294971847959] 1
[1743166294983427930] 1
[1743166294983498930] 1
[1743166294983541555] 1
[1743166294983709681] 1
[1743166294983770098] 1
[1743166294984412393] 1
[1743166294987716575] 1
[1743166294987796492] 1
[1743166294987894784] 1
[1743166295880094535] 1
[1743166295880206994] 1
[1743166295977414753] 1
[1743166295977574337] 1
[1743166295977761463] 1
[1743166295977840213] 1
[1743166295977912130] 1
[1743166295978142590] 1
[1743166295978192299] 1
[1743166295978261382] 1
[1743166295987416343] 1
[1743166295987477635] 1
[1743166295987527010] 1
[1743166295987603927] 1
[1743166295987653302] 1
[1743166295987708428] 1
[1743166295990682734] 1
[1743166295990817234] 1
[1743166295990899568] 1
[1743166295990944943] 1
[1743166296882287907] 1
[1743166296882421200] 1
[1743166296882457491] 1
[1743166296882492325] 1
[1743166296882503242] 1
[1743166296882525450] 1
[1743166296882539075] 1
[1743166296882554284] 1
[1743166296882579784] 1
[1743166296882592367] 1
[1743166296942416122] 1
[1743166296942678790] 1
[1743166296942781457] 1
[1743166296942873000] 1
[1743166296943003667] 1
[1743166296943071667] 1
[1743166296946465309] 1
[1743166296946539018] 1
[1743166296949336115] 1
[1743166297884067593] 1
[1743166297884234552] 1
[1743166297996243708] 1
[1743166297996429750] 1
[1743166297996494417] 1
[1743166297996563543] 1
[1743166297996651877] 1
[1743166297996702335] 1
[1743166297996796961] 1
[1743166297996903461] 1
[1743166297996987670] 1
[1743166298008718564] 1
[1743166298008786898] 1
[1743166298008837107] 1
[1743166298008885273] 1
[1743166298008921982] 1
[1743166298009122316] 1
[1743166298009231025] 1
[1743166298010327948] 1
[1743166298010556116] 1
[1743166298888391688] 1
[1743166298888590439] 1
[1743166298995664793] 1
[1743166298995973628] 1
[1743166298996024754] 1
[1743166298998858227] 1
[1743166298998909519] 1
[1743166298998965311] 1
[1743166298999065061] 1
[1743166298999156978] 1
[1743166298999269187] 1
[1743166299003262584] 1
[1743166299003340834] 1
[1743166299003398043] 1
[1743166299003619169] 1
[1743166299003689878] 1
[1743166299003752878] 1
[1743166299004285256] 1
[1743166299004337923] 1
[1743166299007366397] 1
[1743166299891260836] 1
[1743166299891393254] 1
[1743166299987112437] 1
[1743166299987249688] 1
[1743166299987386730] 1
[1743166299987446022] 1
[1743166299987571898] 1
[1743166299987755524] 1
[1743166299988019067] 1
[1743166299988187610] 1
[1743166300000021007] 1
[1743166300000178549] 1
[1743166300000414717] 1
[1743166300000500176] 1
[1743166300000591677] 1
[1743166300000720427] 1
[1743166300000822345] 1
[1743166300002166269] 1
[1743166300002246644] 1
[1743166300893631332] 1
[1743166300893787500] 1
[1743166300994141056] 1
[1743166300994313140] 1
[1743166300994381265] 1
[1743166300994428974] 1
[1743166300994519558] 1
[1743166300994566725] 1
[1743166300994660809] 1
[1743166300998220537] 1
[1743166301007204546] 1
[1743166301007259588] 1
[1743166301007307671] 1
[1743166301007371297] 1
[1743166301008008925] 1
[1743166301008069134] 1
[1743166301008109134] 1
[1743166301011565154] 1
[1743166301011845322] 1
[1743166301011921697] 1
[1743166301896866473] 1
[1743166301897127849] 1
[1743166302007990396] 1
[1743166302008188356] 1
[1743166302008239064] 1
[1743166302008294231] 1
[1743166302008423149] 1
[1743166302008541524] 1
[1743166302008668692] 1
[1743166302008763067] 1
[1743166302008835818] 1
[1743166302017941829] 1
[1743166302018023788] 1
[1743166302018117038] 1
[1743166302018167289] 1
[1743166302018197081] 1
[1743166302018222622] 1
[1743166302019078419] 1
[1743166302022184770] 1
[1743166302899758623] 1
[1743166302899883583] 1
[1743166302899901166] 1
[1743166302996848646] 1
[1743166302997014856] 1
[1743166302997079648] 1
[1743166302997262774] 1
[1743166302997374649] 1
[1743166302997459192] 1
[1743166302997571234] 1
[1743166302997782985] 1
[1743166303010251309] 1
[1743166303010310684] 1
[1743166303010364268] 1
[1743166303010591603] 1
[1743166303010716103] 1
[1743166303010779937] 1
[1743166303011279065] 1
[1743166303011941402] 1
[1743166303012202987] 1
[1743166303902372200] 1
[1743166303902664618] 1
[1743166304003318592] 1
[1743166304003412134] 1
[1743166304003482968] 1
[1743166304003527218] 1
[1743166304003577344] 1
[1743166304007106365] 1
[1743166304007207532] 1
[1743166304007252408] 1
[1743166304007316200] 1
[1743166304013639488] 1
[1743166304013716572] 1
[1743166304013856823] 1
[1743166304013947198] 1
[1743166304013989657] 1
[1743166304014059657] 1
[1743166304014697161] 1
[1743166304017518095] 1
[1743166304017582929] 1
[1743166304904439364] 1
[1743166304904565281] 1
[1743166305003828802] 1
[1743166305003986261] 1
[1743166305004162887] 1
[1743166305004288013] 1
[1743166305004341097] 1
[1743166305004456181] 1
[1743166305004498681] 1
[1743166305004538515] 1
[1743166305016143754] 1
[1743166305016202087] 1
[1743166305016246421] 1
[1743166305016414839] 1
[1743166305016469756] 1
[1743166305016525548] 1
[1743166305017128968] 1
[1743166305017926306] 1
[1743166305018028349] 1
[1743166305908142128] 1
[1743166305908294712] 1
[1743166305908365796] 1
[1743166306003312011] 1
[1743166306003415845] 1
[1743166306003457553] 1
[1743166306003507137] 1
[1743166306003535637] 1
[1743166306003577387] 1
[1743166306006501281] 1
[1743166306006540781] 1
[1743166306013142865] 1
[1743166306013195948] 1
[1743166306013237782] 1
[1743166306013346616] 1
[1743166306013396783] 1
[1743166306013426533] 1
[1743166306014000162] 1
[1743166306017030098] 1
[1743166306017178682] 1
[1743166306910696763] 1
[1743166306910900973] 1
[1743166306910969682] 1
[1743166306910989640] 1
[1743166306911005307] 1
[1743166306911022474] 1
[1743166306911054932] 1
[1743166306911068141] 1
[1743166306911083057] 1
[1743166306911100474] 1
[1743166306969952514] 1
[1743166306970096432] 1
[1743166306972109611] 1
[1743166306972170861] 1
[1743166306972226320] 1
[1743166306972378571] 1
[1743166306972435321] 1
[1743166306972639531] 1
[1743166306972741157] 1
[1743166306972808657] 1
[1743166307913286818] 1
[1743166308009135063] 1
[1743166308009264939] 1
[1743166308009438190] 1
[1743166308009851610] 1
[1743166308010948492] 1
[1743166308011000326] 1
[1743166308011040159] 1
[1743166308011075201] 1
[1743166308026285135] 1
[1743166308026343302] 1
[1743166308026409636] 1
[1743166308026466469] 1
[1743166308026547178] 1
[1743166308026600429] 1
[1743166308027203224] 1
[1743166308027794520] 1
[1743166308028267731] 1
[1743166308028408274] 1
[1743166308915639662] 1
[1743166308915907581] 1
[1743166309010477247] 1
[1743166309010627039] 1
[1743166309010741123] 1
[1743166309014281189] 1
[1743166309014334356] 1
[1743166309014375190] 1
[1743166309014418107] 1
[1743166309014480440] 1
[1743166309022743871] 1
[1743166309022908330] 1
[1743166309022967997] 1
[1743166309023034873] 1
[1743166309023202749] 1
[1743166309023250791] 1
[1743166309023757669] 1
[1743166309027134442] 1
[1743166309027231318] 1
[1743166309027322985] 1
[1743166309918837635] 1
[1743166309918975053] 1
[1743166310010556544] 1
[1743166310010708003] 1
[1743166310010782004] 1
[1743166310010948755] 1
[1743166310011054256] 1
[1743166310011121506] 1
[1743166310011171590] 1
[1743166310011234590] 1
[1743166310025829940] 1
[1743166310025934191] 1
[1743166310025993108] 1
[1743166310026082192] 1
[1743166310026168442] 1
[1743166310026657362] 1
[1743166310027869870] 1
[1743166310027986038] 1
[1743166310028076997] 1
[1743166310920864513] 1
[1743166310921067265] 1
[1743166311020231403] 1
[1743166311020365779] 1
[1743166311020425238] 1
[1743166311020482988] 1
[1743166311020535280] 1
[1743166311020594156] 1
[1743166311020637406] 1
[1743166311020761907] 1
[1743166311020821324] 1
[1743166311029916720] 1
[1743166311030033763] 1
[1743166311030105472] 1
[1743166311030165680] 1
[1743166311030219681] 1
[1743166311030254514] 1
[1743166311030742351] 1
[1743166311033536454] 1
[1743166311033640621] 1
[1743166311923043012] 1
[1743166311923185304] 1
[1743166312019317683] 1
[1743166312019451767] 1
[1743166312019602560] 1
[1743166312019668102] 1
[1743166312019824895] 1
[1743166312019901645] 1
[1743166312020032730] 1
[1743166312020148064] 1
[1743166312032896946] 1
[1743166312032965946] 1
[1743166312033049113] 1
[1743166312033136531] 1
[1743166312033187281] 1
[1743166312033406324] 1
[1743166312036064468] 1
[1743166312036333470] 1
[1743166312036410054] 1
[1743166312925259627] 1
[1743166312925432837] 1
[1743166312925609546] 1
[1743166313022226523] 1
[1743166313022583068] 1
[1743166313022639193] 1
[1743166313022695318] 1
[1743166313022899528] 1
[1743166313022989237] 1
[1743166313023032487] 1
[1743166313023083696] 1
[1743166313032369263] 1
[1743166313032424013] 1
[1743166313032456722] 1
[1743166313032499264] 1
[1743166313032558431] 1
[1743166313032593389] 1
[1743166313033245019] 1
[1743166313036395667] 1
[1743166313036457626] 1
[1743166313927807319] 1
[1743166313928016945] 1
[1743166314028177043] 1
[1743166314028399336] 1
[1743166314028521587] 1
[1743166314028640838] 1
[1743166314028749672] 1
[1743166314028803006] 1
[1743166314028919882] 1
[1743166314028998299] 1
[1743166314044275660] 1
[1743166314044402453] 1
[1743166314044482454] 1
[1743166314044523787] 1
[1743166314044554787] 1
[1743166314044602829] 1
[1743166314047550143] 1
[1743166314047728519] 1
[1743166314047847520] 1
[1743166314047914562] 1
[1743166314931144213] 1
[1743166314931408299] 1
[1743166315027113208] 1
[1743166315027257459] 1
[1743166315027487044] 1
[1743166315027554003] 1
[1743166315027901964] 1
[1743166315027952339] 1
[1743166315028040548] 1
[1743166315028173508] 1
[1743166315039992928] 1
[1743166315040078554] 1
[1743166315040131221] 1
[1743166315040286097] 1
[1743166315040482390] 1
[1743166315040539224] 1
[1743166315041414147] 1
[1743166315042058944] 1
[1743166315042273862] 1
[1743166315934331427] 1
[1743166315934524429] 1
[1743166316030666269] 1
[1743166316033925710] 1
[1743166316033970960] 1
[1743166316034036836] 1
[1743166316034091461] 1
[1743166316034266421] 1
[1743166316034362463] 1
[1743166316034411089] 1
[1743166316034509048] 1
[1743166316040102173] 1
[1743166316040165340] 1
[1743166316040415550] 1
[1743166316040483968] 1
[1743166316040520218] 1
[1743166316040576510] 1
[1743166316041266599] 1
[1743166316044508206] 1
[1743166316044578623] 1
[1743166316936543744] 1
[1743166316936785079] 1
[1743166316936832121] 1
[1743166316936867455] 1
[1743166316936893038] 1
[1743166316936911247] 1
[1743166316936929872] 1
[1743166316936947955] 1
[1743166316936978997] 1
[1743166316995854731] 1
[1743166316995959482] 1
[1743166316996040024] 1
[1743166316996119358] 1
[1743166317004283295] 1
[1743166317004446255] 1
[1743166317004620048] 1
[1743166317007050024] 1
[1743166317007364027] 1
[1743166317007502736] 1
[1743166317939898094] 1
[1743166317940020470] 1
[1743166318035860538] 1
[1743166318036051789] 1
[1743166318037123714] 1
[1743166318037182131] 1
[1743166318037224965] 1
[1743166318037266715] 1
[1743166318037326632] 1
[1743166318037366966] 1
[1743166318049071848] 1
[1743166318049123849] 1
[1743166318049186224] 1
[1743166318049226641] 1
[1743166318049262266] 1
[1743166318049373184] 1
[1743166318049986647] 1
[1743166318052906545] 1
[1743166318053053421] 1
[1743166318053220589] 1
[1743166318942611755] 1
[1743166318942798381] 1
[1743166319034077132] 1
[1743166319034175924] 1
[1743166319034279759] 1
[1743166319034430301] 1
[1743166319034576553] 1
[1743166319034671595] 1
[1743166319034732304] 1
[1743166319034834180] 1
[1743166319049230292] 1
[1743166319049417460] 1
[1743166319049655879] 1
[1743166319049705629] 1
[1743166319049733213] 1
[1743166319052362484] 1
[1743166319052534693] 1
[1743166319052703278] 1
[1743166319052757320] 1
[1743166319945821274] 1
[1743166319945999442] 1
[1743166319946109027] 1
[1743166320050761685] 1
[1743166320050876686] 1
[1743166320050969895] 1
[1743166320051042437] 1
[1743166320051378065] 1
[1743166320051474191] 1
[1743166320054558882] 1
[1743166320054598090] 1
[1743166320054627049] 1
[1743166320054661008] 1
[1743166320054744842] 1
[1743166320054799800] 1
[1743166320054838426] 1
[1743166320055113094] 1
[1743166320055199720] 1
[1743166320055257387] 1
[1743166320055327388] 1
[1743166320950348450] 1
[1743166320950588451] 1
[1743166321045582252] 1
[1743166321045765045] 1
[1743166321045824795] 1
[1743166321045926671] 1
[1743166321049350074] 1
[1743166321049422074] 1
[1743166321049501283] 1
[1743166321049581284] 1
[1743166321057930393] 1
[1743166321058428522] 1
[1743166321058485105] 1
[1743166321058539939] 1
[1743166321058657982] 1
[1743166321058707357] 1
[1743166321059292695] 1
[1743166321062604138] 1
[1743166321062659222] 1
[1743166321062725598] 1
[1743166321953452632] 1
[1743166321953587717] 1
[1743166322045222708] 1
[1743166322045468668] 1
[1743166322045633253] 1
[1743166322045918088] 1
[1743166322046000714] 1
[1743166322046059964] 1
[1743166322046279799] 1
[1743166322046349675] 1
[1743166322060670708] 1
[1743166322060733709] 1
[1743166322060774917] 1
[1743166322060977086] 1
[1743166322061032086] 1
[1743166322063786234] 1
[1743166322063870359] 1
[1743166322063910735] 1
[1743166322064043652] 1
[1743166322956344872] 1
[1743166322956527707] 1
[1743166322956555832] 1
[1743166323052173198] 1
[1743166323052339449] 1
[1743166323053471125] 1
[1743166323053558668] 1
[1743166323053602502] 1
[1743166323053683169] 1
[1743166323053753628] 1
[1743166323053975463] 1
[1743166323063353915] 1
[1743166323063420666] 1
[1743166323063452874] 1
[1743166323063652334] 1
[1743166323063706793] 1
[1743166323063759502] 1
[1743166323064308965] 1
[1743166323067144613] 1
[1743166323067228572] 1
[1743166323957795573] 1
[1743166323958047450] 1
[1743166324022928570] 1
[1743166324023017987] 1
[1743166324023097405] 1
[1743166324023172863] 1
[1743166324023235781] 1
[1743166324032215480] 1
[1743166324032301190] 1
[1743166324032373023] 1
[1743166324032832944] 1
[1743166324033524075] 1
[1743166324033622284] 1
[1743166324033660118] 1
[1743166373702554465] 0 : Request cancelled by client due to FailedTimeout
[1743166373752738746] 0 : Request cancelled by client due to FailedTimeout
[1743166373803351697] 0 : Request cancelled by client due to FailedTimeout
[1743166373852789680] 0 : Request cancelled by client due to FailedTimeout
[1743166373904558765] 0 : Request cancelled by client due to FailedTimeout
[1743166373955432926] 0 : Request cancelled by client due to FailedTimeout
[1743166374005413789] 0 : Request cancelled by client due to FailedTimeout
[1743166374056255788] 0 : Request cancelled by client due to FailedTimeout
[1743166374107127829] 0 : Request cancelled by client due to FailedTimeout
[1743166374158213205] 0 : Request cancelled by client due to FailedTimeout
[1743166374209770126] 0 : Request cancelled by client due to FailedTimeout
[1743166374260949836] 0 : Request cancelled by client due to FailedTimeout
[1743166374313232013] 0 : Request cancelled by client due to FailedTimeout
[1743166374364651641] 0 : Request cancelled by client due to FailedTimeout
[1743166374415290639] 0 : Request cancelled by client due to FailedTimeout
[1743166374467607524] 0 : Request cancelled by client due to FailedTimeout
[1743166374519454614] 0 : Request cancelled by client due to FailedTimeout
[1743166374571011577] 0 : Request cancelled by client due to FailedTimeout
[1743166374622026244] 0 : Request cancelled by client due to FailedTimeout
[1743166374673712625] 0 : Request cancelled by client due to FailedTimeout
[1743166374723819827] 0 : Request cancelled by client due to FailedTimeout
[1743166374776157546] 0 : Request cancelled by client due to FailedTimeout
[1743166374825837661] 0 : Request cancelled by client due to FailedTimeout
[1743166374877063872] 0 : Request cancelled by client due to FailedTimeout
[1743166374927267033] 0 : Request cancelled by client due to FailedTimeout
[1743166374978138658] 0 : Request cancelled by client due to FailedTimeout
[1743166375029446330] 0 : Request cancelled by client due to FailedTimeout
[1743166375082218349] 0 : Request cancelled by client due to FailedTimeout
[1743166375132258639] 0 : Request cancelled by client due to FailedTimeout
[1743166375183994066] 0 : Request cancelled by client due to FailedTimeout
[1743166375236011579] 0 : Request cancelled by client due to FailedTimeout
[1743166375286687374] 0 : Request cancelled by client due to FailedTimeout
[1743166375336858915] 0 : Request cancelled by client due to FailedTimeout
[1743166375388678469] 0 : Request cancelled by client due to FailedTimeout
[1743166375439718391] 0 : Request cancelled by client due to FailedTimeout
[1743166375492764954] 0 : Request cancelled by client due to FailedTimeout
[1743166375543977003] 0 : Request cancelled by client due to FailedTimeout
[1743166375596598187] 0 : Request cancelled by client due to FailedTimeout
[1743166375648374865] 0 : Request cancelled by client due to FailedTimeout
[1743166375698546198] 0 : Request cancelled by client due to FailedTimeout
[1743166375750409251] 0 : Request cancelled by client due to FailedTimeout
[1743166375804176694] 0 : Request cancelled by client due to FailedTimeout
[1743166375852228469] 0 : Request cancelled by client due to FailedTimeout
[1743166375904566818] 0 : Request cancelled by client due to FailedTimeout
[1743166375953208265] 0 : Request cancelled by client due to FailedTimeout
[1743166376003887643] 0 : Request cancelled by client due to FailedTimeout
[1743166376056945627] 0 : Request cancelled by client due to FailedTimeout
[1743166376107754137] 0 : Request cancelled by client due to FailedTimeout
[1743166376159803155] 0 : Request cancelled by client due to FailedTimeout
[1743166376211699131] 0 : Request cancelled by client due to FailedTimeout
[1743166376263048061] 0 : Request cancelled by client due to FailedTimeout
[1743166376314475491] 0 : Request cancelled by client due to FailedTimeout
[1743166376365654128] 0 : Request cancelled by client due to FailedTimeout
[1743166376417535937] 0 : Request cancelled by client due to FailedTimeout
[1743166376469237662] 0 : Request cancelled by client due to FailedTimeout
[1743166376521494473] 0 : Request cancelled by client due to FailedTimeout
[1743166376572153523] 0 : Request cancelled by client due to FailedTimeout
[1743166376623867289] 0 : Request cancelled by client due to FailedTimeout
[1743166376675039759] 0 : Request cancelled by client due to FailedTimeout
[1743166376725525141] 0 : Request cancelled by client due to FailedTimeout
[1743166376776988322] 0 : Request cancelled by client due to FailedTimeout
[1743166376828500795] 0 : Request cancelled by client due to FailedTimeout
[1743166376878131962] 0 : Request cancelled by client due to FailedTimeout
[1743166376929578726] 0 : Request cancelled by client due to FailedTimeout
[1743166376980930406] 0 : Request cancelled by client due to FailedTimeout
[1743166377032375298] 0 : Request cancelled by client due to FailedTimeout
[1743166377083231437] 0 : Request cancelled by client due to FailedTimeout
[1743166377134175827] 0 : Request cancelled by client due to FailedTimeout
[1743166377185071676] 0 : Request cancelled by client due to FailedTimeout
[1743166377235934232] 0 : Request cancelled by client due to FailedTimeout
[1743166377286955789] 0 : Request cancelled by client due to FailedTimeout
[1743166377337811137] 0 : Request cancelled by client due to FailedTimeout
[1743166377389620992] 0 : Request cancelled by client due to FailedTimeout
[1743166377440408714] 0 : Request cancelled by client due to FailedTimeout
[1743166377492165861] 0 : Request cancelled by client due to FailedTimeout
[1743166377543545338] 0 : Request cancelled by client due to FailedTimeout
[1743166377594980273] 0 : Request cancelled by client due to FailedTimeout
[1743166377646492251] 0 : Request cancelled by client due to FailedTimeout
[1743166377697282015] 0 : Request cancelled by client due to FailedTimeout
[1743166377748488616] 0 : Request cancelled by client due to FailedTimeout
[1743166377800298179] 0 : Request cancelled by client due to FailedTimeout
[1743166377851844824] 0 : Request cancelled by client due to FailedTimeout
[1743166377902166168] 0 : Request cancelled by client due to FailedTimeout
[1743166377952075717] 0 : Request cancelled by client due to FailedTimeout
[1743166378001825181] 0 : Request cancelled by client due to FailedTimeout
[1743166378053335497] 0 : Request cancelled by client due to FailedTimeout
[1743166378105329025] 0 : Request cancelled by client due to FailedTimeout
[1743166378156302754] 0 : Request cancelled by client due to FailedTimeout
[1743166378208599285] 0 : Request cancelled by client due to FailedTimeout
[1743166378258950800] 0 : Request cancelled by client due to FailedTimeout
[1743166378312022295] 0 : Request cancelled by client due to FailedTimeout
[1743166378362999565] 0 : Request cancelled by client due to FailedTimeout
[1743166378413808543] 0 : Request cancelled by client due to FailedTimeout
[1743166378465895947] 0 : Request cancelled by client due to FailedTimeout
[1743166378518507188] 0 : Request cancelled by client due to FailedTimeout
[1743166378568472409] 0 : Request cancelled by client due to FailedTimeout
[1743166378620971691] 0 : Request cancelled by client due to FailedTimeout
[1743166378670199823] 0 : Request cancelled by client due to FailedTimeout
[1743166378723280068] 0 : Request cancelled by client due to FailedTimeout
[1743166378799697994] 0 : Request cancelled by client due to FailedTimeout
[1743166378827778503] 0 : Request cancelled by client due to FailedTimeout
[1743166378877486847] 0 : Request cancelled by client due to FailedTimeout
[1743166378928281741] 0 : Request cancelled by client due to FailedTimeout
[1743166378978608298] 0 : Request cancelled by client due to FailedTimeout
[1743166379029889157] 0 : Request cancelled by client due to FailedTimeout
[1743166379080544762] 0 : Request cancelled by client due to FailedTimeout
[1743166379130386487] 0 : Request cancelled by client due to FailedTimeout
[1743166379181931017] 0 : Request cancelled by client due to FailedTimeout
[1743166379234034884] 0 : Request cancelled by client due to FailedTimeout
[1743166379283854192] 0 : Request cancelled by client due to FailedTimeout
[1743166379336249436] 0 : Request cancelled by client due to FailedTimeout
[1743166379387123711] 0 : Request cancelled by client due to FailedTimeout
[1743166379437991027] 0 : Request cancelled by client due to FailedTimeout
[1743166379489532723] 0 : Request cancelled by client due to FailedTimeout
[1743166379539877868] 0 : Request cancelled by client due to FailedTimeout
[1743166379594465338] 0 : Request cancelled by client due to FailedTimeout
[1743166379644223646] 0 : Request cancelled by client due to FailedTimeout
[1743166379695752425] 0 : Request cancelled by client due to FailedTimeout
[1743166379746722075] 0 : Request cancelled by client due to FailedTimeout
[1743166379797951227] 0 : Request cancelled by client due to FailedTimeout
[1743166379848365998] 0 : Request cancelled by client due to FailedTimeout
[1743166379899307356] 0 : Request cancelled by client due to FailedTimeout
[1743166379949958879] 0 : Request cancelled by client due to FailedTimeout
[1743166380001889370] 0 : Request cancelled by client due to FailedTimeout
[1743166380053110443] 0 : Request cancelled by client due to FailedTimeout
[1743166380103351051] 0 : Request cancelled by client due to FailedTimeout
[1743166380155099420] 0 : Request cancelled by client due to FailedTimeout
[1743166380206151659] 0 : Request cancelled by client due to FailedTimeout
[1743166380257764861] 0 : Request cancelled by client due to FailedTimeout
[1743166380309653398] 0 : Request cancelled by client due to FailedTimeout
[1743166380360859388] 0 : Request cancelled by client due to FailedTimeout
[1743166380410761368] 0 : Request cancelled by client due to FailedTimeout
[1743166380462918198] 0 : Request cancelled by client due to FailedTimeout
[1743166380514158105] 0 : Request cancelled by client due to FailedTimeout
[1743166380566168352] 0 : Request cancelled by client due to FailedTimeout
[1743166380618214015] 0 : Request cancelled by client due to FailedTimeout
[1743166380667878618] 0 : Request cancelled by client due to FailedTimeout
[1743166380720142075] 0 : Request cancelled by client due to FailedTimeout
[1743166380772134821] 0 : Request cancelled by client due to FailedTimeout
[1743166380822217094] 0 : Request cancelled by client due to FailedTimeout
[1743166380878580500] 0 : Request cancelled by client due to FailedTimeout
[1743166380925768500] 0 : Request cancelled by client due to FailedTimeout
[1743166380976909114] 0 : Request cancelled by client due to FailedTimeout
[1743166381026372593] 0 : Request cancelled by client due to FailedTimeout
[1743166381078792389] 0 : Request cancelled by client due to FailedTimeout
[1743166381131020684] 0 : Request cancelled by client due to FailedTimeout
[1743166381182527306] 0 : Request cancelled by client due to FailedTimeout
[1743166381233814968] 0 : Request cancelled by client due to FailedTimeout
[1743166381284457208] 0 : Request cancelled by client due to FailedTimeout
[1743166381336105665] 0 : Request cancelled by client due to FailedTimeout
[1743166381387889081] 0 : Request cancelled by client due to FailedTimeout
[1743166381439340994] 0 : Request cancelled by client due to FailedTimeout
[1743166381491166494] 0 : Request cancelled by client due to FailedTimeout
[1743166381543084786] 0 : Request cancelled by client due to FailedTimeout
[1743166381594292656] 0 : Request cancelled by client due to FailedTimeout
[1743166381646281074] 0 : Request cancelled by client due to FailedTimeout
[1743166381697237233] 0 : Request cancelled by client due to FailedTimeout
[1743166381748887356] 0 : Request cancelled by client due to FailedTimeout
[1743166381800135352] 0 : Request cancelled by client due to FailedTimeout
[1743166381850980760] 0 : Request cancelled by client due to FailedTimeout
[1743166381924995021] 0 : Request cancelled by client due to FailedTimeout
[1743166381953042747] 0 : Request cancelled by client due to FailedTimeout
[1743166382004334034] 0 : Request cancelled by client due to FailedTimeout
[1743166382054373107] 0 : Request cancelled by client due to FailedTimeout
[1743166382106492614] 0 : Request cancelled by client due to FailedTimeout
[1743166382158861748] 0 : Request cancelled by client due to FailedTimeout
[1743166382209810079] 0 : Request cancelled by client due to FailedTimeout
[1743166382261543249] 0 : Request cancelled by client due to FailedTimeout
[1743166382314002509] 0 : Request cancelled by client due to FailedTimeout
[1743166382364747088] 0 : Request cancelled by client due to FailedTimeout
[1743166382415131789] 0 : Request cancelled by client due to FailedTimeout
[1743166382466731750] 0 : Request cancelled by client due to FailedTimeout
[1743166382518828006] 0 : Request cancelled by client due to FailedTimeout
[1743166382570263549] 0 : Request cancelled by client due to FailedTimeout
[1743166382621752634] 0 : Request cancelled by client due to FailedTimeout
[1743166382673691681] 0 : Request cancelled by client due to FailedTimeout
[1743166382724234050] 0 : Request cancelled by client due to FailedTimeout
[1743166382776900186] 0 : Request cancelled by client due to FailedTimeout
[1743166382827734183] 0 : Request cancelled by client due to FailedTimeout
[1743166382877986216] 0 : Request cancelled by client due to FailedTimeout
[1743166382960306218] 0 : Request cancelled by client due to FailedTimeout
[1743166382978041529] 0 : Request cancelled by client due to FailedTimeout
[1743166383029588117] 0 : Request cancelled by client due to FailedTimeout
[1743166383080562702] 0 : Request cancelled by client due to FailedTimeout
[1743166383135191943] 0 : Request cancelled by client due to FailedTimeout
[1743166383187155494] 0 : Request cancelled by client due to FailedTimeout
[1743166383238581500] 0 : Request cancelled by client due to FailedTimeout
[1743166383289663128] 0 : Request cancelled by client due to FailedTimeout
[1743166383339231369] 0 : Request cancelled by client due to FailedTimeout
[1743166383391548423] 0 : Request cancelled by client due to FailedTimeout
[1743166383442551217] 0 : Request cancelled by client due to FailedTimeout
[1743166383495412735] 0 : Request cancelled by client due to FailedTimeout
[1743166383545810190] 0 : Request cancelled by client due to FailedTimeout
[1743166383596083312] 0 : Request cancelled by client due to FailedTimeout
[1743166383648214032] 0 : Request cancelled by client due to FailedTimeout
[1743166383700706838] 0 : Request cancelled by client due to FailedTimeout
[1743166383751799299] 0 : Request cancelled by client due to FailedTimeout
[1743166383802882844] 0 : Request cancelled by client due to FailedTimeout
[1743166383854394308] 0 : Request cancelled by client due to FailedTimeout
[1743166383904769181] 0 : Request cancelled by client due to FailedTimeout
[1743166383956667732] 0 : Request cancelled by client due to FailedTimeout
[1743166384008111863] 0 : Request cancelled by client due to FailedTimeout
[1743166384059180746] 0 : Request cancelled by client due to FailedTimeout
[1743166384110872300] 0 : Request cancelled by client due to FailedTimeout
[1743166384164144867] 0 : Request cancelled by client due to FailedTimeout
[1743166384213915363] 0 : Request cancelled by client due to FailedTimeout
[1743166384265368457] 0 : Request cancelled by client due to FailedTimeout
[1743166384315480832] 0 : Request cancelled by client due to FailedTimeout
[1743166384366342670] 0 : Request cancelled by client due to FailedTimeout
[1743166384417542179] 0 : Request cancelled by client due to FailedTimeout
[1743166384468511310] 0 : Request cancelled by client due to FailedTimeout
[1743166384519587484] 0 : Request cancelled by client due to FailedTimeout
[1743166384571799001] 0 : Request cancelled by client due to FailedTimeout
[1743166384623093677] 0 : Request cancelled by client due to FailedTimeout
[1743166384674871190] 0 : Request cancelled by client due to FailedTimeout
[1743166384726155699] 0 : Request cancelled by client due to FailedTimeout
[1743166384779767436] 0 : Request cancelled by client due to FailedTimeout
[1743166384830144021] 0 : Request cancelled by client due to FailedTimeout
[1743166384880324687] 0 : Request cancelled by client due to FailedTimeout
[1743166384931492612] 0 : Request cancelled by client due to FailedTimeout
[1743166384982904914] 0 : Request cancelled by client due to FailedTimeout
[1743166385034527387] 0 : Request cancelled by client due to FailedTimeout
[1743166385086049902] 0 : Request cancelled by client due to FailedTimeout
[1743166385135731402] 0 : Request cancelled by client due to FailedTimeout
[1743166385190457653] 0 : Request cancelled by client due to FailedTimeout
[1743166385243017636] 0 : Request cancelled by client due to FailedTimeout
[1743166385292763886] 0 : Request cancelled by client due to FailedTimeout
[1743166385343874232] 0 : Request cancelled by client due to FailedTimeout
[1743166385395396497] 0 : Request cancelled by client due to FailedTimeout
[1743166385446990638] 0 : Request cancelled by client due to FailedTimeout
[1743166385498620779] 0 : Request cancelled by client due to FailedTimeout
[1743166385549031327] 0 : Request cancelled by client due to FailedTimeout
[1743166385601365391] 0 : Request cancelled by client due to FailedTimeout
[1743166385651913107] 0 : Request cancelled by client due to FailedTimeout
[1743166385703540373] 0 : Request cancelled by client due to FailedTimeout
[1743166385755900646] 0 : Request cancelled by client due to FailedTimeout
[1743166385806266068] 0 : Request cancelled by client due to FailedTimeout
[1743166385857234579] 0 : Request cancelled by client due to FailedTimeout
[1743166385909140806] 0 : Request cancelled by client due to FailedTimeout
[1743166385959321894] 0 : Request cancelled by client due to FailedTimeout
[1743166386010274030] 0 : Request cancelled by client due to FailedTimeout
[1743166386060915084] 0 : Request cancelled by client due to FailedTimeout
[1743166386112244436] 0 : Request cancelled by client due to FailedTimeout
[1743166386163897790] 0 : Request cancelled by client due to FailedTimeout
[1743166386215723937] 0 : Request cancelled by client due to FailedTimeout
[1743166386267651586] 0 : Request cancelled by client due to FailedTimeout
[1743166386318645351] 0 : Request cancelled by client due to FailedTimeout
[1743166386370246371] 0 : Request cancelled by client due to FailedTimeout
[1743166386424542498] 0 : Request cancelled by client due to FailedTimeout
[1743166386476463438] 0 : Request cancelled by client due to FailedTimeout
[1743166386529027300] 0 : Request cancelled by client due to FailedTimeout
[1743166386579929815] 0 : Request cancelled by client due to FailedTimeout
[1743166386631621253] 0 : Request cancelled by client due to FailedTimeout
[1743166386683910487] 0 : Request cancelled by client due to FailedTimeout
[1743166386734696584] 0 : Request cancelled by client due to FailedTimeout
[1743166386786255896] 0 : Request cancelled by client due to FailedTimeout
[1743166386836239320] 0 : Request cancelled by client due to FailedTimeout
[1743166386887425295] 0 : Request cancelled by client due to FailedTimeout
[1743166386937823055] 0 : Request cancelled by client due to FailedTimeout
[1743166386987771103] 0 : Request cancelled by client due to FailedTimeout
[1743166387039636379] 0 : Request cancelled by client due to FailedTimeout
[1743166387090959485] 0 : Request cancelled by client due to FailedTimeout
[1743166387143599685] 0 : Request cancelled by client due to FailedTimeout
[1743166387196945892] 0 : Request cancelled by client due to FailedTimeout
[1743166387246748151] 0 : Request cancelled by client due to FailedTimeout
[1743166387298877681] 0 : Request cancelled by client due to FailedTimeout
[1743166387349722116] 0 : Request cancelled by client due to FailedTimeout
[1743166387400701218] 0 : Request cancelled by client due to FailedTimeout
[1743166387451729363] 0 : Request cancelled by client due to FailedTimeout
[1743166387503360430] 0 : Request cancelled by client due to FailedTimeout
[1743166387556150340] 0 : Request cancelled by client due to FailedTimeout
[1743166387606302186] 0 : Request cancelled by client due to FailedTimeout
[1743166387658039379] 0 : Request cancelled by client due to FailedTimeout
[1743166387708544852] 0 : Request cancelled by client due to FailedTimeout
[1743166387759580914] 0 : Request cancelled by client due to FailedTimeout
[1743166387810869936] 0 : Request cancelled by client due to FailedTimeout
[1743166387862537920] 0 : Request cancelled by client due to FailedTimeout
[1743166387913275521] 0 : Request cancelled by client due to FailedTimeout
[1743166387964891254] 0 : Request cancelled by client due to FailedTimeout
[1743166388014508846] 0 : Request cancelled by client due to FailedTimeout
[1743166388066551087] 0 : Request cancelled by client due to FailedTimeout
[1743166388117105357] 0 : Request cancelled by client due to FailedTimeout
[1743166388168442884] 0 : Request cancelled by client due to FailedTimeout
[1743166388220393041] 0 : Request cancelled by client due to FailedTimeout
[1743166388272574283] 0 : Request cancelled by client due to FailedTimeout
[1743166388326103829] 0 : Request cancelled by client due to FailedTimeout
[1743166388374830625] 0 : Request cancelled by client due to FailedTimeout
[1743166388427313203] 0 : Request cancelled by client due to FailedTimeout
[1743166388478732814] 0 : Request cancelled by client due to FailedTimeout
[1743166388530730805] 0 : Request cancelled by client due to FailedTimeout
[1743166388583052590] 0 : Request cancelled by client due to FailedTimeout
[1743166388634128406] 0 : Request cancelled by client due to FailedTimeout
[1743166388684936054] 0 : Request cancelled by client due to FailedTimeout
[1743166388736231788] 0 : Request cancelled by client due to FailedTimeout
[1743166388787640107] 0 : Request cancelled by client due to FailedTimeout
[1743166388837695123] 0 : Request cancelled by client due to FailedTimeout
[1743166388890751581] 0 : Request cancelled by client due to FailedTimeout
[1743166388939394918] 0 : Request cancelled by client due to FailedTimeout
[1743166388990885613] 0 : Request cancelled by client due to FailedTimeout
[1743166389041352302] 0 : Request cancelled by client due to FailedTimeout
[1743166389095084937] 0 : Request cancelled by client due to FailedTimeout
[1743166389144652911] 0 : Request cancelled by client due to FailedTimeout
[1743166389196823824] 0 : Request cancelled by client due to FailedTimeout
[1743166389247946228] 0 : Request cancelled by client due to FailedTimeout
[1743166389298992298] 0 : Request cancelled by client due to FailedTimeout
[1743166389350948126] 0 : Request cancelled by client due to FailedTimeout
[1743166389402912204] 0 : Request cancelled by client due to FailedTimeout
[1743166389453927566] 0 : Request cancelled by client due to FailedTimeout
[1743166389506361481] 0 : Request cancelled by client due to FailedTimeout
[1743166389558260684] 0 : Request cancelled by client due to FailedTimeout
[1743166389609149544] 0 : Request cancelled by client due to FailedTimeout
[1743166389661105706] 0 : Request cancelled by client due to FailedTimeout
[1743166389712344444] 0 : Request cancelled by client due to FailedTimeout
[1743166389764007603] 0 : Request cancelled by client due to FailedTimeout
[1743166389816269517] 0 : Request cancelled by client due to FailedTimeout
[1743166389867644798] 0 : Request cancelled by client due to FailedTimeout
[1743166389917672859] 0 : Request cancelled by client due to FailedTimeout
[1743166389968931139] 0 : Request cancelled by client due to FailedTimeout
[1743166390018786492] 0 : Request cancelled by client due to FailedTimeout
[1743166390070957743] 0 : Request cancelled by client due to FailedTimeout
[1743166390122254111] 0 : Request cancelled by client due to FailedTimeout
[1743166390172932098] 0 : Request cancelled by client due to FailedTimeout
[1743166390224267966] 0 : Request cancelled by client due to FailedTimeout
[1743166390275572710] 0 : Request cancelled by client due to FailedTimeout
[1743166390326225113] 0 : Request cancelled by client due to FailedTimeout
[1743166390377447314] 0 : Request cancelled by client due to FailedTimeout
[1743166390428163802] 0 : Request cancelled by client due to FailedTimeout
[1743166390480434012] 0 : Request cancelled by client due to FailedTimeout
[1743166390530804622] 0 : Request cancelled by client due to FailedTimeout
[1743166390582554202] 0 : Request cancelled by client due to FailedTimeout
[1743166390633970821] 0 : Request cancelled by client due to FailedTimeout
[1743166390685128271] 0 : Request cancelled by client due to FailedTimeout
[1743166390736860018] 0 : Request cancelled by client due to FailedTimeout
[1743166390787905134] 0 : Request cancelled by client due to FailedTimeout
[1743166390839789965] 0 : Request cancelled by client due to FailedTimeout
[1743166390889995574] 0 : Request cancelled by client due to FailedTimeout
[1743166390941486110] 0 : Request cancelled by client due to FailedTimeout
[1743166390992570018] 0 : Request cancelled by client due to FailedTimeout
[1743166391043148883] 0 : Request cancelled by client due to FailedTimeout
[1743166391095467139] 0 : Request cancelled by client due to FailedTimeout
[1743166391147472642] 0 : Request cancelled by client due to FailedTimeout
[1743166391198938265] 0 : Request cancelled by client due to FailedTimeout
[1743166391250002469] 0 : Request cancelled by client due to FailedTimeout
[1743166391301824845] 0 : Request cancelled by client due to FailedTimeout
[1743166391353144343] 0 : Request cancelled by client due to FailedTimeout
[1743166391404689300] 0 : Request cancelled by client due to FailedTimeout
[1743166391455631252] 0 : Request cancelled by client due to FailedTimeout
[1743166391507719006] 0 : Request cancelled by client due to FailedTimeout
[1743166391560029262] 0 : Request cancelled by client due to FailedTimeout
[1743166391611573803] 0 : Request cancelled by client due to FailedTimeout
[1743166391662908092] 0 : Request cancelled by client due to FailedTimeout
[1743166391714827387] 0 : Request cancelled by client due to FailedTimeout
[1743166391766667472] 0 : Request cancelled by client due to FailedTimeout
[1743166391819608400] 0 : Request cancelled by client due to FailedTimeout
[1743166391871112107] 0 : Request cancelled by client due to FailedTimeout
[1743166391922551772] 0 : Request cancelled by client due to FailedTimeout
[1743166391974136647] 0 : Request cancelled by client due to FailedTimeout
[1743166392024063133] 0 : Request cancelled by client due to FailedTimeout
[1743166392075573053] 0 : Request cancelled by client due to FailedTimeout
[1743166392125726085] 0 : Request cancelled by client due to FailedTimeout
[1743166392178308806] 0 : Request cancelled by client due to FailedTimeout
[1743166392229460889] 0 : Request cancelled by client due to FailedTimeout
[1743166392281780732] 0 : Request cancelled by client due to FailedTimeout
[1743166392332617396] 0 : Request cancelled by client due to FailedTimeout
[1743166392384316859] 0 : Request cancelled by client due to FailedTimeout
[1743166392435196440] 0 : Request cancelled by client due to FailedTimeout
[1743166392485839435] 0 : Request cancelled by client due to FailedTimeout
[1743166392538638782] 0 : Request cancelled by client due to FailedTimeout
[1743166392588973316] 0 : Request cancelled by client due to FailedTimeout
[1743166392639422435] 0 : Request cancelled by client due to FailedTimeout
[1743166392689677385] 0 : Request cancelled by client due to FailedTimeout
[1743166392742431899] 0 : Request cancelled by client due to FailedTimeout
[1743166392792550139] 0 : Request cancelled by client due to FailedTimeout
[1743166392844094226] 0 : Request cancelled by client due to FailedTimeout
[1743166392895484478] 0 : Request cancelled by client due to FailedTimeout
[1743166392946576768] 0 : Request cancelled by client due to FailedTimeout
[1743166392997288014] 0 : Request cancelled by client due to FailedTimeout
[1743166393049841571] 0 : Request cancelled by client due to FailedTimeout
[1743166393099066932] 0 : Request cancelled by client due to FailedTimeout
[1743166393152172495] 0 : Request cancelled by client due to FailedTimeout
[1743166393202329532] 0 : Request cancelled by client due to FailedTimeout
[1743166393253899872] 0 : Request cancelled by client due to FailedTimeout
[1743166393305134335] 0 : Request cancelled by client due to FailedTimeout
[1743166393356019503] 0 : Request cancelled by client due to FailedTimeout
[1743166393408261391] 0 : Request cancelled by client due to FailedTimeout
[1743166393459528021] 0 : Request cancelled by client due to FailedTimeout
[1743166393511475823] 0 : Request cancelled by client due to FailedTimeout
[1743166393562382158] 0 : Request cancelled by client due to FailedTimeout
[1743166393614228501] 0 : Request cancelled by client due to FailedTimeout
[1743166393664720957] 0 : Request cancelled by client due to FailedTimeout
[1743166393717344390] 0 : Request cancelled by client due to FailedTimeout
[1743166393769595029] 0 : Request cancelled by client due to FailedTimeout
[1743166393822337213] 0 : Request cancelled by client due to FailedTimeout
[1743166393872701043] 0 : Request cancelled by client due to FailedTimeout
[1743166393924609554] 0 : Request cancelled by client due to FailedTimeout
[1743166393975572180] 0 : Request cancelled by client due to FailedTimeout
[1743166394026997771] 0 : Request cancelled by client due to FailedTimeout
[1743166394077614816] 0 : Request cancelled by client due to FailedTimeout
[1743166394128402278] 0 : Request cancelled by client due to FailedTimeout
[1743166394180258125] 0 : Request cancelled by client due to FailedTimeout
[1743166394231956763] 0 : Request cancelled by client due to FailedTimeout
[1743166394283363397] 0 : Request cancelled by client due to FailedTimeout
[1743166394335701665] 0 : Request cancelled by client due to FailedTimeout
[1743166394387819932] 0 : Request cancelled by client due to FailedTimeout
[1743166394438913522] 0 : Request cancelled by client due to FailedTimeout
[1743166394490104488] 0 : Request cancelled by client due to FailedTimeout
[1743166394540934534] 0 : Request cancelled by client due to FailedTimeout
[1743166394592651880] 0 : Request cancelled by client due to FailedTimeout
[1743166394642865170] 0 : Request cancelled by client due to FailedTimeout
[1743166394695051979] 0 : Request cancelled by client due to FailedTimeout
[1743166394746155027] 0 : Request cancelled by client due to FailedTimeout
[1743166394797268159] 0 : Request cancelled by client due to FailedTimeout
[1743166394848174498] 0 : Request cancelled by client due to FailedTimeout
[1743166394899707050] 0 : Request cancelled by client due to FailedTimeout
[1743166394950505055] 0 : Request cancelled by client due to FailedTimeout
[1743166395005857226] 0 : Request cancelled by client due to FailedTimeout
[1743166395052847532] 0 : Request cancelled by client due to FailedTimeout
[1743166395105942561] 0 : Request cancelled by client due to FailedTimeout
[1743166395155334681] 0 : Request cancelled by client due to FailedTimeout
[1743166395206383483] 0 : Request cancelled by client due to FailedTimeout
[1743166395258190208] 0 : Request cancelled by client due to FailedTimeout
[1743166395331993136] 0 : Request cancelled by client due to FailedTimeout
[1743166395359297178] 0 : Request cancelled by client due to FailedTimeout
[1743166395412027703] 0 : Request cancelled by client due to FailedTimeout
[1743166395463481217] 0 : Request cancelled by client due to FailedTimeout
[1743166395514714979] 0 : Request cancelled by client due to FailedTimeout
[1743166395565595446] 0 : Request cancelled by client due to FailedTimeout
[1743166395617120669] 0 : Request cancelled by client due to FailedTimeout
[1743166395668679017] 0 : Request cancelled by client due to FailedTimeout
[1743166395719552068] 0 : Request cancelled by client due to FailedTimeout
[1743166395770978581] 0 : Request cancelled by client due to FailedTimeout
[1743166395822372636] 0 : Request cancelled by client due to FailedTimeout
[1743166395873706732] 0 : Request cancelled by client due to FailedTimeout
[1743166395923734233] 0 : Request cancelled by client due to FailedTimeout
[1743166395974719951] 0 : Request cancelled by client due to FailedTimeout
[1743166396028530155] 0 : Request cancelled by client due to FailedTimeout
[1743166396079322125] 0 : Request cancelled by client due to FailedTimeout
[1743166396131713235] 0 : Request cancelled by client due to FailedTimeout
[1743166396181717281] 0 : Request cancelled by client due to FailedTimeout
[1743166396233204257] 0 : Request cancelled by client due to FailedTimeout
[1743166396285029528] 0 : Request cancelled by client due to FailedTimeout
[1743166396379733904] 0 : Request cancelled by client due to FailedTimeout
[1743166396386740677] 0 : Request cancelled by client due to FailedTimeout
[1743166396440256339] 0 : Request cancelled by client due to FailedTimeout
[1743166396491599814] 0 : Request cancelled by client due to FailedTimeout
[1743166396544630555] 0 : Request cancelled by client due to FailedTimeout
[1743166396593936469] 0 : Request cancelled by client due to FailedTimeout
[1743166396647779509] 0 : Request cancelled by client due to FailedTimeout
[1743166396698055432] 0 : Request cancelled by client due to FailedTimeout
[1743166396749191280] 0 : Request cancelled by client due to FailedTimeout
[1743166396801393763] 0 : Request cancelled by client due to FailedTimeout
[1743166396852482069] 0 : Request cancelled by client due to FailedTimeout
[1743166396902524157] 0 : Request cancelled by client due to FailedTimeout
[1743166396953940674] 0 : Request cancelled by client due to FailedTimeout
[1743166397008434803] 0 : Request cancelled by client due to FailedTimeout
[1743166397054473358] 0 : Request cancelled by client due to FailedTimeout
[1743166397106823762] 0 : Request cancelled by client due to FailedTimeout
[1743166397157039397] 0 : Request cancelled by client due to FailedTimeout
[1743166397207785412] 0 : Request cancelled by client due to FailedTimeout
[1743166397260961782] 0 : Request cancelled by client due to FailedTimeout
[1743166397312574805] 0 : Request cancelled by client due to FailedTimeout
[1743166397363516947] 0 : Request cancelled by client due to FailedTimeout
[1743166397420609021] 0 : Request cancelled by client due to FailedTimeout
[1743166397465046101] 0 : Request cancelled by client due to FailedTimeout
[1743166397517715926] 0 : Request cancelled by client due to FailedTimeout
[1743166397569243781] 0 : Request cancelled by client due to FailedTimeout
[1743166397621348684] 0 : Request cancelled by client due to FailedTimeout
[1743166397672554536] 0 : Request cancelled by client due to FailedTimeout
[1743166397724589396] 0 : Request cancelled by client due to FailedTimeout
[1743166397775556663] 0 : Request cancelled by client due to FailedTimeout
[1743166397826872516] 0 : Request cancelled by client due to FailedTimeout
[1743166397878600290] 0 : Request cancelled by client due to FailedTimeout
[1743166397928796466] 0 : Request cancelled by client due to FailedTimeout
[1743166397979624607] 0 : Request cancelled by client due to FailedTimeout
[1743166398029656825] 0 : Request cancelled by client due to FailedTimeout
[1743166398081237434] 0 : Request cancelled by client due to FailedTimeout
[1743166398132639542] 0 : Request cancelled by client due to FailedTimeout
[1743166398183778856] 0 : Request cancelled by client due to FailedTimeout
[1743166398233999869] 0 : Request cancelled by client due to FailedTimeout
[1743166398286785615] 0 : Request cancelled by client due to FailedTimeout
[1743166398337476133] 0 : Request cancelled by client due to FailedTimeout
[1743166398387141641] 0 : Request cancelled by client due to FailedTimeout
[1743166398469617540] 0 : Request cancelled by client due to FailedTimeout
[1743166398490326610] 0 : Request cancelled by client due to FailedTimeout
[1743166398542086846] 0 : Request cancelled by client due to FailedTimeout
[1743166398593569538] 0 : Request cancelled by client due to FailedTimeout
[1743166398645538609] 0 : Request cancelled by client due to FailedTimeout
[1743166398698123562] 0 : Request cancelled by client due to FailedTimeout
[1743166398749218333] 0 : Request cancelled by client due to FailedTimeout
[1743166398800389730] 0 : Request cancelled by client due to FailedTimeout
[1743166398851675379] 0 : Request cancelled by client due to FailedTimeout
[1743166398902614149] 0 : Request cancelled by client due to FailedTimeout
[1743166398954618596] 0 : Request cancelled by client due to FailedTimeout
[1743166399005961703] 0 : Request cancelled by client due to FailedTimeout
[1743166399054750706] 0 : Request cancelled by client due to FailedTimeout
[1743166399106391362] 0 : Request cancelled by client due to FailedTimeout
[1743166399155841913] 0 : Request cancelled by client due to FailedTimeout
[1743166399207687820] 0 : Request cancelled by client due to FailedTimeout
[1743166399258720095] 0 : Request cancelled by client due to FailedTimeout
[1743166399310442626] 0 : Request cancelled by client due to FailedTimeout
[1743166399362068864] 0 : Request cancelled by client due to FailedTimeout
[1743166399414555902] 0 : Request cancelled by client due to FailedTimeout
[1743166399465657302] 0 : Request cancelled by client due to FailedTimeout
[1743166399521300287] 0 : Request cancelled by client due to FailedTimeout
[1743166399573419655] 0 : Request cancelled by client due to FailedTimeout
[1743166399624877309] 0 : Request cancelled by client due to FailedTimeout
[1743166399676846134] 0 : Request cancelled by client due to FailedTimeout
[1743166399727962701] 0 : Request cancelled by client due to FailedTimeout
[1743166399780403364] 0 : Request cancelled by client due to FailedTimeout
[1743166399835433551] 0 : Request cancelled by client due to FailedTimeout
[1743166399886679452] 0 : Request cancelled by client due to FailedTimeout
[1743166399937709394] 0 : Request cancelled by client due to FailedTimeout
[1743166399990153890] 0 : Request cancelled by client due to FailedTimeout
[1743166400041164708] 0 : Request cancelled by client due to FailedTimeout
[1743166400091461937] 0 : Request cancelled by client due to FailedTimeout
[1743166400143280181] 0 : Request cancelled by client due to FailedTimeout
[1743166400195048174] 0 : Request cancelled by client due to FailedTimeout
[1743166400246836335] 0 : Request cancelled by client due to FailedTimeout
[1743166400297534901] 0 : Request cancelled by client due to FailedTimeout
[1743166400348725181] 0 : Request cancelled by client due to FailedTimeout
[1743166400400292755] 0 : Request cancelled by client due to FailedTimeout
[1743166400451388367] 0 : Request cancelled by client due to FailedTimeout
[1743166400523793349] 0 : Request cancelled by client due to FailedTimeout
[1743166400554147763] 0 : Request cancelled by client due to FailedTimeout
[1743166400605715296] 0 : Request cancelled by client due to FailedTimeout
[1743166400657623624] 0 : Request cancelled by client due to FailedTimeout
[1743166400710137749] 0 : Request cancelled by client due to FailedTimeout
[1743166400763127588] 0 : Request cancelled by client due to FailedTimeout
[1743166400811843302] 0 : Request cancelled by client due to FailedTimeout
[1743166400862198282] 0 : Request cancelled by client due to FailedTimeout
[1743166400914124152] 0 : Request cancelled by client due to FailedTimeout
[1743166400965339765] 0 : Request cancelled by client due to FailedTimeout
[1743166401015105698] 0 : Request cancelled by client due to FailedTimeout
[1743166401066150688] 0 : Request cancelled by client due to FailedTimeout
[1743166401116951508] 0 : Request cancelled by client due to FailedTimeout
[1743166401168910715] 0 : Request cancelled by client due to FailedTimeout
[1743166401220680671] 0 : Request cancelled by client due to FailedTimeout
[1743166401270994445] 0 : Request cancelled by client due to FailedTimeout
[1743166401322051727] 0 : Request cancelled by client due to FailedTimeout
[1743166401373100675] 0 : Request cancelled by client due to FailedTimeout
[1743166401424277083] 0 : Request cancelled by client due to FailedTimeout
[1743166401475531449] 0 : Request cancelled by client due to FailedTimeout
[1743166401557025731] 0 : Request cancelled by client due to FailedTimeout
[1743166401578009725] 0 : Request cancelled by client due to FailedTimeout
[1743166401628683836] 0 : Request cancelled by client due to FailedTimeout
[1743166401679914994] 0 : Request cancelled by client due to FailedTimeout
[1743166401731723825] 0 : Request cancelled by client due to FailedTimeout
[1743166401783415487] 0 : Request cancelled by client due to FailedTimeout
[1743166401835456028] 0 : Request cancelled by client due to FailedTimeout
[1743166401886784062] 0 : Request cancelled by client due to FailedTimeout
[1743166401939575111] 0 : Request cancelled by client due to FailedTimeout
[1743166401989907177] 0 : Request cancelled by client due to FailedTimeout
[1743166402040228204] 0 : Request cancelled by client due to FailedTimeout
[1743166402091905037] 0 : Request cancelled by client due to FailedTimeout
[1743166402144181167] 0 : Request cancelled by client due to FailedTimeout
[1743166402194094108] 0 : Request cancelled by client due to FailedTimeout
[1743166402245602439] 0 : Request cancelled by client due to FailedTimeout
[1743166402299517251] 0 : Request cancelled by client due to FailedTimeout
[1743166402348886061] 0 : Request cancelled by client due to FailedTimeout
[1743166402399862054] 0 : Request cancelled by client due to FailedTimeout
[1743166402450227166] 0 : Request cancelled by client due to FailedTimeout
[1743166402502897133] 0 : Request cancelled by client due to FailedTimeout
[1743166402552936700] 0 : Request cancelled by client due to FailedTimeout
[1743166402603569106] 0 : Request cancelled by client due to FailedTimeout
[1743166402654564182] 0 : Request cancelled by client due to FailedTimeout
[1743166402707492401] 0 : Request cancelled by client due to FailedTimeout
[1743166402756993796] 0 : Request cancelled by client due to FailedTimeout
[1743166402810477855] 0 : Request cancelled by client due to FailedTimeout
[1743166402859482411] 0 : Request cancelled by client due to FailedTimeout
[1743166402910680406] 0 : Request cancelled by client due to FailedTimeout
[1743166402964304133] 0 : Request cancelled by client due to FailedTimeout
[1743166403011941510] 0 : Request cancelled by client due to FailedTimeout
[1743166403062568461] 0 : Request cancelled by client due to FailedTimeout
[1743166403115734478] 0 : Request cancelled by client due to FailedTimeout
[1743166403165024291] 0 : Request cancelled by client due to FailedTimeout
[1743166403216830961] 0 : Request cancelled by client due to FailedTimeout
[1743166403268268920] 0 : Request cancelled by client due to FailedTimeout
[1743166403320241717] 0 : Request cancelled by client due to FailedTimeout
[1743166403371863094] 0 : Request cancelled by client due to FailedTimeout
[1743166403423326512] 0 : Request cancelled by client due to FailedTimeout
[1743166403474887472] 0 : Request cancelled by client due to FailedTimeout
[1743166403525929385] 0 : Request cancelled by client due to FailedTimeout
[1743166403576803463] 0 : Request cancelled by client due to FailedTimeout
[1743166403627610374] 0 : Request cancelled by client due to FailedTimeout
[1743166403680223844] 0 : Request cancelled by client due to FailedTimeout
[1743166403736915437] 0 : Request cancelled by client due to FailedTimeout
[1743166403788916193] 0 : Request cancelled by client due to FailedTimeout
[1743166403843247096] 0 : Request cancelled by client due to FailedTimeout
[1743166403894630179] 0 : Request cancelled by client due to FailedTimeout
[1743166403946216181] 0 : Request cancelled by client due to FailedTimeout
[1743166403995809955] 0 : Request cancelled by client due to FailedTimeout
[1743166404046793287] 0 : Request cancelled by client due to FailedTimeout
[1743166404098179248] 0 : Request cancelled by client due to FailedTimeout
[1743166404150210966] 0 : Request cancelled by client due to FailedTimeout
[1743166404202095266] 0 : Request cancelled by client due to FailedTimeout
[1743166404252286466] 0 : Request cancelled by client due to FailedTimeout
[1743166404303237298] 0 : Request cancelled by client due to FailedTimeout
[1743166404356042731] 0 : Request cancelled by client due to FailedTimeout
[1743166404407717196] 0 : Request cancelled by client due to FailedTimeout
[1743166404459848706] 0 : Request cancelled by client due to FailedTimeout
[1743166404511093624] 0 : Request cancelled by client due to FailedTimeout
[1743166404562148597] 0 : Request cancelled by client due to FailedTimeout
[1743166404634587892] 0 : Request cancelled by client due to FailedTimeout
[1743166404664242333] 0 : Request cancelled by client due to FailedTimeout
[1743166404716633943] 0 : Request cancelled by client due to FailedTimeout
[1743166404766959659] 0 : Request cancelled by client due to FailedTimeout
[1743166404818264634] 0 : Request cancelled by client due to FailedTimeout
[1743166404869915695] 0 : Request cancelled by client due to FailedTimeout
[1743166404924428866] 0 : Request cancelled by client due to FailedTimeout
[1743166404975780008] 0 : Request cancelled by client due to FailedTimeout
[1743166405024080133] 0 : Request cancelled by client due to FailedTimeout
[1743166405075734012] 0 : Request cancelled by client due to FailedTimeout
[1743166405125642009] 0 : Request cancelled by client due to FailedTimeout
[1743166405177991725] 0 : Request cancelled by client due to FailedTimeout
[1743166405228517600] 0 : Request cancelled by client due to FailedTimeout
[1743166405279616727] 0 : Request cancelled by client due to FailedTimeout
[1743166405331881484] 0 : Request cancelled by client due to FailedTimeout
[1743166405382069066] 0 : Request cancelled by client due to FailedTimeout
[1743166405434465449] 0 : Request cancelled by client due to FailedTimeout
[1743166405484818990] 0 : Request cancelled by client due to FailedTimeout
[1743166405535405990] 0 : Request cancelled by client due to FailedTimeout
[1743166405586419492] 0 : Request cancelled by client due to FailedTimeout
[1743166405653994145] 0 : Request cancelled by client due to FailedTimeout
[1743166405689777751] 0 : Request cancelled by client due to FailedTimeout
[1743166405741533172] 0 : Request cancelled by client due to FailedTimeout
[1743166405792684758] 0 : Request cancelled by client due to FailedTimeout
[1743166405844354180] 0 : Request cancelled by client due to FailedTimeout
[1743166405895954809] 0 : Request cancelled by client due to FailedTimeout
[1743166405947295187] 0 : Request cancelled by client due to FailedTimeout
[1743166405998641607] 0 : Request cancelled by client due to FailedTimeout
[1743166406049775741] 0 : Request cancelled by client due to FailedTimeout
[1743166406108203365] 0 : Request cancelled by client due to FailedTimeout
[1743166406158966290] 0 : Request cancelled by client due to FailedTimeout
[1743166406209563589] 0 : Request cancelled by client due to FailedTimeout
[1743166406261548102] 0 : Request cancelled by client due to FailedTimeout
[1743166406312582945] 0 : Request cancelled by client due to FailedTimeout
[1743166406363983081] 0 : Request cancelled by client due to FailedTimeout
[1743166406414375629] 0 : Request cancelled by client due to FailedTimeout
[1743166406465905432] 0 : Request cancelled by client due to FailedTimeout
[1743166406517295193] 0 : Request cancelled by client due to FailedTimeout
[1743166406570757921] 0 : Request cancelled by client due to FailedTimeout
[1743166406621401220] 0 : Request cancelled by client due to FailedTimeout
[1743166406679012257] 0 : Request cancelled by client due to FailedTimeout
[1743166406723814073] 0 : Request cancelled by client due to FailedTimeout
[1743166406775694711] 0 : Request cancelled by client due to FailedTimeout
[1743166406826008801] 0 : Request cancelled by client due to FailedTimeout
[1743166406877611187] 0 : Request cancelled by client due to FailedTimeout
[1743166406928824072] 0 : Request cancelled by client due to FailedTimeout
[1743166406979658706] 0 : Request cancelled by client due to FailedTimeout
[1743166407030441760] 0 : Request cancelled by client due to FailedTimeout
[1743166407081885861] 0 : Request cancelled by client due to FailedTimeout
[1743166407132845669] 0 : Request cancelled by client due to FailedTimeout
[1743166407184787273] 0 : Request cancelled by client due to FailedTimeout
[1743166407235163162] 0 : Request cancelled by client due to FailedTimeout
[1743166407286501888] 0 : Request cancelled by client due to FailedTimeout
[1743166407338074323] 0 : Request cancelled by client due to FailedTimeout
[1743166407388603212] 0 : Request cancelled by client due to FailedTimeout
[1743166407439841438] 0 : Request cancelled by client due to FailedTimeout
[1743166407491650250] 0 : Request cancelled by client due to FailedTimeout
[1743166407543655604] 0 : Request cancelled by client due to FailedTimeout
[1743166407594152534] 0 : Request cancelled by client due to FailedTimeout
[1743166407645399469] 0 : Request cancelled by client due to FailedTimeout
[1743166407699403665] 0 : Request cancelled by client due to FailedTimeout
[1743166407748350464] 0 : Request cancelled by client due to FailedTimeout
[1743166407799631856] 0 : Request cancelled by client due to FailedTimeout
[1743166407851765169] 0 : Request cancelled by client due to FailedTimeout
[1743166407904534443] 0 : Request cancelled by client due to FailedTimeout
[1743166407954786956] 0 : Request cancelled by client due to FailedTimeout
[1743166408008777153] 0 : Request cancelled by client due to FailedTimeout
[1743166408059059840] 0 : Request cancelled by client due to FailedTimeout
[1743166408110279739] 0 : Request cancelled by client due to FailedTimeout
[1743166408159452171] 0 : Request cancelled by client due to FailedTimeout
[1743166408211947576] 0 : Request cancelled by client due to FailedTimeout
[1743166408263441643] 0 : Request cancelled by client due to FailedTimeout
[1743166408314999211] 0 : Request cancelled by client due to FailedTimeout
[1743166408364554561] 0 : Request cancelled by client due to FailedTimeout
[1743166408417091091] 0 : Request cancelled by client due to FailedTimeout
[1743166408468447200] 0 : Request cancelled by client due to FailedTimeout
[1743166408520628645] 0 : Request cancelled by client due to FailedTimeout
[1743166408571806044] 0 : Request cancelled by client due to FailedTimeout
[1743166408623312903] 0 : Request cancelled by client due to FailedTimeout
[1743166408673590715] 0 : Request cancelled by client due to FailedTimeout
[1743166408725880078] 0 : Request cancelled by client due to FailedTimeout
[1743166408777741272] 0 : Request cancelled by client due to FailedTimeout
[1743166408829035546] 0 : Request cancelled by client due to FailedTimeout
[1743166408880305988] 0 : Request cancelled by client due to FailedTimeout
[1743166408931746471] 0 : Request cancelled by client due to FailedTimeout
[1743166408983204455] 0 : Request cancelled by client due to FailedTimeout
[1743166409036234534] 0 : Request cancelled by client due to FailedTimeout
[1743166409086141518] 0 : Request cancelled by client due to FailedTimeout
[1743166409137772926] 0 : Request cancelled by client due to FailedTimeout
[1743166409188812748] 0 : Request cancelled by client due to FailedTimeout
[1743166409240045738] 0 : Request cancelled by client due to FailedTimeout
[1743166409292536442] 0 : Request cancelled by client due to FailedTimeout
[1743166409341196670] 0 : Request cancelled by client due to FailedTimeout
[1743166409391902157] 0 : Request cancelled by client due to FailedTimeout
[1743166409443767900] 0 : Request cancelled by client due to FailedTimeout
[1743166409496633522] 0 : Request cancelled by client due to FailedTimeout
[1743166409544765581] 0 : Request cancelled by client due to FailedTimeout
[1743166409595584069] 0 : Request cancelled by client due to FailedTimeout
[1743166409646400390] 0 : Request cancelled by client due to FailedTimeout
[1743166409700306725] 0 : Request cancelled by client due to FailedTimeout
[1743166409749382497] 0 : Request cancelled by client due to FailedTimeout
[1743166409802656038] 0 : Request cancelled by client due to FailedTimeout
[1743166409852441562] 0 : Request cancelled by client due to FailedTimeout
[1743166409904654807] 0 : Request cancelled by client due to FailedTimeout
[1743166409955416836] 0 : Request cancelled by client due to FailedTimeout
[1743166410010393469] 0 : Request cancelled by client due to FailedTimeout
[1743166410060198125] 0 : Request cancelled by client due to FailedTimeout
[1743166410110005865] 0 : Request cancelled by client due to FailedTimeout
[1743166410161674614] 0 : Request cancelled by client due to FailedTimeout
[1743166410213537947] 0 : Request cancelled by client due to FailedTimeout
[1743166410264273899] 0 : Request cancelled by client due to FailedTimeout
[1743166410316203774] 0 : Request cancelled by client due to FailedTimeout
[1743166410367618355] 0 : Request cancelled by client due to FailedTimeout
[1743166410419747815] 0 : Request cancelled by client due to FailedTimeout
[1743166410471574522] 0 : Request cancelled by client due to FailedTimeout
[1743166410524409652] 0 : Request cancelled by client due to FailedTimeout
[1743166410574794978] 0 : Request cancelled by client due to FailedTimeout
[1743166410624720843] 0 : Request cancelled by client due to FailedTimeout
[1743166410677614306] 0 : Request cancelled by client due to FailedTimeout
[1743166410729493473] 0 : Request cancelled by client due to FailedTimeout
[1743166410780076549] 0 : Request cancelled by client due to FailedTimeout
[1743166410832461093] 0 : Request cancelled by client due to FailedTimeout
[1743166410883034670] 0 : Request cancelled by client due to FailedTimeout
[1743166410935831466] 0 : Request cancelled by client due to FailedTimeout
[1743166410985926582] 0 : Request cancelled by client due to FailedTimeout
[1743166411036082286] 0 : Request cancelled by client due to FailedTimeout
[1743166411087187331] 0 : Request cancelled by client due to FailedTimeout
[1743166411140356135] 0 : Request cancelled by client due to FailedTimeout
[1743166411192603186] 0 : Request cancelled by client due to FailedTimeout
[1743166411243184144] 0 : Request cancelled by client due to FailedTimeout
[1743166411293955020] 0 : Request cancelled by client due to FailedTimeout
[1743166411345637276] 0 : Request cancelled by client due to FailedTimeout
[1743166411396745779] 0 : Request cancelled by client due to FailedTimeout
[1743166411449209246] 0 : Request cancelled by client due to FailedTimeout
[1743166411499964998] 0 : Request cancelled by client due to FailedTimeout
[1743166411551354835] 0 : Request cancelled by client due to FailedTimeout
[1743166411602220503] 0 : Request cancelled by client due to FailedTimeout
[1743166411655016015] 0 : Request cancelled by client due to FailedTimeout
[1743166411706357018] 0 : Request cancelled by client due to FailedTimeout
[1743166411756407974] 0 : Request cancelled by client due to FailedTimeout
[1743166411821559172] 0 : Request cancelled by client due to FailedTimeout
[1743166411858684105] 0 : Request cancelled by client due to FailedTimeout
[1743166411910807446] 0 : Request cancelled by client due to FailedTimeout
[1743166411961479989] 0 : Request cancelled by client due to FailedTimeout
[1743166412011108610] 0 : Request cancelled by client due to FailedTimeout
[1743166412062512329] 0 : Request cancelled by client due to FailedTimeout
[1743166412114362843] 0 : Request cancelled by client due to FailedTimeout
[1743166412165527477] 0 : Request cancelled by client due to FailedTimeout
[1743166412215930941] 0 : Request cancelled by client due to FailedTimeout
[1743166412268012706] 0 : Request cancelled by client due to FailedTimeout
[1743166412318057002] 0 : Request cancelled by client due to FailedTimeout
[1743166412369870848] 0 : Request cancelled by client due to FailedTimeout
[1743166412420729731] 0 : Request cancelled by client due to FailedTimeout
[1743166412472482911] 0 : Request cancelled by client due to FailedTimeout
[1743166412523525836] 0 : Request cancelled by client due to FailedTimeout
[1743166412573771300] 0 : Request cancelled by client due to FailedTimeout
[1743166412625843481] 0 : Request cancelled by client due to FailedTimeout
[1743166412677574202] 0 : Request cancelled by client due to FailedTimeout
[1743166412728865462] 0 : Request cancelled by client due to FailedTimeout
[1743166412781503813] 0 : Request cancelled by client due to FailedTimeout
[1743166412863903189] 0 : Request cancelled by client due to FailedTimeout
[1743166412882716868] 0 : Request cancelled by client due to FailedTimeout
[1743166412935221551] 0 : Request cancelled by client due to FailedTimeout
[1743166412986731355] 0 : Request cancelled by client due to FailedTimeout
[1743166413037001448] 0 : Request cancelled by client due to FailedTimeout
[1743166413087729462] 0 : Request cancelled by client due to FailedTimeout
[1743166413139327647] 0 : Request cancelled by client due to FailedTimeout
[1743166413193200761] 0 : Request cancelled by client due to FailedTimeout
[1743166413242613976] 0 : Request cancelled by client due to FailedTimeout
[1743166413294106369] 0 : Request cancelled by client due to FailedTimeout
[1743166413345668679] 0 : Request cancelled by client due to FailedTimeout
[1743166413397577116] 0 : Request cancelled by client due to FailedTimeout
[1743166413449719596] 0 : Request cancelled by client due to FailedTimeout
[1743166413500989529] 0 : Request cancelled by client due to FailedTimeout
[1743166413552328380] 0 : Request cancelled by client due to FailedTimeout
[1743166413604021149] 0 : Request cancelled by client due to FailedTimeout
[1743166413655943752] 0 : Request cancelled by client due to FailedTimeout
[1743166413706768059] 0 : Request cancelled by client due to FailedTimeout
[1743166413758980830] 0 : Request cancelled by client due to FailedTimeout
[1743166413810057721] 0 : Request cancelled by client due to FailedTimeout
[1743166413860861486] 0 : Request cancelled by client due to FailedTimeout
[1743166413913050257] 0 : Request cancelled by client due to FailedTimeout
[1743166413965217154] 0 : Request cancelled by client due to FailedTimeout
[1743166414016291421] 0 : Request cancelled by client due to FailedTimeout
[1743166414067312193] 0 : Request cancelled by client due to FailedTimeout
[1743166414117939088] 0 : Request cancelled by client due to FailedTimeout
[1743166414170737661] 0 : Request cancelled by client due to FailedTimeout
[1743166414220972137] 0 : Request cancelled by client due to FailedTimeout
[1743166414271140113] 0 : Request cancelled by client due to FailedTimeout
[1743166414322315844] 0 : Request cancelled by client due to FailedTimeout
[1743166414373334866] 0 : Request cancelled by client due to FailedTimeout
[1743166414424253513] 0 : Request cancelled by client due to FailedTimeout
[1743166414475141367] 0 : Request cancelled by client due to FailedTimeout
[1743166414525228884] 0 : Request cancelled by client due to FailedTimeout
[1743166414576859201] 0 : Request cancelled by client due to FailedTimeout
[1743166414628476976] 0 : Request cancelled by client due to FailedTimeout
[1743166414679595832] 0 : Request cancelled by client due to FailedTimeout
[1743166414731146440] 0 : Request cancelled by client due to FailedTimeout
[1743166414783022967] 0 : Request cancelled by client due to FailedTimeout
[1743166414834016530] 0 : Request cancelled by client due to FailedTimeout
[1743166414884571966] 0 : Request cancelled by client due to FailedTimeout
[1743166414935715072] 0 : Request cancelled by client due to FailedTimeout
[1743166414988396853] 0 : Request cancelled by client due to FailedTimeout
[1743166415040620844] 0 : Request cancelled by client due to FailedTimeout
[1743166415091693998] 0 : Request cancelled by client due to FailedTimeout
[1743166415143342696] 0 : Request cancelled by client due to FailedTimeout
[1743166415194874894] 0 : Request cancelled by client due to FailedTimeout
[1743166415246397008] 0 : Request cancelled by client due to FailedTimeout
[1743166415297668371] 0 : Request cancelled by client due to FailedTimeout
[1743166415355831397] 0 : Request cancelled by client due to FailedTimeout
[1743166415406870925] 0 : Request cancelled by client due to FailedTimeout
[1743166415458705625] 0 : Request cancelled by client due to FailedTimeout
[1743166415509850196] 0 : Request cancelled by client due to FailedTimeout
[1743166415561586603] 0 : Request cancelled by client due to FailedTimeout
[1743166415612440505] 0 : Request cancelled by client due to FailedTimeout
[1743166415663741035] 0 : Request cancelled by client due to FailedTimeout
[1743166415714637313] 0 : Request cancelled by client due to FailedTimeout
[1743166415767499393] 0 : Request cancelled by client due to FailedTimeout
[1743166415817953501] 0 : Request cancelled by client due to FailedTimeout
[1743166415868706903] 0 : Request cancelled by client due to FailedTimeout
[1743166415919975225] 0 : Request cancelled by client due to FailedTimeout
[1743166415971563839] 0 : Request cancelled by client due to FailedTimeout
[1743166416023395374] 0 : Request cancelled by client due to FailedTimeout
[1743166416076162627] 0 : Request cancelled by client due to FailedTimeout
[1743166416125734570] 0 : Request cancelled by client due to FailedTimeout
[1743166416177906486] 0 : Request cancelled by client due to FailedTimeout
[1743166416229373565] 0 : Request cancelled by client due to FailedTimeout
[1743166416281873691] 0 : Request cancelled by client due to FailedTimeout
[1743166416332755891] 0 : Request cancelled by client due to FailedTimeout
[1743166416384094053] 0 : Request cancelled by client due to FailedTimeout
[1743166416436826930] 0 : Request cancelled by client due to FailedTimeout
[1743166416487635880] 0 : Request cancelled by client due to FailedTimeout
[1743166416538115370] 0 : Request cancelled by client due to FailedTimeout
[1743166416590667663] 0 : Request cancelled by client due to FailedTimeout
[1743166416642597703] 0 : Request cancelled by client due to FailedTimeout
[1743166416693901572] 0 : Request cancelled by client due to FailedTimeout
[1743166416744118394] 0 : Request cancelled by client due to FailedTimeout
[1743166416794252007] 0 : Request cancelled by client due to FailedTimeout
[1743166416846061421] 0 : Request cancelled by client due to FailedTimeout
[1743166416897367957] 0 : Request cancelled by client due to FailedTimeout
[1743166416947323986] 0 : Request cancelled by client due to FailedTimeout
[1743166416997972393] 0 : Request cancelled by client due to FailedTimeout
[1743166417049961147] 0 : Request cancelled by client due to FailedTimeout
[1743166417100669602] 0 : Request cancelled by client due to FailedTimeout
[1743166417152222438] 0 : Request cancelled by client due to FailedTimeout
[1743166417203296104] 0 : Request cancelled by client due to FailedTimeout
[1743166417255428109] 0 : Request cancelled by client due to FailedTimeout
[1743166417306216982] 0 : Request cancelled by client due to FailedTimeout
[1743166417357946818] 0 : Request cancelled by client due to FailedTimeout
[1743166417413710678] 0 : Request cancelled by client due to FailedTimeout
[1743166417465701890] 0 : Request cancelled by client due to FailedTimeout
[1743166417515985927] 0 : Request cancelled by client due to FailedTimeout
[1743166417567875931] 0 : Request cancelled by client due to FailedTimeout
[1743166417620164312] 0 : Request cancelled by client due to FailedTimeout
[1743166417670584349] 0 : Request cancelled by client due to FailedTimeout
[1743166417722531395] 0 : Request cancelled by client due to FailedTimeout
[1743166417773270893] 0 : Request cancelled by client due to FailedTimeout
[1743166417823051302] 0 : Request cancelled by client due to FailedTimeout
[1743166417874297719] 0 : Request cancelled by client due to FailedTimeout
[1743166417924781589] 0 : Request cancelled by client due to FailedTimeout
[1743166417976529676] 0 : Request cancelled by client due to FailedTimeout
[1743166418027954597] 0 : Request cancelled by client due to FailedTimeout
[1743166418080870154] 0 : Request cancelled by client due to FailedTimeout
[1743166418131871076] 0 : Request cancelled by client due to FailedTimeout
[1743166418184328089] 0 : Request cancelled by client due to FailedTimeout
[1743166418234723716] 0 : Request cancelled by client due to FailedTimeout
[1743166418284915758] 0 : Request cancelled by client due to FailedTimeout
[1743166418336610808] 0 : Request cancelled by client due to FailedTimeout
[1743166418388267567] 0 : Request cancelled by client due to FailedTimeout
[1743166418439006571] 0 : Request cancelled by client due to FailedTimeout
[1743166418491139707] 0 : Request cancelled by client due to FailedTimeout
[1743166418542357338] 0 : Request cancelled by client due to FailedTimeout
[1743166418594476975] 0 : Request cancelled by client due to FailedTimeout
[1743166418645844190] 0 : Request cancelled by client due to FailedTimeout
[1743166418696889821] 0 : Request cancelled by client due to FailedTimeout
[1743166418748843831] 0 : Request cancelled by client due to FailedTimeout
[1743166418800699008] 0 : Request cancelled by client due to FailedTimeout
[1743166418852584309] 0 : Request cancelled by client due to FailedTimeout
[1743166418903693815] 0 : Request cancelled by client due to FailedTimeout
[1743166418954882238] 0 : Request cancelled by client due to FailedTimeout
[1743166419011078982] 0 : Request cancelled by client due to FailedTimeout
[1743166419058275887] 0 : Request cancelled by client due to FailedTimeout
[1743166419109740401] 0 : Request cancelled by client due to FailedTimeout
[1743166419160449160] 0 : Request cancelled by client due to FailedTimeout
[1743166419210369664] 0 : Request cancelled by client due to FailedTimeout
[1743166419261523468] 0 : Request cancelled by client due to FailedTimeout
[1743166419313825695] 0 : Request cancelled by client due to FailedTimeout
[1743166419364061784] 0 : Request cancelled by client due to FailedTimeout
[1743166419415707466] 0 : Request cancelled by client due to FailedTimeout
[1743166419466860894] 0 : Request cancelled by client due to FailedTimeout
[1743166419516115978] 0 : Request cancelled by client due to FailedTimeout
[1743166419569032292] 0 : Request cancelled by client due to FailedTimeout
[1743166419618976505] 0 : Request cancelled by client due to FailedTimeout
[1743166419671379899] 0 : Request cancelled by client due to FailedTimeout
[1743166419721686114] 0 : Request cancelled by client due to FailedTimeout
[1743166419773274504] 0 : Request cancelled by client due to FailedTimeout
[1743166419824772184] 0 : Request cancelled by client due to FailedTimeout
[1743166419875730320] 0 : Request cancelled by client due to FailedTimeout
[1743166419928495883] 0 : Request cancelled by client due to FailedTimeout
[1743166419979006933] 0 : Request cancelled by client due to FailedTimeout
[1743166420045856125] 0 : Request cancelled by client due to FailedTimeout
[1743166420082819182] 0 : Request cancelled by client due to FailedTimeout
[1743166420133246112] 0 : Request cancelled by client due to FailedTimeout
[1743166420185286177] 0 : Request cancelled by client due to FailedTimeout
[1743166420237081490] 0 : Request cancelled by client due to FailedTimeout
[1743166420288375717] 0 : Request cancelled by client due to FailedTimeout
[1743166420340395157] 0 : Request cancelled by client due to FailedTimeout
[1743166420392222720] 0 : Request cancelled by client due to FailedTimeout
[1743166420442722609] 0 : Request cancelled by client due to FailedTimeout
[1743166420494524964] 0 : Request cancelled by client due to FailedTimeout
[1743166420544363807] 0 : Request cancelled by client due to FailedTimeout
[1743166420596082203] 0 : Request cancelled by client due to FailedTimeout
[1743166420647695682] 0 : Request cancelled by client due to FailedTimeout
[1743166420698980742] 0 : Request cancelled by client due to FailedTimeout
[1743166420753478488] 0 : Request cancelled by client due to FailedTimeout
[1743166420804278712] 0 : Request cancelled by client due to FailedTimeout
[1743166420857272574] 0 : Request cancelled by client due to FailedTimeout
[1743166420908302674] 0 : Request cancelled by client due to FailedTimeout
[1743166420959480567] 0 : Request cancelled by client due to FailedTimeout
[1743166421010918629] 0 : Request cancelled by client due to FailedTimeout
[1743166421070442537] 0 : Request cancelled by client due to FailedTimeout
[1743166421114705227] 0 : Request cancelled by client due to FailedTimeout
[1743166421164931078] 0 : Request cancelled by client due to FailedTimeout
[1743166421216139185] 0 : Request cancelled by client due to FailedTimeout
[1743166421267977671] 0 : Request cancelled by client due to FailedTimeout
[1743166421320320577] 0 : Request cancelled by client due to FailedTimeout
[1743166421371194390] 0 : Request cancelled by client due to FailedTimeout
[1743166421421525033] 0 : Request cancelled by client due to FailedTimeout
[1743166421473551354] 0 : Request cancelled by client due to FailedTimeout
[1743166421524182791] 0 : Request cancelled by client due to FailedTimeout
[1743166421576381529] 0 : Request cancelled by client due to FailedTimeout
[1743166421628686893] 0 : Request cancelled by client due to FailedTimeout
[1743166421678164406] 0 : Request cancelled by client due to FailedTimeout
[1743166421729833308] 0 : Request cancelled by client due to FailedTimeout
[1743166421781527918] 0 : Request cancelled by client due to FailedTimeout
[1743166421831993229] 0 : Request cancelled by client due to FailedTimeout
[1743166421883140419] 0 : Request cancelled by client due to FailedTimeout
[1743166421934229400] 0 : Request cancelled by client due to FailedTimeout
[1743166421985542716] 0 : Request cancelled by client due to FailedTimeout
[1743166422037525540] 0 : Request cancelled by client due to FailedTimeout
[1743166422089152322] 0 : Request cancelled by client due to FailedTimeout
[1743166422139468763] 0 : Request cancelled by client due to FailedTimeout
[1743166422190547333] 0 : Request cancelled by client due to FailedTimeout
[1743166422240519438] 0 : Request cancelled by client due to FailedTimeout
[1743166422292263179] 0 : Request cancelled by client due to FailedTimeout
[1743166422342563995] 0 : Request cancelled by client due to FailedTimeout
[1743166422394707780] 0 : Request cancelled by client due to FailedTimeout
[1743166422445072888] 0 : Request cancelled by client due to FailedTimeout
[1743166422497294840] 0 : Request cancelled by client due to FailedTimeout
[1743166422548852622] 0 : Request cancelled by client due to FailedTimeout
[1743166422599955151] 0 : Request cancelled by client due to FailedTimeout
[1743166422650746386] 0 : Request cancelled by client due to FailedTimeout
[1743166422702418502] 0 : Request cancelled by client due to FailedTimeout
[1743166422752147730] 0 : Request cancelled by client due to FailedTimeout
[1743166422804431433] 0 : Request cancelled by client due to FailedTimeout
[1743166422854911000] 0 : Request cancelled by client due to FailedTimeout
[1743166422906867575] 0 : Request cancelled by client due to FailedTimeout
[1743166422957932229] 0 : Request cancelled by client due to FailedTimeout
[1743166423008964091] 0 : Request cancelled by client due to FailedTimeout
[1743166423060775213] 0 : Request cancelled by client due to FailedTimeout
[1743166423111673538] 0 : Request cancelled by client due to FailedTimeout
[1743166423162881323] 0 : Request cancelled by client due to FailedTimeout
[1743166423214531694] 0 : Request cancelled by client due to FailedTimeout
[1743166423265481228] 0 : Request cancelled by client due to FailedTimeout
[1743166423317149891] 0 : Request cancelled by client due to FailedTimeout
[1743166423368906929] 0 : Request cancelled by client due to FailedTimeout
[1743166423419227875] 0 : Request cancelled by client due to FailedTimeout
[1743166423470075617] 0 : Request cancelled by client due to FailedTimeout
[1743166423520851191] 0 : Request cancelled by client due to FailedTimeout
[1743166423572547687] 0 : Request cancelled by client due to FailedTimeout
[1743166423623759431] 0 : Request cancelled by client due to FailedTimeout
[1743166423674593880] 0 : Request cancelled by client due to FailedTimeout
[1743166423726013208] 0 : Request cancelled by client due to FailedTimeout
[1743166423775590358] 0 : Request cancelled by client due to FailedTimeout
[1743166423826733517] 0 : Request cancelled by client due to FailedTimeout
[1743166423877782843] 0 : Request cancelled by client due to FailedTimeout
[1743166423926680197] 0 : Request cancelled by client due to FailedTimeout
[1743166423978836780] 0 : Request cancelled by client due to FailedTimeout
[1743166424036652110] 0 : Request cancelled by client due to FailedTimeout
[1743166424110592923] 0 : Request cancelled by client due to FailedTimeout
[1743166424124413471] 1
[1743166424124628723] 1
[1743166424124696265] 1
[1743166424153996163] 0 : Request cancelled by client due to FailedTimeout
[1743166424201291804] 0 : Request cancelled by client due to FailedTimeout
[1743166424216041024] 1
[1743166424216197442] 1
[1743166424219334796] 1
[1743166424219408755] 1
[1743166424219472047] 1
[1743166424219514547] 1
[1743166424219544380] 1
[1743166424219578797] 1
[1743166424219622006] 1
[1743166424222561567] 1
[1743166424222672942] 1
[1743166424222728859] 1
[1743166424228848482] 1
[1743166424228906108] 1
[1743166424228974858] 1
[1743166424229012400] 1
[1743166424229043609] 1
[1743166424229079526] 1
[1743166424229138318] 1
[1743166424245213839] 0 : Request cancelled by client due to FailedTimeout
[1743166424259512640] 1
[1743166424259611849] 1
[1743166424259795433] 1
[1743166424259836308] 1
[1743166424283028084] 1
[1743166424283092043] 1
[1743166424283130085] 1
[1743166424283214377] 1
[1743166424283275752] 1
[1743166424283332878] 1
[1743166424283387003] 1
[1743166424285781435] 0 : Request cancelled by client due to FailedTimeout
[1743166424300057653] 1
[1743166424320731329] 1
[1743166424320881246] 1
[1743166424320956788] 1
[1743166424321005372] 1
[1743166424321049081] 1
[1743166424321081039] 1
[1743166424321113789] 1
[1743166424376874235] 1
[1743166424376982527] 1
[1743166424377067819] 1
[1743166424377134695] 1
[1743166424377179445] 1
[1743166424377224362] 1
[1743166424377828532] 0 : Request cancelled by client due to FailedTimeout
[1743166424438807136] 0 : Request cancelled by client due to FailedTimeout
[1743166424438884387] 0 : Request cancelled by client due to FailedTimeout
[1743166424442921830] 1
[1743166424442987414] 1
[1743166424443069081] 1
[1743166424443210457] 1
[1743166424443270540] 1
[1743166424443321374] 1
[1743166424490677348] 1
[1743166424490736015] 1
[1743166424490804057] 1
[1743166424490862724] 1
[1743166424490896183] 1
[1743166424490929641] 1
[1743166424491634354] 1
[1743166424491700980] 1
[1743166424491740313] 1
[1743166424491783480] 1
[1743166424491814480] 1
[1743166424491841189] 1
[1743166424491872439] 1
[1743166424494731083] 0 : Request cancelled by client due to FailedTimeout
[1743166424527474378] 1
[1743166424527558171] 1
[1743166424527613004] 1
[1743166424527847589] 1
[1743166424528030424] 1
[1743166424528083924] 1
[1743166424528135883] 1
[1743166424528176216] 1
[1743166424528214383] 1
[1743166424528273009] 1
[1743166424528442176] 1
[1743166424528491510] 1
[1743166424528528219] 1
[1743166424531054693] 1
[1743166424558410829] 0 : Request cancelled by client due to FailedTimeout
[1743166424590286703] 1
[1743166424590334578] 1
[1743166424590366745] 1
[1743166424590446412] 1
[1743166424590501829] 1
[1743166424590532496] 1
[1743166424590607330] 1
[1743166424591058874] 0 : Request cancelled by client due to FailedTimeout
[1743166424629666500] 1
[1743166424629742250] 1
[1743166424629792584] 1
[1743166424643833342] 0 : Request cancelled by client due to FailedTimeout
[1743166424668253792] 1
[1743166424668332001] 1
[1743166424712916665] 0 : Request cancelled by client due to FailedTimeout
[1743166424728024846] 1
[1743166424728116764] 1
[1743166424728168431] 1
[1743166424728208056] 1
[1743166424785658512] 1
[1743166424785763971] 1
[1743166424785840680] 1
[1743166424785871263] 1
[1743166424785898014] 1
[1743166424785938389] 1
[1743166424785990514] 1
[1743166424786027723] 1
[1743166424786066056] 1
[1743166424786225932] 1
[1743166424788203279] 0 : Request cancelled by client due to FailedTimeout
[1743166424805847685] 1
[1743166424805921685] 1
[1743166424835289042] 1
[1743166424835398793] 1
[1743166424835480294] 1
[1743166424835567794] 1
[1743166424835606378] 1
[1743166424835647253] 1
[1743166424835736504] 1
[1743166424835814796] 1
[1743166424835854338] 1
[1743166424835895630] 1
[1743166424835933172] 1
[1743166424835967672] 1
[1743166424836038672] 1
[1743166424836133965] 1
[1743166424836203548] 1
[1743166424836259799] 1
[1743166424839170859] 0 : Request cancelled by client due to FailedTimeout
[1743166424889004766] 1
[1743166424915998525] 1
[1743166424916118942] 1
[1743166424916191901] 1
[1743166424916335943] 1
[1743166424916503569] 1
[1743166424916551445] 1
[1743166424917919870] 0 : Request cancelled by client due to FailedTimeout
[1743166424917929620] 0 : Request cancelled by client due to FailedTimeout
[1743166425004275431] 0 : Request cancelled by client due to FailedTimeout
[1743166425004302264] 0 : Request cancelled by client due to FailedTimeout
[1743166425033249580] 1
[1743166425033354789] 1
[1743166425033405831] 1
[1743166425033449373] 1
[1743166425033555499] 1
[1743166425033619582] 1
[1743166425088833738] 1
[1743166425088896864] 1
[1743166425088936656] 1
[1743166425088968156] 1
[1743166425089002156] 1
[1743166425089072573] 1
[1743166425089158865] 1
[1743166425089481867] 1
[1743166425089529618] 1
[1743166425089560701] 1
[1743166425089592868] 1
[1743166425089648744] 1
[1743166425089698952] 1
[1743166425089901329] 1
[1743166425089952037] 1
[1743166425089986204] 1
[1743166425092302344] 0 : Request cancelled by client due to FailedTimeout
[1743166425128147789] 1
[1743166425128211915] 1
[1743166425173418963] 1
[1743166425173501922] 1
[1743166425173549297] 1
[1743166425173591839] 1
[1743166425173626839] 1
[1743166425173701090] 1
[1743166425173747048] 1
[1743166425173788590] 1
[1743166425173829757] 1
[1743166425173906758] 1
[1743166425173964466] 1
[1743166425174024050] 1
[1743166425174066175] 1
[1743166425178092910] 0 : Request cancelled by client due to FailedTimeout
[1743166425178317287] 1
[1743166425178372579] 1
[1743166425178423829] 1
[1743166425178473163] 1
[1743166425178521705] 1
[1743166425179288085] 1
[1743166425179376627] 1
[1743166425179444711] 1
[1743166425179504711] 1
[1743166425179569420] 1
[1743166425179625462] 1
[1743166425179687546] 1
[1743166425180469759] 1
[1743166425180570093] 1
[1743166425180633302] 1
[1743166425180693719] 1
[1743166425181657934] 0 : Request cancelled by client due to FailedTimeout
[1743166425187998059] 1
[1743166425188073476] 1
[1743166425188124060] 1
[1743166425243338632] 1
[1743166425243459716] 1
[1743166425243569384] 1
[1743166425243642551] 1
[1743166425243687968] 1
[1743166425243738051] 1
[1743166425243820719] 1
[1743166425244081845] 1
[1743166425244133512] 1
[1743166425244207763] 1
[1743166425244310639] 1
[1743166425244359431] 1
[1743166425244393181] 1
[1743166425246645362] 0 : Request cancelled by client due to FailedTimeout
[1743166425246670696] 0 : Request cancelled by client due to FailedTimeout
[1743166425254857125] 1
[1743166425264237145] 1
[1743166425264283020] 1
[1743166425264355187] 1
[1743166425264405479] 1
[1743166425264435646] 1
[1743166425264466438] 1
[1743166425264497438] 1
[1743166425264547814] 1
[1743166425264602731] 1
[1743166425264657981] 1
[1743166425264800815] 1
[1743166425265033109] 1
[1743166425265098151] 1
[1743166425265129276] 1
[1743166425265170943] 1
[1743166425265281777] 1
[1743166425265347111] 1
[1743166425265381069] 1
[1743166425280056458] 1
[1743166425280100916] 1
[1743166425280132458] 1
[1743166425283138770] 1
[1743166425283368688] 1
[1743166425295108015] 0 : Request cancelled by client due to FailedTimeout
[1743166425318137334] 1
[1743166425370448929] 0 : Request cancelled by client due to FailedTimeout
[1743166425413371795] 0 : Request cancelled by client due to FailedTimeout
[1743166425416636983] 1
[1743166425416812859] 1
[1743166425417074195] 1
[1743166425417125945] 1
[1743166425417246112] 1
[1743166425417804324] 1
[1743166425431843750] 1
[1743166425431880542] 1
[1743166425431912709] 1
[1743166425431963334] 1
[1743166425432006335] 1
[1743166425432043710] 1
[1743166425434873020] 1
[1743166425434945312] 1
[1743166425437953249] 1
[1743166425437994416] 1
[1743166425439723219] 1
[1743166425449601742] 0 : Request cancelled by client due to FailedTimeout
[1743166425475456455] 1
[1743166425499578530] 0 : Request cancelled by client due to FailedTimeout
[1743166425510342560] 1
[1743166425550120614] 0 : Request cancelled by client due to FailedTimeout
[1743166425571629714] 1
[1743166425626023698] 0 : Request cancelled by client due to FailedTimeout
[1743166425668616520] 0 : Request cancelled by client due to FailedTimeout
[1743166425671573915] 1
[1743166425671670374] 1
[1743166425671716332] 1
[1743166425671814125] 1
[1743166425671961834] 1
[1743166425672053168] 1
[1743166425686179303] 1
[1743166425686230428] 1
[1743166425686259595] 1
[1743166425686300345] 1
[1743166425686343179] 1
[1743166425688291525] 1
[1743166425688366109] 1
[1743166425691247336] 1
[1743166425691294545] 1
[1743166425694925277] 1
[1743166425695005777] 1
[1743166425701911365] 0 : Request cancelled by client due to FailedTimeout
[1743166425731102641] 1
[1743166425751342774] 0 : Request cancelled by client due to FailedTimeout
[1743166425798119082] 1
[1743166425804751751] 0 : Request cancelled by client due to FailedTimeout
[1743166425827587527] 1
[1743166425857578683] 0 : Request cancelled by client due to FailedTimeout
[1743166425912323711] 0 : Request cancelled by client due to FailedTimeout
[1743166425932782929] 1
[1743166425932979097] 1
[1743166425933057056] 1
[1743166425936005033] 1
[1743166425936057826] 1
[1743166425936198451] 1
[1743166425949744957] 1
[1743166425949799333] 1
[1743166425949840416] 1
[1743166425949878292] 1
[1743166425950094043] 1
[1743166425950171585] 1
[1743166425953931235] 1
[1743166425954002111] 1
[1743166425954062569] 1
[1743166425956965713] 1
[1743166425959026227] 0 : Request cancelled by client due to FailedTimeout
[1743166425963023003] 1
[1743166425989482761] 1
[1743166426009736145] 0 : Request cancelled by client due to FailedTimeout
[1743166426061776660] 0 : Request cancelled by client due to FailedTimeout
[1743166426139463389] 0 : Request cancelled by client due to FailedTimeout
[1743166426160972658] 0 : Request cancelled by client due to FailedTimeout
[1743166426179053321] 1
[1743166426179262156] 1
[1743166426179339990] 1
[1743166426179394323] 1
[1743166426179462449] 1
[1743166426179841201] 1
[1743166426191663989] 1
[1743166426191737739] 1
[1743166426191804865] 1
[1743166426192002908] 1
[1743166426193361875] 1
[1743166426193421501] 1
[1743166426193466668] 1
[1743166426193511293] 1
[1743166426194281590] 1
[1743166426194407924] 1
[1743166426194462508] 1
[1743166426194531925] 1
[1743166426194587967] 1
[1743166426194642801] 1
[1743166426194686176] 1
[1743166426194749718] 1
[1743166426195423264] 1
[1743166426195519015] 1
[1743166426195564973] 1
[1743166426195653557] 1
[1743166426195702099] 1
[1743166426195743975] 1
[1743166426195786600] 1
[1743166426196483605] 1
[1743166426196573230] 1
[1743166426196646106] 1
[1743166426196712481] 1
[1743166426196859899] 1
[1743166426212506504] 0 : Request cancelled by client due to FailedTimeout
[1743166426264365559] 0 : Request cancelled by client due to FailedTimeout
[1743166426316243574] 0 : Request cancelled by client due to FailedTimeout
[1743166426397230241] 0 : Request cancelled by client due to FailedTimeout
[1743166426422476369] 0 : Request cancelled by client due to FailedTimeout
[1743166426442727921] 1
[1743166426442855255] 1
[1743166426443652302] 1
[1743166426443705344] 1
[1743166426443744011] 1
[1743166426443783553] 1
[1743166426443820762] 1
[1743166426455105004] 1
[1743166426455147796] 1
[1743166426455188879] 1
[1743166426455228880] 1
[1743166426455680174] 1
[1743166426455758425] 1
[1743166426459267823] 1
[1743166426459347407] 1
[1743166426470466982] 0 : Request cancelled by client due to FailedTimeout
[1743166426523106501] 0 : Request cancelled by client due to FailedTimeout
[1743166426573785216] 0 : Request cancelled by client due to FailedTimeout
[1743166426655706056] 0 : Request cancelled by client due to FailedTimeout
[1743166426676913073] 0 : Request cancelled by client due to FailedTimeout
[1743166426708017781] 1
[1743166426708402826] 1
[1743166426708660036] 1
[1743166426708715869] 1
[1743166426711147719] 1
[1743166426711394679] 1
[1743166426711813182] 1
[1743166426712225435] 1
[1743166426712370477] 1
[1743166426712457395] 1
[1743166426712568354] 1
[1743166426712681313] 1
[1743166426712866481] 1
[1743166426712930939] 1
[1743166426713034982] 1
[1743166426727669788] 0 : Request cancelled by client due to FailedTimeout
[1743166426779187300] 0 : Request cancelled by client due to FailedTimeout
[1743166426829702972] 0 : Request cancelled by client due to FailedTimeout
[1743166426908399916] 0 : Request cancelled by client due to FailedTimeout
[1743166426948572018] 0 : Request cancelled by client due to FailedTimeout
[1743166426949572358] 1
[1743166426949681067] 1
[1743166426949763151] 1
[1743166426949829610] 1
[1743166426949887568] 1
[1743166426949990111] 1
[1743166426961287353] 1
[1743166426961370937] 1
[1743166426961662564] 1
[1743166426961714523] 1
[1743166426961813065] 1
[1743166426965574340] 1
[1743166426965691799] 1
[1743166426965827884] 1
[1743166426965955509] 1
[1743166426981092569] 0 : Request cancelled by client due to FailedTimeout
[1743166427032965753] 0 : Request cancelled by client due to FailedTimeout
[1743166427083150553] 0 : Request cancelled by client due to FailedTimeout
[1743166427133175351] 0 : Request cancelled by client due to FailedTimeout
[1743166427188059975] 0 : Request cancelled by client due to FailedTimeout
[1743166427206218098] 1
[1743166427206383641] 1
[1743166427206774810] 1
[1743166427206916228] 1
[1743166427206989603] 1
[1743166427207099646] 1
[1743166427207181771] 1
[1743166427207231147] 1
[1743166427207800942] 1
[1743166427207892526] 1
[1743166427207934901] 1
[1743166427208002068] 1
[1743166427208050694] 1
[1743166427208099319] 1
[1743166427208133819] 1
[1743166427208170028] 1
[1743166427208207320] 1
[1743166427208247987] 1
[1743166427212147472] 1
[1743166427212228972] 1
[1743166427212293431] 1
[1743166427212374057] 1
[1743166427212437474] 1
[1743166427212542808] 1
[1743166427212754892] 1
[1743166427221692453] 1
[1743166427221775621] 1
[1743166427221875121] 1
[1743166427222107748] 1
[1743166427222159165] 1
[1743166427222194915] 1
[1743166427226844447] 1
[1743166427226986823] 1
[1743166427227101657] 1
[1743166427227243699] 1
[1743166427234883835] 0 : Request cancelled by client due to FailedTimeout
[1743166427286285434] 0 : Request cancelled by client due to FailedTimeout
[1743166427337777118] 0 : Request cancelled by client due to FailedTimeout
[1743166427386728868] 0 : Request cancelled by client due to FailedTimeout
[1743166427443730422] 0 : Request cancelled by client due to FailedTimeout
[1743166427462954178] 1
[1743166427466458535] 1
[1743166427466612661] 1
[1743166427466676703] 1
[1743166427466746787] 1
[1743166427466838662] 1
[1743166427475612305] 1
[1743166427475672556] 1
[1743166427475733890] 1
[1743166427475775348] 1
[1743166427475820057] 1
[1743166427479880293] 1
[1743166427480030877] 1
[1743166427480086753] 1
[1743166427480127169] 1
[1743166427488719520] 0 : Request cancelled by client due to FailedTimeout
[1743166427540241078] 0 : Request cancelled by client due to FailedTimeout
[1743166427592781977] 0 : Request cancelled by client due to FailedTimeout
[1743166427642584233] 0 : Request cancelled by client due to FailedTimeout
[1743166427702961019] 0 : Request cancelled by client due to FailedTimeout
[1743166427723042280] 1
[1743166427723314699] 1
[1743166427724412039] 1
[1743166427724857042] 1
[1743166427724894876] 1
[1743166427728031689] 1
[1743166427736643706] 1
[1743166427736712706] 1
[1743166427737132584] 1
[1743166427737187876] 1
[1743166427737339044] 1
[1743166427737395753] 1
[1743166427741628907] 1
[1743166427741752199] 1
[1743166427741839450] 1
[1743166427744022048] 0 : Request cancelled by client due to FailedTimeout
[1743166427796789032] 0 : Request cancelled by client due to FailedTimeout
[1743166427848722010] 0 : Request cancelled by client due to FailedTimeout
[1743166427898646308] 0 : Request cancelled by client due to FailedTimeout
[1743166427956475576] 0 : Request cancelled by client due to FailedTimeout
[1743166427976726172] 1
[1743166427976937965] 1
[1743166427977688387] 1
[1743166427978014264] 1
[1743166427978093807] 1
[1743166427981195244] 1
[1743166427989633510] 1
[1743166427989692677] 1
[1743166427989761636] 1
[1743166427989829511] 1
[1743166427989885845] 1
[1743166427992214153] 1
[1743166427995273132] 1
[1743166427995370674] 1
[1743166427995427758] 1
[1743166428000946962] 0 : Request cancelled by client due to FailedTimeout
[1743166428052748153] 0 : Request cancelled by client due to FailedTimeout
[1743166428104063090] 0 : Request cancelled by client due to FailedTimeout
[1743166428154986858] 0 : Request cancelled by client due to FailedTimeout
[1743166428207758639] 0 : Request cancelled by client due to FailedTimeout
[1743166428223417956] 1
[1743166428224091419] 1
[1743166428224217128] 1
[1743166428224254628] 1
[1743166428224291128] 1
[1743166428224360671] 1
[1743166428224421129] 1
[1743166428224460880] 1
[1743166428224498630] 1
[1743166428224534422] 1
[1743166428224599089] 1
[1743166428224637714] 1
[1743166428225288927] 1
[1743166428225368178] 1
[1743166428225408344] 1
[1743166428225446178] 1
[1743166428225514845] 1
[1743166428225558512] 1
[1743166428225813931] 1
[1743166428225907348] 1
[1743166428225975515] 1
[1743166428226049766] 1
[1743166428226620395] 1
[1743166428229634874] 1
[1743166428229688374] 1
[1743166428232676436] 1
[1743166428232792770] 1
[1743166428232952980] 1
[1743166428233050522] 1
[1743166428233106439] 1
[1743166428237777763] 1
[1743166428237967348] 1
[1743166428246998410] 1
[1743166428256225849] 0 : Request cancelled by client due to FailedTimeout
[1743166428308422334] 0 : Request cancelled by client due to FailedTimeout
[1743166428359180476] 0 : Request cancelled by client due to FailedTimeout
[1743166428409794951] 0 : Request cancelled by client due to FailedTimeout
[1743166428467507807] 0 : Request cancelled by client due to FailedTimeout
[1743166428467825643] 1
[1743166428467954227] 1
[1743166428468035853] 1
[1743166428468189479] 1
[1743166428477735795] 1
[1743166428477840004] 1
[1743166428477898421] 1
[1743166428482832163] 1
[1743166428482956372] 1
[1743166428483015498] 1
[1743166428511794280] 0 : Request cancelled by client due to FailedTimeout
[1743166428564515935] 0 : Request cancelled by client due to FailedTimeout
[1743166428616096625] 0 : Request cancelled by client due to FailedTimeout
[1743166428666268513] 0 : Request cancelled by client due to FailedTimeout
[1743166428733515519] 0 : Request cancelled by client due to FailedTimeout
[1743166428735899452] 1
[1743166428736005411] 1
[1743166428736070495] 1
[1743166428736116912] 1
[1743166428742742624] 1
[1743166428742808958] 1
[1743166428742890208] 1
[1743166428745694061] 1
[1743166428746083189] 1
[1743166428750597845] 1
[1743166428768243258] 0 : Request cancelled by client due to FailedTimeout
[1743166428820473452] 0 : Request cancelled by client due to FailedTimeout
[1743166428871357762] 0 : Request cancelled by client due to FailedTimeout
[1743166428922622699] 0 : Request cancelled by client due to FailedTimeout
[1743166428987938942] 0 : Request cancelled by client due to FailedTimeout
[1743166428990548501] 1
[1743166428991683926] 1
[1743166428991756468] 1
[1743166428991814135] 1
[1743166428998491931] 1
[1743166428998544932] 1
[1743166428998756933] 1
[1743166428999912399] 1
[1743166428999980275] 1
[1743166429003226797] 1
[1743166429022599474] 0 : Request cancelled by client due to FailedTimeout
[1743166429074656422] 0 : Request cancelled by client due to FailedTimeout
[1743166429126331742] 0 : Request cancelled by client due to FailedTimeout
[1743166429175905173] 0 : Request cancelled by client due to FailedTimeout
[1743166429248271513] 1
[1743166429248516348] 1
[1743166429248635974] 1
[1743166429248695641] 1
[1743166429248768517] 1
[1743166429248808100] 1
[1743166429249963817] 1
[1743166429250006567] 1
[1743166429250039650] 1
[1743166429250123318] 1
[1743166429250167651] 1
[1743166429250232777] 1
[1743166429250981157] 1
[1743166429251045699] 1
[1743166429251081866] 1
[1743166429251115991] 1
[1743166429251203659] 1
[1743166429254593016] 0 : Request cancelled by client due to FailedTimeout
[1743166429257289493] 1
[1743166429257531786] 1
[1743166429257577203] 1
[1743166429257779996] 1
[1743166429257891039] 1
[1743166429265655343] 1
[1743166429265760886] 1
[1743166429265835886] 1
[1743166429266063763] 1
[1743166429268754532] 1
[1743166429269329786] 1
[1743166429272373307] 1
[1743166429274166444] 1
[1743166429277443259] 0 : Request cancelled by client due to FailedTimeout
[1743166429330465714] 0 : Request cancelled by client due to FailedTimeout
[1743166429380736774] 0 : Request cancelled by client due to FailedTimeout
[1743166429433585394] 0 : Request cancelled by client due to FailedTimeout
[1743166429497729093] 0 : Request cancelled by client due to FailedTimeout
[1743166429500851198] 1
[1743166429500988033] 1
[1743166429501031616] 1
[1743166429504180097] 1
[1743166429504256931] 1
[1743166429506058277] 1
[1743166429506308612] 1
[1743166429506372487] 1
[1743166429509226299] 1
[1743166429536214696] 0 : Request cancelled by client due to FailedTimeout
[1743166429587114386] 0 : Request cancelled by client due to FailedTimeout
[1743166429638396703] 0 : Request cancelled by client due to FailedTimeout
[1743166429688634013] 0 : Request cancelled by client due to FailedTimeout
[1743166429750091319] 0 : Request cancelled by client due to FailedTimeout
[1743166429753614219] 1
[1743166429753693594] 1
[1743166429753760553] 1
[1743166429753843595] 1
[1743166429756706907] 1
[1743166429756768949] 1
[1743166429758789005] 1
[1743166429758864047] 1
[1743166429758927422] 1
[1743166429762809783] 1
[1743166429793502956] 0 : Request cancelled by client due to FailedTimeout
[1743166429845461445] 0 : Request cancelled by client due to FailedTimeout
[1743166429896792513] 0 : Request cancelled by client due to FailedTimeout
[1743166429968261430] 0 : Request cancelled by client due to FailedTimeout
[1743166430003025257] 0 : Request cancelled by client due to FailedTimeout
[1743166430005766193] 1
[1743166430005819443] 1
[1743166430005851610] 1
[1743166430005939319] 1
[1743166430012819701] 1
[1743166430012990036] 1
[1743166430013071328] 1
[1743166430014481088] 1
[1743166430014539338] 1
[1743166430018616867] 1
[1743166430051451225] 0 : Request cancelled by client due to FailedTimeout
[1743166430102685089] 0 : Request cancelled by client due to FailedTimeout
[1743166430154909752] 0 : Request cancelled by client due to FailedTimeout
[1743166430224252827] 0 : Request cancelled by client due to FailedTimeout
[1743166430257676523] 1
[1743166430257807899] 1
[1743166430257837399] 1
[1743166430258315611] 1
[1743166430258451820] 1
[1743166430258564071] 1
[1743166430258615863] 1
[1743166430258653530] 1
[1743166430258680322] 1
[1743166430258706780] 1
[1743166430259401702] 1
[1743166430259435452] 1
[1743166430259482619] 1
[1743166430259508994] 1
[1743166430259534911] 1
[1743166430259593245] 1
[1743166430259622745] 1
[1743166430260297667] 1
[1743166430264201528] 1
[1743166430264354654] 1
[1743166430264414071] 1
[1743166430264568822] 1
[1743166430271407079] 1
[1743166430271476163] 1
[1743166430271632247] 1
[1743166430273021090] 0 : Request cancelled by client due to FailedTimeout
[1743166430273078757] 1
[1743166430273143341] 1
[1743166430276253822] 1
[1743166430276315280] 1
[1743166430278919716] 1
[1743166430311263487] 0 : Request cancelled by client due to FailedTimeout
[1743166430362666477] 0 : Request cancelled by client due to FailedTimeout
[1743166430414976307] 0 : Request cancelled by client due to FailedTimeout
[1743166430483130207] 0 : Request cancelled by client due to FailedTimeout
[1743166430515901398] 1
[1743166430516029816] 1
[1743166430516148109] 1
[1743166430525544050] 1
[1743166430525700385] 1
[1743166430525775594] 1
[1743166430526783309] 0 : Request cancelled by client due to FailedTimeout
[1743166430526835893] 1
[1743166430530380876] 1
[1743166430530444835] 1
[1743166430530532794] 1
[1743166430567931726] 0 : Request cancelled by client due to FailedTimeout
[1743166430620325015] 0 : Request cancelled by client due to FailedTimeout
[1743166430674901444] 0 : Request cancelled by client due to FailedTimeout
[1743166430737669931] 0 : Request cancelled by client due to FailedTimeout
[1743166430768534234] 1
[1743166430769072363] 1
[1743166430769471074] 1
[1743166430769747618] 1
[1743166430776393665] 1
[1743166430776487957] 1
[1743166430776536457] 1
[1743166430777114753] 0 : Request cancelled by client due to FailedTimeout
[1743166430777190087] 1
[1743166430780193525] 1
[1743166430780247984] 1
[1743166430830987386] 0 : Request cancelled by client due to FailedTimeout
[1743166430881094367] 0 : Request cancelled by client due to FailedTimeout
[1743166430931440766] 0 : Request cancelled by client due to FailedTimeout
[1743166430997528902] 0 : Request cancelled by client due to FailedTimeout
[1743166431028927044] 1
[1743166431029206046] 1
[1743166431029358797] 1
[1743166431029411297] 1
[1743166431029677966] 1
[1743166431035626133] 1
[1743166431035722717] 1
[1743166431035761759] 1
[1743166431037704273] 0 : Request cancelled by client due to FailedTimeout
[1743166431037809274] 1
[1743166431038440154] 1
[1743166431082574096] 0 : Request cancelled by client due to FailedTimeout
[1743166431143101657] 0 : Request cancelled by client due to FailedTimeout
[1743166431195727286] 0 : Request cancelled by client due to FailedTimeout
[1743166431250612139] 0 : Request cancelled by client due to FailedTimeout
[1743166431266706505] 1
[1743166431266780422] 1
[1743166431266837673] 1
[1743166431266875381] 1
[1743166431266913590] 1
[1743166431266940965] 1
[1743166431266994549] 1
[1743166431267033507] 1
[1743166431267058174] 1
[1743166431267664179] 1
[1743166431267739012] 1
[1743166431267772513] 1
[1743166431267801513] 1
[1743166431267832513] 1
[1743166431267867347] 1
[1743166431267923097] 1
[1743166431267960556] 1
[1743166431267983931] 1
[1743166431283596835] 1
[1743166431283684877] 1
[1743166431283743753] 1
[1743166431283884545] 1
[1743166431283986629] 1
[1743166431290537010] 1
[1743166431290632427] 1
[1743166431290721386] 1
[1743166431290769095] 1
[1743166431295769422] 1
[1743166431296137758] 1
[1743166431297217225] 0 : Request cancelled by client due to FailedTimeout
[1743166431297875229] 1
[1743166431347932923] 0 : Request cancelled by client due to FailedTimeout
[1743166431399136708] 0 : Request cancelled by client due to FailedTimeout
[1743166431450848539] 0 : Request cancelled by client due to FailedTimeout
[1743166431507162902] 0 : Request cancelled by client due to FailedTimeout
[1743166431538366044] 1
[1743166431539132549] 1
[1743166431539265217] 1
[1743166431539331509] 1
[1743166431549018662] 1
[1743166431549173038] 1
[1743166431549255539] 1
[1743166431550248962] 1
[1743166431551183761] 1
[1743166431551226428] 1
[1743166431554936996] 0 : Request cancelled by client due to FailedTimeout
[1743166431606947870] 0 : Request cancelled by client due to FailedTimeout
[1743166431656946480] 0 : Request cancelled by client due to FailedTimeout
[1743166431708623394] 0 : Request cancelled by client due to FailedTimeout
[1743166431765481678] 0 : Request cancelled by client due to FailedTimeout
[1743166431796283608] 1
[1743166431796481110] 1
[1743166431796632777] 1
[1743166431796719653] 1
[1743166431806257555] 1
[1743166431806431181] 1
[1743166431806486973] 1
[1743166431806530474] 1
[1743166431809102242] 0 : Request cancelled by client due to FailedTimeout
[1743166431809210451] 1
[1743166431809247951] 1
[1743166431861237826] 0 : Request cancelled by client due to FailedTimeout
[1743166431913719037] 0 : Request cancelled by client due to FailedTimeout
[1743166431963837981] 0 : Request cancelled by client due to FailedTimeout
[1743166432016219150] 0 : Request cancelled by client due to FailedTimeout
[1743166432043262681] 1
[1743166432043641350] 1
[1743166432043876269] 1
[1743166432043915727] 1
[1743166432052962210] 1
[1743166432053011169] 1
[1743166432053107003] 1
[1743166432054323303] 1
[1743166432054945308] 1
[1743166432055247352] 1
[1743166432064631879] 0 : Request cancelled by client due to FailedTimeout
[1743166432116724550] 0 : Request cancelled by client due to FailedTimeout
[1743166432168187134] 0 : Request cancelled by client due to FailedTimeout
[1743166432218506459] 0 : Request cancelled by client due to FailedTimeout
[1743166432269066786] 1
[1743166432269199162] 1
[1743166432269248829] 1
[1743166432269274704] 1
[1743166432269668832] 1
[1743166432269842917] 1
[1743166432269893250] 1
[1743166432269918626] 1
[1743166432269947584] 1
[1743166432269978001] 1
[1743166432270006501] 1
[1743166432270069668] 1
[1743166432270095668] 1
[1743166432270117002] 1
[1743166432270140835] 1
[1743166432270171086] 1
[1743166432270188503] 1
[1743166432270210253] 1
[1743166432270236128] 1
[1743166432270269961] 0 : Request cancelled by client due to FailedTimeout
[1743166432276358047] 1
[1743166432276926385] 1
[1743166432283442391] 1
[1743166432287504087] 1
[1743166432287600879] 1
[1743166432321252667] 0 : Request cancelled by client due to FailedTimeout
[1743166432371414491] 0 : Request cancelled by client due to FailedTimeout
[1743166432423466745] 0 : Request cancelled by client due to FailedTimeout
[1743166432473827738] 0 : Request cancelled by client due to FailedTimeout
[1743166432525019236] 0 : Request cancelled by client due to FailedTimeout
[1743166432537813496] 1
[1743166432541953401] 1
[1743166432542513447] 1
[1743166432542599906] 1
[1743166432543174285] 1
[1743166432575656688] 0 : Request cancelled by client due to FailedTimeout
[1743166432626057139] 0 : Request cancelled by client due to FailedTimeout
[1743166432676350464] 0 : Request cancelled by client due to FailedTimeout
[1743166432731173614] 0 : Request cancelled by client due to FailedTimeout
[1743166432786783395] 0 : Request cancelled by client due to FailedTimeout
[1743166432793889572] 1
[1743166432794461409] 1
[1743166432798069102] 1
[1743166432798121644] 1
[1743166432798354687] 1
[1743166432832605895] 0 : Request cancelled by client due to FailedTimeout
[1743166432883952770] 0 : Request cancelled by client due to FailedTimeout
[1743166432934418763] 0 : Request cancelled by client due to FailedTimeout
[1743166432985006757] 0 : Request cancelled by client due to FailedTimeout
[1743166433039259697] 0 : Request cancelled by client due to FailedTimeout
[1743166433049721358] 1
[1743166433049875067] 1
[1743166433052983299] 1
[1743166433053013091] 1
[1743166433054583477] 1
[1743166433086318628] 0 : Request cancelled by client due to FailedTimeout
[1743166433136922794] 0 : Request cancelled by client due to FailedTimeout
[1743166433188346048] 0 : Request cancelled by client due to FailedTimeout
[1743166433239827762] 0 : Request cancelled by client due to FailedTimeout
[1743166433271583913] 1
[1743166433271715914] 1
[1743166433271756664] 1
[1743166433271774040] 1
[1743166433271847040] 1
[1743166433271870207] 1
[1743166433271889790] 1
[1743166433271910416] 1
[1743166433271933457] 1
[1743166433271954541] 1
[1743166433271973624] 1
[1743166433271994500] 1
[1743166433272034250] 1
[1743166433272744797] 1
[1743166433272778630] 1
[1743166433272808422] 1
[1743166433272824881] 1
[1743166433272853631] 1
[1743166433272877214] 1
[1743166433272898756] 1
[1743166433290743721] 0 : Request cancelled by client due to FailedTimeout
[1743166433303162563] 1
[1743166433306193002] 1
[1743166433306236461] 1
[1743166433306286544] 1
[1743166433307682388] 1
[1743166433340516881] 0 : Request cancelled by client due to FailedTimeout
[1743166433392819142] 0 : Request cancelled by client due to FailedTimeout
[1743166433443136805] 0 : Request cancelled by client due to FailedTimeout
[1743166433494161265] 0 : Request cancelled by client due to FailedTimeout
[1743166433544386178] 0 : Request cancelled by client due to FailedTimeout
[1743166433560301212] 1
[1743166433560440963] 1
[1743166433560561423] 1
[1743166433560673632] 1
[1743166433564539619] 1
[1743166433596243811] 0 : Request cancelled by client due to FailedTimeout
[1743166433646263139] 0 : Request cancelled by client due to FailedTimeout
[1743166433698509441] 0 : Request cancelled by client due to FailedTimeout
[1743166433749116440] 0 : Request cancelled by client due to FailedTimeout
[1743166433808019709] 0 : Request cancelled by client due to FailedTimeout
[1743166433814886718] 1
[1743166433815592306] 1
[1743166433822005562] 1
[1743166433822586066] 1
[1743166433823302446] 1
[1743166433851730490] 0 : Request cancelled by client due to FailedTimeout
[1743166433902791117] 0 : Request cancelled by client due to FailedTimeout
[1743166433955172004] 0 : Request cancelled by client due to FailedTimeout
[1743166434004864371] 0 : Request cancelled by client due to FailedTimeout
[1743166434055954836] 0 : Request cancelled by client due to FailedTimeout
[1743166434107372262] 0 : Request cancelled by client due to FailedTimeout
[1743166434157665638] 0 : Request cancelled by client due to FailedTimeout
[1743166434209456734] 0 : Request cancelled by client due to FailedTimeout
[1743166434259557609] 0 : Request cancelled by client due to FailedTimeout
[1743166434273915716] 1
[1743166434274006592] 1
[1743166434274032675] 1
[1743166434274106676] 1
[1743166434274131634] 1
[1743166434274165051] 1
[1743166434274186968] 1
[1743166434274214052] 1
[1743166434274237260] 1
[1743166434274311927] 1
[1743166434274348428] 1
[1743166434274373928] 1
[1743166434275864689] 1
[1743166434275955981] 1
[1743166434276019148] 1
[1743166434311680582] 0 : Request cancelled by client due to FailedTimeout
[1743166434362634046] 0 : Request cancelled by client due to FailedTimeout
[1743166434412244125] 0 : Request cancelled by client due to FailedTimeout
[1743166434464406224] 0 : Request cancelled by client due to FailedTimeout
[1743166434514054512] 0 : Request cancelled by client due to FailedTimeout
[1743166434566767323] 0 : Request cancelled by client due to FailedTimeout
[1743166434617957372] 0 : Request cancelled by client due to FailedTimeout
[1743166434668646084] 0 : Request cancelled by client due to FailedTimeout
[1743166434721882191] 0 : Request cancelled by client due to FailedTimeout
[1743166434774019497] 0 : Request cancelled by client due to FailedTimeout
[1743166434826451056] 0 : Request cancelled by client due to FailedTimeout
[1743166434876786474] 0 : Request cancelled by client due to FailedTimeout
[1743166434927890023] 0 : Request cancelled by client due to FailedTimeout
[1743166434980328248] 0 : Request cancelled by client due to FailedTimeout
[1743166435031089297] 0 : Request cancelled by client due to FailedTimeout
[1743166435081831306] 0 : Request cancelled by client due to FailedTimeout
[1743166435132966193] 0 : Request cancelled by client due to FailedTimeout
[1743166435184108330] 0 : Request cancelled by client due to FailedTimeout
[1743166435237210232] 0 : Request cancelled by client due to FailedTimeout
[1743166435288661038] 0 : Request cancelled by client due to FailedTimeout
[1743166435341801107] 0 : Request cancelled by client due to FailedTimeout
[1743166435391869153] 0 : Request cancelled by client due to FailedTimeout
[1743166435443342792] 0 : Request cancelled by client due to FailedTimeout
[1743166435495155893] 0 : Request cancelled by client due to FailedTimeout
[1743166435546542781] 0 : Request cancelled by client due to FailedTimeout
[1743166435597594210] 0 : Request cancelled by client due to FailedTimeout
[1743166435649374643] 0 : Request cancelled by client due to FailedTimeout
[1743166435699992151] 0 : Request cancelled by client due to FailedTimeout
[1743166435750795536] 0 : Request cancelled by client due to FailedTimeout
[1743166435803164224] 0 : Request cancelled by client due to FailedTimeout
[1743166435854735406] 0 : Request cancelled by client due to FailedTimeout
[1743166435905774417] 0 : Request cancelled by client due to FailedTimeout
[1743166435958766401] 0 : Request cancelled by client due to FailedTimeout
[1743166436008048025] 0 : Request cancelled by client due to FailedTimeout
[1743166436059441960] 0 : Request cancelled by client due to FailedTimeout
[1743166436111837569] 0 : Request cancelled by client due to FailedTimeout
[1743166436164214970] 0 : Request cancelled by client due to FailedTimeout
[1743166436215035610] 0 : Request cancelled by client due to FailedTimeout
[1743166436268022307] 0 : Request cancelled by client due to FailedTimeout
[1743166436319583119] 0 : Request cancelled by client due to FailedTimeout
[1743166436371974311] 0 : Request cancelled by client due to FailedTimeout
[1743166436422851368] 0 : Request cancelled by client due to FailedTimeout
[1743166436473925259] 0 : Request cancelled by client due to FailedTimeout
[1743166436525741864] 0 : Request cancelled by client due to FailedTimeout
[1743166436578173015] 0 : Request cancelled by client due to FailedTimeout
[1743166436630070829] 0 : Request cancelled by client due to FailedTimeout
[1743166436681470473] 0 : Request cancelled by client due to FailedTimeout
[1743166436731852567] 0 : Request cancelled by client due to FailedTimeout
[1743166436783852757] 0 : Request cancelled by client due to FailedTimeout
[1743166436833649472] 0 : Request cancelled by client due to FailedTimeout
[1743166436886138749] 0 : Request cancelled by client due to FailedTimeout
[1743166436937182598] 0 : Request cancelled by client due to FailedTimeout
[1743166436988025612] 0 : Request cancelled by client due to FailedTimeout
[1743166437038863338] 0 : Request cancelled by client due to FailedTimeout
[1743166437088675723] 0 : Request cancelled by client due to FailedTimeout
[1743166437140441708] 0 : Request cancelled by client due to FailedTimeout
[1743166437191196726] 0 : Request cancelled by client due to FailedTimeout
[1743166437242741917] 0 : Request cancelled by client due to FailedTimeout
[1743166437293296600] 0 : Request cancelled by client due to FailedTimeout
[1743166437345649005] 0 : Request cancelled by client due to FailedTimeout
[1743166437397211113] 0 : Request cancelled by client due to FailedTimeout
[1743166437448943639] 0 : Request cancelled by client due to FailedTimeout
[1743166437501224044] 0 : Request cancelled by client due to FailedTimeout
[1743166437551197848] 0 : Request cancelled by client due to FailedTimeout
[1743166437603834755] 0 : Request cancelled by client due to FailedTimeout
[1743166437654667649] 0 : Request cancelled by client due to FailedTimeout
[1743166437706500384] 0 : Request cancelled by client due to FailedTimeout
[1743166437758060825] 0 : Request cancelled by client due to FailedTimeout
[1743166437809892310] 0 : Request cancelled by client due to FailedTimeout
[1743166437861744503] 0 : Request cancelled by client due to FailedTimeout
[1743166437913608613] 0 : Request cancelled by client due to FailedTimeout
[1743166437965749308] 0 : Request cancelled by client due to FailedTimeout
[1743166438016734663] 0 : Request cancelled by client due to FailedTimeout
[1743166438067885105] 0 : Request cancelled by client due to FailedTimeout
[1743166438119204507] 0 : Request cancelled by client due to FailedTimeout
[1743166438169233482] 0 : Request cancelled by client due to FailedTimeout
[1743166438220350966] 0 : Request cancelled by client due to FailedTimeout
[1743166438270510317] 0 : Request cancelled by client due to FailedTimeout
[1743166438323162188] 0 : Request cancelled by client due to FailedTimeout
[1743166444148672425] 1
[1743166444152199746] 1
[1743166444158215838] 1
[1743166444158316380] 1
[1743166444158438048] 1
[1743166444167286080] 1
[1743166444167366372] 1
[1743166444167435831] 1
[1743166444179702558] 1
[1743166444179778726] 1
[1743166444180597107] 1
[1743166444219452806] 1
[1743166444224168928] 1
[1743166444227456664] 1
[1743166444227633082] 1
[1743166444227707958] 1
[1743166444227771750] 1
[1743166444234386388] 1
[1743166444234950935] 1
[1743166444272965376] 1
[1743166444273184628] 1
[1743166444273265545] 1
[1743166444276270154] 1
[1743166444308494005] 1
[1743166444308613006] 1
[1743166444308669965] 1
[1743166444308956842] 1
[1743166444333287253] 1
[1743166444334007468] 1
[1743166444334246678] 1
[1743166444334273845] 1
[1743166444334295762] 1
[1743166444334430554] 1
[1743166444334508722] 1
[1743166444334767266] 1
[1743166444380737440] 1
[1743166444386973450] 1
[1743166444387052242] 1
[1743166444387093659] 1
[1743166444387174868] 1
[1743166444397685539] 1
[1743166444397972250] 1
[1743166444398546421] 1
[1743166444430179310] 1
[1743166444430326144] 1
[1743166444430381061] 1
[1743166444478305002] 1
[1743166444478574421] 1
[1743166444483597004] 1
[1743166444483660046] 1
[1743166444483785714] 1
[1743166444484071008] 1
[1743166444491666238] 1
[1743166444537203075] 1
[1743166444537396494] 1
[1743166444537541828] 1
[1743166444549031007] 1
[1743166444549200050] 1
[1743166444560621229] 1
[1743166444563517503] 1
[1743166444563584045] 1
[1743166444568477336] 1
[1743166444586484736] 1
[1743166444587076074] 1
[1743166444587153616] 1
[1743166444634963764] 1
[1743166444640301725] 1
[1743166444640478227] 1
[1743166444640592228] 1
[1743166444640665770] 1
[1743166444649546219] 1
[1743166444650310975] 1
[1743166444690332141] 1
[1743166444690627769] 1
[1743166444693906630] 1
[1743166444694560177] 1
[1743166444732909788] 1
[1743166444740194015] 1
[1743166444740274890] 1
[1743166444747274532] 1
[1743166444747472159] 1
[1743166444748061622] 1
[1743166444748192206] 1
[1743166444787920829] 1
[1743166444794419966] 1
[1743166444803425208] 1
[1743166444803640460] 1
[1743166444803705002] 1
[1743166444820054179] 1
[1743166444824119422] 1
[1743166444824201131] 1
[1743166444824538092] 1
[1743166444843290165] 1
[1743166444844003087] 1
[1743166444894302922] 1
[1743166444894492174] 1
[1743166444901997653] 1
[1743166444902179446] 1
[1743166444909446048] 1
[1743166444911881610] 1
[1743166444911967986] 1
[1743166444912025862] 1
[1743166444945134137] 1
[1743166444945346389] 1
[1743166444949361339] 1
[1743166444949773384] 1
[1743166444993343663] 1
[1743166444994199546] 1
[1743166444999255504] 1
[1743166444999521798] 1
[1743166444999626257] 1
[1743166445007940952] 1
[1743166445010704100] 1
[1743166445039837553] 1
[1743166445040011680] 1
[1743166445046445275] 1
[1743166445047118114] 1
[1743166445047267657] 1
[1743166445078040707] 1
[1743166445078580004] 1
[1743166445078707130] 1
[1743166445086488653] 1
[1743166445095160393] 1
[1743166445095907982] 1
[1743166445131371697] 1
[1743166445194207475] 1
[1743166445229111768] 1
[1743166445290371033] 1
[1743166445333830648] 1
[1743166445334099108] 1
[1743166445337615596] 1
[1743166445337679180] 1
[1743166445337732347] 1
[1743166445337773806] 1
[1743166445338139142] 1
[1743166445338159684] 1
[1743166445338175684] 1
[1743166445338190726] 1
[1743166445338206268] 1
[1743166445338224685] 1
[1743166445338244310] 1
[1743166445338269852] 1
[1743166445338291935] 1
[1743166445338311102] 1
[1743166445338337061] 1
[1743166445338357394] 1
[1743166445338692647] 1
[1743166445338719730] 1
[1743166445338738689] 1
[1743166445338756481] 1
[1743166445338853315] 1
[1743166445339517195] 1
[1743166445383749942] 1
[1743166445449535578] 1
[1743166445485241711] 1
[1743166445546226015] 1
[1743166445598307411] 1
[1743166445598571038] 1
[1743166445604637548] 1
[1743166445604982092] 1
[1743166445605566389] 1
[1743166445605642348] 1
[1743166445638659667] 1
[1743166445706581654] 1
[1743166445735096810] 1
[1743166445800982322] 1
[1743166445851511371] 1
[1743166445851755040] 1
[1743166445851860208] 1
[1743166445851895666] 1
[1743166445855083151] 1
[1743166445855519822] 1
[1743166445898892311] 1
[1743166445960828456] 1
[1743166445992467930] 1
[1743166446057290729] 1
[1743166446106831232] 1
[1743166446106961025] 1
[1743166446107032401] 1
[1743166446107146193] 1
[1743166446110297553] 1
[1743166446110861141] 1
[1743166446371811478] 1
[1743166446371948896] 1
[1743166446372030605] 1
[1743166446372071939] 1
[1743166446372099647] 1
[1743166446372119689] 1
[1743166446372140731] 1
[1743166446372159648] 1
[1743166446372180273] 1
[1743166446372198523] 1
[1743166446372226232] 1
[1743166446372245815] 1
[1743166446372261774] 1
[1743166446372282441] 1
[1743166446372300691] 1
[1743166446408432330] 1
[1743166446408612374] 1
[1743166446408690083] 1
[1743166446408744750] 1
[1743166446414612466] 1
[1743166446414672967] 1
[1743166446414719800] 1
[1743166446415549266] 1
[1743166446415599641] 1
[1743166446415731059] 1
[1743166446416112645] 1
[1743166446652619442] 1
[1743166446652753568] 1
[1743166446652982487] 1
[1743166446653064321] 1
[1743166446653134696] 1
[1743166446903372234] 1
[1743166446903485610] 1
[1743166446912373602] 1
[1743166446913389569] 1
[1743166446913572945] 1
[1743166447158981246] 1
[1743166447159283040] 1
[1743166447165542802] 1
[1743166447166361059] 1
[1743166447166446018] 1
[1743166447386563192] 1
[1743166447386637192] 1
[1743166447386654567] 1
[1743166447386686901] 1
[1743166447386736693] 1
[1743166447386759277] 1
[1743166447386830444] 1
[1743166447386871944] 1
[1743166447386890653] 1
[1743166447386906111] 1
[1743166447386933195] 1
[1743166447387642576] 1
[1743166447387664201] 1
[1743166447387694701] 1
[1743166447387717827] 1
[1743166447415284479] 1
[1743166447418401047] 1
[1743166447418478381] 1
[1743166447424114679] 1
[1743166447424161347] 1
[1743166447424194305] 1
[1743166447424695976] 1
[1743166447425487691] 1
[1743166447425618734] 1
[1743166447425808819] 1
[1743166447672703639] 1
[1743166447675857291] 1
[1743166447682120177] 1
[1743166447682919101] 1
[1743166447683167770] 1
[1743166447927441442] 1
[1743166447933757038] 1
[1743166447933840288] 1
[1743166447934856505] 1
[1743166447934953465] 1
[1743166448184959616] 1
[1743166448188040059] 1
[1743166448188121435] 1
[1743166448188388145] 1
[1743166448350577711] 0 : Request cancelled by client due to FailedTimeout
[1743166448391812442] 1
[1743166448392007568] 1
[1743166448392031860] 1
[1743166448392045735] 1
[1743166448392070819] 1
[1743166448392094152] 1
[1743166448392116278] 1
[1743166448392138361] 1
[1743166448392156195] 1
[1743166448392197487] 1
[1743166448392216570] 1
[1743166448392234862] 1
[1743166448392251195] 1
[1743166448392266320] 1
[1743166448392284487] 1
[1743166448392316904] 1
[1743166448392332988] 1
[1743166448393051869] 1
[1743166448393748042] 1
[1743166448401936196] 0 : Request cancelled by client due to FailedTimeout
[1743166448452516674] 0 : Request cancelled by client due to FailedTimeout
[1743166448502356770] 0 : Request cancelled by client due to FailedTimeout
[1743166448553724796] 0 : Request cancelled by client due to FailedTimeout
[1743166448605926455] 0 : Request cancelled by client due to FailedTimeout
[1743166448657343649] 0 : Request cancelled by client due to FailedTimeout
[1743166448708632133] 0 : Request cancelled by client due to FailedTimeout
[1743166448759193694] 0 : Request cancelled by client due to FailedTimeout
[1743166448809811380] 0 : Request cancelled by client due to FailedTimeout
[1743166448860334149] 0 : Request cancelled by client due to FailedTimeout
[1743166448911560466] 0 : Request cancelled by client due to FailedTimeout
[1743166448967679867] 0 : Request cancelled by client due to FailedTimeout
[1743166449017818675] 0 : Request cancelled by client due to FailedTimeout
[1743166449068519575] 0 : Request cancelled by client due to FailedTimeout
[1743166449120179607] 0 : Request cancelled by client due to FailedTimeout
[1743166449170876257] 0 : Request cancelled by client due to FailedTimeout
[1743166449221883325] 0 : Request cancelled by client due to FailedTimeout
[1743166449272242180] 0 : Request cancelled by client due to FailedTimeout
[1743166449323253207] 0 : Request cancelled by client due to FailedTimeout
[1743166449373355601] 0 : Request cancelled by client due to FailedTimeout
[1743166449393054897] 1
[1743166449393158357] 1
[1743166449393206274] 1
[1743166449393286483] 1
[1743166449393333150] 1
[1743166449393356567] 1
[1743166449393378234] 1
[1743166449393397984] 1
[1743166449393418317] 1
[1743166449393438734] 1
[1743166449393457984] 1
[1743166449393470443] 1
[1743166449393507526] 1
[1743166449393540193] 1
[1743166449393556527] 1
[1743166449393570027] 1
[1743166449393583152] 1
[1743166449393611611] 1
[1743166449393626736] 1
[1743166449393644819] 1
[1743166449424102751] 0 : Request cancelled by client due to FailedTimeout
[1743166449476265330] 0 : Request cancelled by client due to FailedTimeout
[1743166449527019438] 0 : Request cancelled by client due to FailedTimeout
[1743166449580012357] 0 : Request cancelled by client due to FailedTimeout
[1743166449630946217] 0 : Request cancelled by client due to FailedTimeout
[1743166449681258821] 0 : Request cancelled by client due to FailedTimeout
[1743166449732004846] 0 : Request cancelled by client due to FailedTimeout
[1743166449782836121] 0 : Request cancelled by client due to FailedTimeout
[1743166449834385236] 0 : Request cancelled by client due to FailedTimeout
[1743166449885621640] 0 : Request cancelled by client due to FailedTimeout
[1743166449936366582] 0 : Request cancelled by client due to FailedTimeout
[1743166449991814189] 0 : Request cancelled by client due to FailedTimeout
[1743166450044508108] 0 : Request cancelled by client due to FailedTimeout
[1743166450095306845] 0 : Request cancelled by client due to FailedTimeout
[1743166450146612795] 0 : Request cancelled by client due to FailedTimeout
[1743166450197126113] 0 : Request cancelled by client due to FailedTimeout
[1743166450247990351] 0 : Request cancelled by client due to FailedTimeout
[1743166450310600525] 0 : Request cancelled by client due to FailedTimeout
[1743166450360905341] 0 : Request cancelled by client due to FailedTimeout
[1743166450394732971] 1
[1743166450394830180] 1
[1743166450394880348] 1
[1743166450394927598] 1
[1743166450394960890] 1
[1743166450394972348] 1
[1743166450394984349] 1
[1743166450395036224] 1
[1743166450395051016] 1
[1743166450395068766] 1
[1743166450395095058] 1
[1743166450395124641] 1
[1743166450395171058] 1
[1743166450395193100] 1
[1743166450395205059] 1
[1743166450395213351] 1
[1743166450395232934] 1
[1743166450395245809] 1
[1743166450395274268] 1
[1743166450406835119] 1
[1743166450411166449] 0 : Request cancelled by client due to FailedTimeout
[1743166450462052645] 0 : Request cancelled by client due to FailedTimeout
[1743166450516767166] 0 : Request cancelled by client due to FailedTimeout
[1743166450565914931] 0 : Request cancelled by client due to FailedTimeout
[1743166450617889928] 0 : Request cancelled by client due to FailedTimeout
[1743166450668655832] 0 : Request cancelled by client due to FailedTimeout
[1743166450719719321] 0 : Request cancelled by client due to FailedTimeout
[1743166450770123555] 0 : Request cancelled by client due to FailedTimeout
[1743166450822038802] 0 : Request cancelled by client due to FailedTimeout
[1743166450872620537] 0 : Request cancelled by client due to FailedTimeout
[1743166450923387399] 0 : Request cancelled by client due to FailedTimeout
[1743166450973424463] 0 : Request cancelled by client due to FailedTimeout
[1743166451025262377] 0 : Request cancelled by client due to FailedTimeout
[1743166451076053993] 0 : Request cancelled by client due to FailedTimeout
[1743166451126519314] 0 : Request cancelled by client due to FailedTimeout
[1743166451177070761] 0 : Request cancelled by client due to FailedTimeout
[1743166451229989520] 0 : Request cancelled by client due to FailedTimeout
[1743166451280154922] 0 : Request cancelled by client due to FailedTimeout
[1743166451332202882] 0 : Request cancelled by client due to FailedTimeout
[1743166451383115457] 0 : Request cancelled by client due to FailedTimeout
[1743166451400931531] 1
[1743166451401036241] 1
[1743166451401090324] 1
[1743166451401103825] 1
[1743166451401121741] 1
[1743166451401191659] 1
[1743166451401219701] 1
[1743166451401273951] 1
[1743166451401330868] 1
[1743166451401350660] 1
[1743166451401382452] 1
[1743166451401448869] 1
[1743166451401463619] 1
[1743166451401499953] 1
[1743166451401545828] 1
[1743166451401570620] 1
[1743166451401586787] 1
[1743166451401616621] 1
[1743166451405489322] 1
[1743166451416606837] 1
[1743166451433215233] 0 : Request cancelled by client due to FailedTimeout
[1743166451484273643] 0 : Request cancelled by client due to FailedTimeout
[1743166451538940251] 0 : Request cancelled by client due to FailedTimeout
[1743166451590436540] 0 : Request cancelled by client due to FailedTimeout
[1743166451641752744] 0 : Request cancelled by client due to FailedTimeout
[1743166451692218273] 0 : Request cancelled by client due to FailedTimeout
[1743166451742458800] 0 : Request cancelled by client due to FailedTimeout
[1743166451794100590] 0 : Request cancelled by client due to FailedTimeout
[1743166451846052466] 0 : Request cancelled by client due to FailedTimeout
[1743166451896556788] 0 : Request cancelled by client due to FailedTimeout
[1743166451947301486] 0 : Request cancelled by client due to FailedTimeout
[1743166451998648565] 0 : Request cancelled by client due to FailedTimeout
[1743166452050304858] 0 : Request cancelled by client due to FailedTimeout
[1743166452101543606] 0 : Request cancelled by client due to FailedTimeout
[1743166452152260392] 0 : Request cancelled by client due to FailedTimeout
[1743166452202724800] 0 : Request cancelled by client due to FailedTimeout
[1743166452253289708] 0 : Request cancelled by client due to FailedTimeout
[1743166452304696416] 0 : Request cancelled by client due to FailedTimeout
[1743166452361994427] 0 : Request cancelled by client due to FailedTimeout
[1743166452402896000] 1
[1743166452402987292] 1
[1743166452403002459] 1
[1743166452403015876] 1
[1743166452403027959] 1
[1743166452403043251] 1
[1743166452403084418] 1
[1743166452403116877] 1
[1743166452403141252] 1
[1743166452403228794] 1
[1743166452403385962] 1
[1743166452403409588] 1
[1743166452403474255] 1
[1743166452403531714] 1
[1743166452403590714] 1
[1743166452403613339] 1
[1743166452403627714] 1
[1743166452403650631] 1
[1743166452403722632] 1
[1743166452412675920] 0 : Request cancelled by client due to FailedTimeout
[1743166452463578957] 0 : Request cancelled by client due to FailedTimeout
[1743166452514563661] 0 : Request cancelled by client due to FailedTimeout
[1743166452566161371] 0 : Request cancelled by client due to FailedTimeout
[1743166452617971999] 0 : Request cancelled by client due to FailedTimeout
[1743166452666805059] 0 : Request cancelled by client due to FailedTimeout
[1743166452717574970] 0 : Request cancelled by client due to FailedTimeout
[1743166452768787176] 0 : Request cancelled by client due to FailedTimeout
[1743166452820022424] 0 : Request cancelled by client due to FailedTimeout
[1743166452870440123] 0 : Request cancelled by client due to FailedTimeout
[1743166452921162492] 0 : Request cancelled by client due to FailedTimeout
[1743166452973114872] 0 : Request cancelled by client due to FailedTimeout
[1743166453023160652] 0 : Request cancelled by client due to FailedTimeout
[1743166453075387413] 0 : Request cancelled by client due to FailedTimeout
[1743166453125388528] 0 : Request cancelled by client due to FailedTimeout
[1743166453176242693] 0 : Request cancelled by client due to FailedTimeout
[1743166453228124117] 0 : Request cancelled by client due to FailedTimeout
[1743166453277353059] 0 : Request cancelled by client due to FailedTimeout
[1743166453329486444] 0 : Request cancelled by client due to FailedTimeout
[1743166453380677820] 0 : Request cancelled by client due to FailedTimeout
[1743166453404901079] 1
[1743166453405020705] 1
[1743166453405085497] 1
[1743166453405197748] 1
[1743166453405225957] 1
[1743166453405244915] 1
[1743166453405264541] 1
[1743166453405281499] 1
[1743166453405299083] 1
[1743166453405343125] 1
[1743166453405362083] 1
[1743166453405399542] 1
[1743166453405412209] 1
[1743166453405434209] 1
[1743166453405444792] 1
[1743166453405465126] 1
[1743166453405477709] 1
[1743166453405488543] 1
[1743166453405498626] 1
[1743166453405526418] 1
[1743166453430722686] 0 : Request cancelled by client due to FailedTimeout
[1743166453482570943] 0 : Request cancelled by client due to FailedTimeout
[1743166453533638318] 0 : Request cancelled by client due to FailedTimeout
[1743166453597270181] 0 : Request cancelled by client due to FailedTimeout
[1743166453647546424] 0 : Request cancelled by client due to FailedTimeout
[1743166453699010386] 0 : Request cancelled by client due to FailedTimeout
[1743166453750066344] 0 : Request cancelled by client due to FailedTimeout
[1743166453800538548] 0 : Request cancelled by client due to FailedTimeout
[1743166453851656881] 0 : Request cancelled by client due to FailedTimeout
[1743166453907201380] 0 : Request cancelled by client due to FailedTimeout
[1743166453958547008] 0 : Request cancelled by client due to FailedTimeout
[1743166454009859010] 0 : Request cancelled by client due to FailedTimeout
[1743166454061746730] 0 : Request cancelled by client due to FailedTimeout
[1743166454112457397] 0 : Request cancelled by client due to FailedTimeout
[1743166454163715527] 0 : Request cancelled by client due to FailedTimeout
[1743166454214952657] 0 : Request cancelled by client due to FailedTimeout
[1743166454265572490] 0 : Request cancelled by client due to FailedTimeout
[1743166454316026321] 0 : Request cancelled by client due to FailedTimeout
[1743166454365705937] 0 : Request cancelled by client due to FailedTimeout
[1743166454407464565] 1
[1743166454407792818] 1
[1743166454408006945] 1
[1743166454408033695] 1
[1743166454408067279] 1
[1743166454408097071] 1
[1743166454408122363] 1
[1743166454408139529] 1
[1743166454408173738] 1
[1743166454408204697] 1
[1743166454408228864] 1
[1743166454408399323] 1
[1743166454408427907] 1
[1743166454408571325] 1
[1743166454417868326] 0 : Request cancelled by client due to FailedTimeout
[1743166474301184171] 1
[1743166474301359172] 1
[1743166474304533939] 1
[1743166474362731974] 1
[1743166474362927892] 1
[1743166474363016267] 1
[1743166474363086726] 1
[1743166474363174185] 1
[1743166474363233810] 1
[1743166474363276519] 1
[1743166474363312685] 1
[1743166474363347686] 1
[1743166474363409394] 1
[1743166474369628263] 1
[1743166474369692638] 1
[1743166474369750930] 1
[1743166474384360928] 1
[1743166474384410970] 1
[1743166474384490013] 1
[1743166474398724051] 1
[1743166474408253271] 1
[1743166474408309729] 1
[1743166474408368938] 1
[1743166474408413730] 1
[1743166474408480314] 1
[1743166474408551856] 1
[1743166474408610314] 1
[1743166474439377237] 1
[1743166474439518654] 1
[1743166474454353404] 1
[1743166474454472446] 1
[1743166474454583822] 1
[1743166474454645947] 1
[1743166474463700207] 1
[1743166474463860041] 1
[1743166474463951000] 1
[1743166474464001292] 1
[1743166474464039250] 1
[1743166474476987364] 1
[1743166474477092157] 1
[1743166474529701160] 1
[1743166474529883286] 1
[1743166474533055095] 1
[1743166474533145096] 1
[1743166474573428405] 1
[1743166474573522197] 1
[1743166474573593697] 1
[1743166474577184968] 1
[1743166474577406302] 1
[1743166474577479886] 1
[1743166474588439447] 1
[1743166474594498606] 1
[1743166474594554982] 1
[1743166474594611857] 1
[1743166474594671191] 1
[1743166474594743691] 1
[1743166474594801816] 1
[1743166474594854400] 1
[1743166474594896859] 1
[1743166474603964826] 1
[1743166474604095035] 1
[1743166474635746713] 1
[1743166474635915963] 1
[1743166474635965214] 1
[1743166474639642693] 1
[1743166474639685276] 1
[1743166474639738735] 1
[1743166474642172040] 1
[1743166474658160588] 1
[1743166474667699808] 1
[1743166474667759392] 1
[1743166474668090185] 1
[1743166474677152653] 1
[1743166474677205320] 1
[1743166474677873615] 1
[1743166474677941991] 1
[1743166474677969991] 1
[1743166474677992533] 1
[1743166474678642453] 1
[1743166474678701995] 1
[1743166474678739912] 1
[1743166474678767954] 1
[1743166474678796370] 1
[1743166474680738006] 1
[1743166474680783923] 1
[1743166474681861763] 1
[1743166474694921003] 1
[1743166474703895261] 1
[1743166474706850736] 1
[1743166474707510281] 1
[1743166474744658198] 1
[1743166474744850657] 1
[1743166474744927491] 1
[1743166474748004967] 1
[1743166474776459418] 1
[1743166474829265381] 1
[1743166474829418090] 1
[1743166474829688758] 1
[1743166474829744258] 1
[1743166474829799300] 1
[1743166474829859967] 1
[1743166474868609018] 1
[1743166474868698935] 1
[1743166474868746060] 1
[1743166474868778227] 1
[1743166474868837352] 1
[1743166474868903061] 1
[1743166474869183354] 1
[1743166474869254855] 1
[1743166474883438893] 1
[1743166474883489309] 1
[1743166474883605393] 1
[1743166474883727102] 1
[1743166474883773978] 1
[1743166474883838561] 1
[1743166474896709134] 1
[1743166474896837718] 1
[1743166474896913260] 1
[1743166474896966593] 1
[1743166474919256052] 1
[1743166474919338385] 1
[1743166474925195960] 1
[1743166474931454870] 1
[1743166474931511954] 1
[1743166474933629257] 1
[1743166474933691424] 1
[1743166474933959717] 1
[1743166474955634381] 1
[1743166474955723048] 1
[1743166474956366468] 1
[1743166474997060113] 1
[1743166474997251864] 1
[1743166474997374948] 1
[1743166475000478799] 1
[1743166475000550216] 1
[1743166475075335809] 1
[1743166475075495394] 1
[1743166475075623228] 1
[1743166475075668645] 1
[1743166475076257481] 1
[1743166475088064924] 1
[1743166475088126007] 1
[1743166475096632931] 1
[1743166475096724098] 1
[1743166475117910011] 1
[1743166475118004762] 1
[1743166475118185888] 1
[1743166475118294680] 1
[1743166475118340555] 1
[1743166475128818990] 1
[1743166475128949407] 1
[1743166475129060075] 1
[1743166475129190492] 1
[1743166475129323493] 1
[1743166475129371410] 1
[1743166475129402327] 1
[1743166475160753339] 1
[1743166475160912049] 1
[1743166475169622015] 1
[1743166475169705974] 1
[1743166475176088594] 1
[1743166475176318470] 1
[1743166475176422471] 1
[1743166475176613763] 1
[1743166475185486147] 1
[1743166475193376068] 1
[1743166475193516943] 1
[1743166475211770006] 1
[1743166475211897798] 1
[1743166475212586969] 1
[1743166475236665398] 1
[1743166475315422349] 1
[1743166475315793351] 1
[1743166475315849893] 1
[1743166475318789868] 1
[1743166475318827285] 1
[1743166475318871577] 1
[1743166475318916577] 1
[1743166475318958244] 1
[1743166475319002286] 1
[1743166475319357079] 1
[1743166475320701004] 1
[1743166475333054908] 1
[1743166475401245714] 1
[1743166475427938450] 1
[1743166475503534841] 1
[1743166475566944662] 1
[1743166475567110204] 1
[1743166475567164163] 1
[1743166475572935488] 1
[1743166475576202715] 1
[1743166475576271632] 1
[1743166475577010928] 1
[1743166475577042719] 1
[1743166475579642068] 1
[1743166475579832569] 1
[1743166475580321488] 1
[1743166475593688815] 1
[1743166475656188755] 1
[1743166475679155595] 1
[1743166475679217720] 1
[1743166475679240179] 1
[1743166475679261304] 1
[1743166475679278804] 1
[1743166475679296137] 1
[1743166475679316179] 1
[1743166475679350013] 1
[1743166475679375471] 1
[1743166475679391763] 1
[1743166475679418346] 1
[1743166475679440430] 1
[1743166475679463472] 1
[1743166475679484763] 1
[1743166475679506264] 1
[1743166475679938474] 1
[1743166475679966475] 1
[1743166475679996225] 1
[1743166475680013350] 1
[1743166475721218669] 1
[1743166475752085262] 1
[1743166475828586699] 1
[1743166475828982410] 1
[1743166475829268161] 1
[1743166475829346620] 1
[1743166475832363929] 1
[1743166475832422138] 1
[1743166475832476221] 1
[1743166475832649264] 1
[1743166475832814598] 1
[1743166475832878557] 1
[1743166475833855896] 1
[1743166475852583378] 1
[1743166475911986884] 1
[1743166475978468723] 1
[1743166476008434853] 1
[1743166476088928447] 1
[1743166476089171823] 1
[1743166476096318073] 1
[1743166476096395782] 1
[1743166476096424491] 1
[1743166476096464533] 1
[1743166476096499408] 1
[1743166476096524491] 1
[1743166476096657992] 1
[1743166476096699242] 1
[1743166476097688790] 1
[1743166476106322173] 1
[1743166476166709359] 1
[1743166476348603710] 1
[1743166476348882004] 1
[1743166476348992171] 1
[1743166476358130724] 1
[1743166476358219225] 1
[1743166476358291100] 1
[1743166476358477726] 1
[1743166476359272523] 1
[1743166476362161289] 1
[1743166476362208706] 1
[1743166476605443916] 1
[1743166476605731251] 1
[1743166476605994169] 1
[1743166476615319098] 1
[1743166476615598100] 1
[1743166476615845226] 1
[1743166476615932060] 1
[1743166476619251538] 1
[1743166476619368913] 1
[1743166476619423747] 1
[1743166476682141696] 1
[1743166476682253155] 1
[1743166476682321989] 1
[1743166476682375697] 1
[1743166476682423656] 1
[1743166476682474948] 1
[1743166476682528031] 1
[1743166476682570740] 1
[1743166476682591782] 1
[1743166476682609074] 1
[1743166476682627699] 1
[1743166476682646532] 1
[1743166476682671616] 1
[1743166476683264786] 1
[1743166476683289161] 1
[1743166476683310161] 1
[1743166476683328994] 1
[1743166476683348286] 1
[1743166476683366870] 1
[1743166476696308237] 1
[1743166476855930500] 1
[1743166476856274711] 1
[1743166476856553212] 1
[1743166476865649390] 1
[1743166476865817183] 1
[1743166476865906308] 1
[1743166476866389603] 1
[1743166476869341370] 1
[1743166476869386287] 1
[1743166476869445121] 1
[1743166477124249535] 1
[1743166477124632746] 1
[1743166477136330607] 1
[1743166477136476108] 1
[1743166477136596192] 1
[1743166477136842443] 1
[1743166477137169445] 1
[1743166477137520239] 1
[1743166477137735657] 1
[1743166477137872116] 1
[1743166477389097774] 1
[1743166477389810445] 1
[1743166477389929779] 1
[1743166477398737457] 1
[1743166477398793582] 1
[1743166477398869332] 1
[1743166477398931666] 1
[1743166477399510628] 1
[1743166477400040631] 1
[1743166477400267466] 1
[1743166477637145122] 1
[1743166477637596250] 1
[1743166477649268569] 1
[1743166477649337569] 1
[1743166477649423570] 1
[1743166477649488570] 1
[1743166477650021615] 1
[1743166477650899079] 1
[1743166477651128997] 1
[1743166477651241456] 1
[1743166477684606820] 1
[1743166477684780071] 1
[1743166477684836697] 1
[1743166477684879114] 1
[1743166477684924281] 1
[1743166477684938239] 1
[1743166477684950322] 1
[1743166477684974322] 1
[1743166477684996323] 1
[1743166477685029156] 1
[1743166477685050448] 1
[1743166477685069781] 1
[1743166477685087823] 1
[1743166477685107365] 1
[1743166477685128157] 1
[1743166477685151407] 1
[1743166477685168282] 1
[1743166477685190907] 1
[1743166477685209282] 1
[1743166477696878185] 1
[1743166477887242273] 1
[1743166477887349524] 1
[1743166477887522733] 1
[1743166477896431328] 1
[1743166477896484745] 1
[1743166477896573745] 1
[1743166477896731996] 1
[1743166477897662543] 1
[1743166477898202630] 1
[1743166477898418465] 1
[1743166478152459697] 1
[1743166478155841426] 1
[1743166478164328394] 1
[1743166478164373311] 1
[1743166478164425978] 1
[1743166478164531395] 1
[1743166478164616229] 1
[1743166478167711206] 1
[1743166478167959457] 1
[1743166478168111125] 1
[1743166478391059264] 1
[1743166478399994318] 1
[1743166478400073068] 1
[1743166478400123902] 1
[1743166478400839698] 1
[1743166478401469202] 1
[1743166478401621328] 1
[1743166478645194092] 1
[1743166478645379259] 1
[1743166478651873465] 1
[1743166478655641821] 1
[1743166478655715280] 1
[1743166478685908921] 1
[1743166478686081380] 1
[1743166478686129672] 1
[1743166478686183839] 1
[1743166478686206006] 1
[1743166478686225006] 1
[1743166478686243173] 1
[1743166478686260548] 1
[1743166478686284965] 1
[1743166478686301923] 1
[1743166478686314007] 1
[1743166478689566943] 1
[1743166478689592985] 1
[1743166478689607610] 1
[1743166478689619402] 1
[1743166478689634443] 1
[1743166478689660069] 1
[1743166478689679152] 1
[1743166478689695444] 1
[1743166478700784303] 1
[1743166478895185186] 1
[1743166478895387312] 1
[1743166478895503146] 1
[1743166478906073960] 1
[1743166478906253961] 1
[1743166479164737957] 1
[1743166479167940393] 1
[1743166479171110913] 1
[1743166479171190246] 1
[1743166479180054718] 1
[1743166479406227858] 1
[1743166479406396859] 1
[1743166479406686444] 1
[1743166479409816880] 1
[1743166479410697177] 1
[1743166479681581677] 1
[1743166479681943679] 1
[1743166479688217967] 1
[1743166479688595136] 1
[1743166479691019568] 1
[1743166479691148069] 1
[1743166479691202861] 1
[1743166479691241528] 1
[1743166479691250986] 1
[1743166479691262236] 1
[1743166479691277695] 1
[1743166479691288195] 1
[1743166479691298486] 1
[1743166479691310445] 1
[1743166479691331820] 1
[1743166479691346903] 1
[1743166479692154450] 1
[1743166479692231492] 1
[1743166479692247992] 1
[1743166479692262076] 1
[1743166479692276034] 1
[1743166479692288826] 1
[1743166479692301576] 1
[1743166479692314618] 1
[1743166479699420620] 1
[1743166479920864190] 1
[1743166479923976542] 1
[1743166479924059876] 1
[1743166479924209294] 1
[1743166479924859673] 1
[1743166480186775094] 1
[1743166480187177304] 1
[1743166480187413931] 1
[1743166480190250449] 1
[1743166480190465825] 1
[1743166480440074677] 1
[1743166480440269929] 1
[1743166480440344679] 1
[1743166480443367115] 1
[1743166480444529747] 1
[1743166480692686382] 1
[1743166480692777799] 1
[1743166480692822675] 1
[1743166480692917300] 1
[1743166480692972884] 1
[1743166480692985717] 1
[1743166480692997592] 1
[1743166480693012759] 1
[1743166480693026301] 1
[1743166480693043801] 1
[1743166480693068759] 1
[1743166480693245011] 1
[1743166480693260677] 1
[1743166480693285886] 1
[1743166480693299969] 1
[1743166480702120566] 1
[1743166480702289775] 1
[1743166480702374818] 1
[1743166480702494235] 1
[1743166480702563235] 1
[1743166480702627361] 1
[1743166480705392087] 1
[1743166480706522927] 1
[1743166480710315284] 1
[1743166480946519011] 1
[1743166480946851930] 1
[1743166480950296951] 1
[1743166480950535744] 1
[1743166481222476259] 1
[1743166481232196445] 1
[1743166481232313738] 1
[1743166481232386405] 1
[1743166481233292452] 1
[1743166481458051923] 1
[1743166481458320841] 1
[1743166481464765799] 1
[1743166481467164147] 1
[1743166481467427357] 1
[1743166481703394023] 1
[1743166481703499482] 1
[1743166481703528108] 1
[1743166481703537483] 1
[1743166481703546608] 1
[1743166481703556524] 1
[1743166481703567233] 1
[1743166481703576150] 1
[1743166481703588900] 1
[1743166481703607650] 1
[1743166481703619358] 1
[1743166481703663608] 1
[1743166481703692067] 1
[1743166481703707734] 1
[1743166481703721775] 1
[1743166481703735692] 1
[1743166481717015610] 1
[1743166481717266403] 1
[1743166481717523988] 1
[1743166481717631447] 1
[1743166481723648777] 1
[1743166481723694236] 1
[1743166481723757653] 1
[1743166481728184556] 1
[1743166481728517975] 1
[1743166481977450140] 1
[1743166481977812851] 1
[1743166481984640602] 1
[1743166481984934854] 1
[1743166481985454274] 1
[1743166482225815699] 1
[1743166482232348241] 1
[1743166482232554743] 1
[1743166482236000723] 1
[1743166482236374226] 1
[1743166482705772381] 1
[1743166482706618678] 1
[1743166482706973305] 1
[1743166482707190098] 1
[1743166482707267724] 1
[1743166482707309849] 1
[1743166482707394808] 1
[1743166482707468850] 1
[1743166482707558017] 1
[1743166482707695852] 1
[1743166482707750977] 1
[1743166482795547919] 1
[1743166482795706586] 1
[1743166482795772712] 1
[1743166482795802254] 1
[1743166482802506505] 1
[1743166482802543464] 1
[1743166482802576006] 1
[1743166482802866341] 1
[1743166482805892694] 1
[1743166483709991142] 1
[1743166483710419561] 1
[1743166483837826605] 1
[1743166483837932231] 1
[1743166483837974523] 1
[1743166483838028690] 1
[1743166483838100565] 1
[1743166483838160565] 1
[1743166483838222524] 1
[1743166483838325108] 1
[1743166483838382984] 1
[1743166483847885129] 1
[1743166483848072047] 1
[1743166483848129672] 1
[1743166483848203006] 1
[1743166483848320632] 1
[1743166483848394424] 1
[1743166483848477175] 1
[1743166483849146429] 1
[1743166483849966559] 1
[1743166484714264044] 1
[1743166484714559171] 1
[1743166484871376839] 1
[1743166484871522215] 1
[1743166484871714091] 1
[1743166484871764050] 1
[1743166484871930093] 1
[1743166484872029010] 1
[1743166484876449998] 1
[1743166484876563999] 1
[1743166484876691083] 1
[1743166484877170878] 1
[1743166484877611547] 1
[1743166484877673131] 1
[1743166484877718173] 1
[1743166484877780173] 1
[1743166484879931938] 1
[1743166484879975980] 1
[1743166484880051563] 1
[1743166485716443320] 1
[1743166485716981282] 1
[1743166485717127033] 1
[1743166485717726412] 1
[1743166485717778663] 1
[1743166485717814663] 1
[1743166485717886164] 1
[1743166485718104832] 1
[1743166485718146249] 1
[1743166485718207082] 1
[1743166485852985367] 1
[1743166485856938644] 1
[1743166485857220062] 1
[1743166485857367521] 1
[1743166485857500106] 1
[1743166485857669315] 1
[1743166485857779066] 1
[1743166485857856275] 1
[1743166485857906483] 1
[1743166485861171339] 1
[1743166486719908076] 1
[1743166486720502164] 1
[1743166486720566664] 1
[1743166486720660790] 1
[1743166486720849666] 1
[1743166486720990084] 1
[1743166486721103251] 1
[1743166486721167876] 1
[1743166486721222752] 1
[1743166486721277711] 1
[1743166486721398795] 1
[1743166486721465545] 1
[1743166486721530629] 1
[1743166486721585588] 1
[1743166486721627671] 1
[1743166486783308593] 1
[1743166486787393330] 1
[1743166486787528414] 1
[1743166486787596748] 1
[1743166486787737415] 1
[1743166487724430808] 1
[1743166487861956512] 1
[1743166487862089221] 1
[1743166487862413182] 1
[1743166487862532974] 1
[1743166487862628933] 1
[1743166487862684559] 1
[1743166487862730767] 1
[1743166487862768184] 1
[1743166487862811226] 1
[1743166487869622315] 1
[1743166487869722858] 1
[1743166487869831817] 1
[1743166487869927192] 1
[1743166487869980734] 1
[1743166487870019276] 1
[1743166487870055235] 1
[1743166487870579822] 1
[1743166487873473259] 1
[1743166488727604207] 1
[1743166488728246753] 1
[1743166488728570880] 1
[1743166488858185166] 1
[1743166488858331084] 1
[1743166488858442251] 1
[1743166488858496627] 1
[1743166488858538919] 1
[1743166488858617877] 1
[1743166488858717337] 1
[1743166488858780712] 1
[1743166488870316293] 1
[1743166488870458336] 1
[1743166488870527711] 1
[1743166488870587545] 1
[1743166488870639295] 1
[1743166488870692004] 1
[1743166488873254355] 1
[1743166488873426773] 1
[1743166488873519607] 1
[1743166489731906496] 1
[1743166489733039046] 1
[1743166489733467299] 1
[1743166489866560538] 1
[1743166489870217106] 1
[1743166489870285314] 1
[1743166489870337106] 1
[1743166489870435774] 1
[1743166489870525899] 1
[1743166489870588650] 1
[1743166489870645567] 1
[1743166489876389400] 1
[1743166489876452692] 1
[1743166489876550692] 1
[1743166489876639985] 1
[1743166489876671027] 1
[1743166489876711360] 1
[1743166489877413073] 1
[1743166489897249548] 1
[1743166489900361153] 1
[1743166489900410362] 1
[1743166489900470571] 1
[1743166489900515155] 1
[1743166489901179159] 1
[1743166489902285125] 1
[1743166490144139942] 1
[1743166490144590737] 1
[1743166490145401785] 1
[1743166490154646768] 1
[1743166490736720629] 1
[1743166490737254425] 1
[1743166490737417717] 1
[1743166490737696094] 1
[1743166490737761637] 1
[1743166490737823179] 1
[1743166490737865512] 1
[1743166490737902263] 1
[1743166490738102181] 1
[1743166490824353302] 1
[1743166490824486845] 1
[1743166490824542095] 1
[1743166490824603554] 1
[1743166490824665846] 1
[1743166490836301597] 1
[1743166490836405181] 1
[1743166490836487640] 1
[1743166490836802309] 1
[1743166490837494522] 1
[1743166490837652648] 1
[1743166491741253473] 1
[1743166491742007812] 1
[1743166491868293692] 1
[1743166491868451193] 1
[1743166491868504443] 1
[1743166491868784237] 1
[1743166491868926113] 1
[1743166491869209365] 1
[1743166491869332616] 1
[1743166491869464159] 1
[1743166491869522159] 1
[1743166491880798700] 1
[1743166491880854450] 1
[1743166491880888159] 1
[1743166491880931325] 1
[1743166491881112160] 1
[1743166491881408829] 1
[1743166491884119515] 1
[1743166491884408893] 1
[1743166491884522102] 1
[1743166492744309561] 1
[1743166492744928315] 1
[1743166492745836572] 1
[1743166492871058538] 1
[1743166492871284998] 1
[1743166492871444666] 1
[1743166492871513333] 1
[1743166492871563333] 1
[1743166492871881169] 1
[1743166492871971836] 1
[1743166492886412276] 1
[1743166492886495777] 1
[1743166492886575944] 1
[1743166492886706820] 1
[1743166492886772112] 1
[1743166492886810321] 1
[1743166492887305116] 1
[1743166492888065288] 1
[1743166492888237831] 1
[1743166493748799577] 1
[1743166493749640000] 1
[1743166493749763085] 1
[1743166493878350294] 1
[1743166493885254637] 1
[1743166493885394514] 1
[1743166493885440681] 1
[1743166493885483389] 1
[1743166493885523639] 1
[1743166493885589390] 1
[1743166493886347521] 1
[1743166493886469897] 1
[1743166493889395668] 1
[1743166493889638629] 1
[1743166493889763254] 1
[1743166493889955131] 1
[1743166493889999173] 1
[1743166493893756118] 1
[1743166493893843368] 1
[1743166493897732897] 1
[1743166494751790500] 1
[1743166494752304754] 1
[1743166494755469445] 1
[1743166494881181810] 1
[1743166494881421395] 1
[1743166494881544521] 1
[1743166494881628647] 1
[1743166494881775106] 1
[1743166494881851149] 1
[1743166494882088525] 1
[1743166494882146276] 1
[1743166494882204401] 1
[1743166494888272030] 1
[1743166494888356114] 1
[1743166494888535116] 1
[1743166494888606741] 1
[1743166494888648200] 1
[1743166494888691200] 1
[1743166494888743367] 1
[1743166494888792284] 1
[1743166495757855821] 1
[1743166495758323908] 1
[1743166495881417639] 1
[1743166495881598849] 1
[1743166495881685724] 1
[1743166495884558080] 1
[1743166495884614955] 1
[1743166495884652747] 1
[1743166495884694956] 1
[1743166495884731164] 1
[1743166495891081338] 1
[1743166495891127421] 1
[1743166495891171588] 1
[1743166495891212422] 1
[1743166495891244964] 1
[1743166495891387882] 1
[1743166495891518633] 1
[1743166495891574800] 1
[1743166495895037868] 1
[1743166496760124737] 1
[1743166496760876409] 1
[1743166496761190287] 1
[1743166496761629790] 1
[1743166496761933626] 1
[1743166496761987751] 1
[1743166496762035918] 1
[1743166496762129794] 1
[1743166496762175961] 1
[1743166496762265086] 1
[1743166496762309879] 1
[1743166496762356546] 1
[1743166496762409296] 1
[1743166496762473546] 1
[1743166496762519588] 1
[1743166496824876486] 1
[1743166496825020654] 1
[1743166496825076071] 1
[1743166496825127404] 1
[1743166496829373146] 1
[1743166497765280630] 1
[1743166497907002025] 1
[1743166497907305486] 1
[1743166497907383278] 1
[1743166497907498279] 1
[1743166497907535029] 1
[1743166497907566238] 1
[1743166497907593738] 1
[1743166497907625113] 1
[1743166497907658072] 1
[1743166497919184703] 1
[1743166497919615957] 1
[1743166497919681957] 1
[1743166497919716499] 1
[1743166497919748708] 1
[1743166497919775125] 1
[1743166497919801208] 1
[1743166497919826167] 1
[1743166497922645189] 1
[1743166498768751964] 1
[1743166498769852097] 1
[1743166498770111224] 1
[1743166498770160391] 1
[1743166498898113565] 1
[1743166498901273798] 1
[1743166498901334798] 1
[1743166498901378715] 1
[1743166498901410799] 1
[1743166498901468758] 1
[1743166498901625801] 1
[1743166498901678634] 1
[1743166498907284220] 1
[1743166498907352304] 1
[1743166498907748182] 1
[1743166498907785682] 1
[1743166498907823516] 1
[1743166498907889142] 1
[1743166498908505980] 1
[1743166498911652296] 1
[1743166499771748580] 1
[1743166499772368835] 1
[1743166499772496336] 1
[1743166499902183158] 1
[1743166499902333492] 1
[1743166499902423076] 1
[1743166499902476452] 1
[1743166499902521910] 1
[1743166499902590411] 1
[1743166499902626495] 1
[1743166499902671953] 1
[1743166499914433047] 1
[1743166499914484964] 1
[1743166499914544423] 1
[1743166499914582923] 1
[1743166499914759883] 1
[1743166499914816508] 1
[1743166499915263595] 1
[1743166499915952809] 1
[1743166499916008018] 1
[1743166500774329769] 1
[1743166500775308069] 1
[1743166500903173803] 1
[1743166500903343762] 1
[1743166500903454930] 1
[1743166500903557014] 1
[1743166500903617598] 1
[1743166500903656723] 1
[1743166500906583497] 1
[1743166500906644622] 1
[1743166500915909780] 1
[1743166500915980989] 1
[1743166500916142490] 1
[1743166500916181990] 1
[1743166500916257199] 1
[1743166500916317825] 1
[1743166500916767370] 1
[1743166500919777019] 1
[1743166500919824270] 1
[1743166501778007960] 1
[1743166501778723340] 1
[1743166501778796299] 1
[1743166501890779872] 1
[1743166501890937707] 1
[1743166501890997416] 1
[1743166501891086417] 1
[1743166501891212126] 1
[1743166501891246835] 1
[1743166501891360002] 1
[1743166501891404752] 1
[1743166501900552868] 1
[1743166501900631327] 1
[1743166501900675286] 1
[1743166501900764870] 1
[1743166501900838287] 1
[1743166501900878704] 1
[1743166501901539501] 1
[1743166501904463275] 1
[1743166501904510609] 1
[1743166502782032227] 1
[1743166502783319154] 1
[1743166502912084706] 1
[1743166502912191207] 1
[1743166502912233832] 1
[1743166502912391917] 1
[1743166502912435709] 1
[1743166502912566668] 1
[1743166502912603210] 1
[1743166502912637127] 1
[1743166502924458598] 1
[1743166502924539557] 1
[1743166502924758393] 1
[1743166502924819601] 1
[1743166502924865560] 1
[1743166502924920852] 1
[1743166502925437106] 1
[1743166502928344880] 1
[1743166502928449881] 1
[1743166503785922858] 1
[1743166503786687322] 1
[1743166503786898282] 1
[1743166503914432542] 1
[1743166503914541667] 1
[1743166503914636752] 1
[1743166503914667252] 1
[1743166503914694919] 1
[1743166503914722294] 1
[1743166503915096297] 1
[1743166503915139964] 1
[1743166503926613017] 1
[1743166503926671809] 1
[1743166503926726143] 1
[1743166503926764393] 1
[1743166503926832644] 1
[1743166503926867561] 1
[1743166503929707501] 1
[1743166503929819793] 1
[1743166503929865669] 1
[1743166504789450057] 1
[1743166504790590525] 1
[1743166504790690068] 1
[1743166504869086678] 1
[1743166504869255929] 1
[1743166504869290179] 1
[1743166504869328971] 1
[1743166504869602640] 1
[1743166504869801100] 1
[1743166504870269896] 1
[1743166554325904902] 0 : Request cancelled by client due to FailedTimeout
[1743166554374911276] 0 : Request cancelled by client due to FailedTimeout
[1743166554427032341] 0 : Request cancelled by client due to FailedTimeout
[1743166554481383964] 0 : Request cancelled by client due to FailedTimeout
[1743166554527829944] 0 : Request cancelled by client due to FailedTimeout
[1743166554578326288] 0 : Request cancelled by client due to FailedTimeout
[1743166554630363602] 0 : Request cancelled by client due to FailedTimeout
[1743166554681252157] 0 : Request cancelled by client due to FailedTimeout
[1743166554732709050] 0 : Request cancelled by client due to FailedTimeout
[1743166554783876690] 0 : Request cancelled by client due to FailedTimeout
[1743166554834003948] 0 : Request cancelled by client due to FailedTimeout
[1743166554885360590] 0 : Request cancelled by client due to FailedTimeout
[1743166554935575015] 0 : Request cancelled by client due to FailedTimeout
[1743166554985533313] 0 : Request cancelled by client due to FailedTimeout
[1743166555037474254] 0 : Request cancelled by client due to FailedTimeout
[1743166555088409355] 0 : Request cancelled by client due to FailedTimeout
[1743166555139722792] 0 : Request cancelled by client due to FailedTimeout
[1743166555191307231] 0 : Request cancelled by client due to FailedTimeout
[1743166555242749128] 0 : Request cancelled by client due to FailedTimeout
[1743166555292978307] 0 : Request cancelled by client due to FailedTimeout
[1743166555344639163] 0 : Request cancelled by client due to FailedTimeout
[1743166555396259728] 0 : Request cancelled by client due to FailedTimeout
[1743166555448548339] 0 : Request cancelled by client due to FailedTimeout
[1743166555500946618] 0 : Request cancelled by client due to FailedTimeout
[1743166555551661967] 0 : Request cancelled by client due to FailedTimeout
[1743166555603862162] 0 : Request cancelled by client due to FailedTimeout
[1743166555657451116] 0 : Request cancelled by client due to FailedTimeout
[1743166555706691163] 0 : Request cancelled by client due to FailedTimeout
[1743166555757635722] 0 : Request cancelled by client due to FailedTimeout
[1743166555809328579] 0 : Request cancelled by client due to FailedTimeout
[1743166555859747092] 0 : Request cancelled by client due to FailedTimeout
[1743166555911139363] 0 : Request cancelled by client due to FailedTimeout
[1743166555963958896] 0 : Request cancelled by client due to FailedTimeout
[1743166556014954623] 0 : Request cancelled by client due to FailedTimeout
[1743166556068016994] 0 : Request cancelled by client due to FailedTimeout
[1743166556120189525] 0 : Request cancelled by client due to FailedTimeout
[1743166556172062595] 0 : Request cancelled by client due to FailedTimeout
[1743166556222170860] 0 : Request cancelled by client due to FailedTimeout
[1743166556274272766] 0 : Request cancelled by client due to FailedTimeout
[1743166556325004744] 0 : Request cancelled by client due to FailedTimeout
[1743166556377998698] 0 : Request cancelled by client due to FailedTimeout
[1743166556428598966] 0 : Request cancelled by client due to FailedTimeout
[1743166556480599163] 0 : Request cancelled by client due to FailedTimeout
[1743166556531919687] 0 : Request cancelled by client due to FailedTimeout
[1743166556583091252] 0 : Request cancelled by client due to FailedTimeout
[1743166556635749037] 0 : Request cancelled by client due to FailedTimeout
[1743166556698743110] 0 : Request cancelled by client due to FailedTimeout
[1743166556738040041] 0 : Request cancelled by client due to FailedTimeout
[1743166556788847478] 0 : Request cancelled by client due to FailedTimeout
[1743166556844211867] 0 : Request cancelled by client due to FailedTimeout
[1743166556892017906] 0 : Request cancelled by client due to FailedTimeout
[1743166556943027844] 0 : Request cancelled by client due to FailedTimeout
[1743166556994432327] 0 : Request cancelled by client due to FailedTimeout
[1743166557045969356] 0 : Request cancelled by client due to FailedTimeout
[1743166557097506344] 0 : Request cancelled by client due to FailedTimeout
[1743166557149229084] 0 : Request cancelled by client due to FailedTimeout
[1743166557200439361] 0 : Request cancelled by client due to FailedTimeout
[1743166557252240101] 0 : Request cancelled by client due to FailedTimeout
[1743166557305845689] 0 : Request cancelled by client due to FailedTimeout
[1743166557357967640] 0 : Request cancelled by client due to FailedTimeout
[1743166557405454263] 0 : Request cancelled by client due to FailedTimeout
[1743166557457419046] 0 : Request cancelled by client due to FailedTimeout
[1743166557510492587] 0 : Request cancelled by client due to FailedTimeout
[1743166557559534972] 0 : Request cancelled by client due to FailedTimeout
[1743166557610100328] 0 : Request cancelled by client due to FailedTimeout
[1743166557659836843] 0 : Request cancelled by client due to FailedTimeout
[1743166557710868661] 0 : Request cancelled by client due to FailedTimeout
[1743166557762292731] 0 : Request cancelled by client due to FailedTimeout
[1743166557814422057] 0 : Request cancelled by client due to FailedTimeout
[1743166557865534417] 0 : Request cancelled by client due to FailedTimeout
[1743166557915979021] 0 : Request cancelled by client due to FailedTimeout
[1743166557967842929] 0 : Request cancelled by client due to FailedTimeout
[1743166558017656987] 0 : Request cancelled by client due to FailedTimeout
[1743166558069386106] 0 : Request cancelled by client due to FailedTimeout
[1743166558121407684] 0 : Request cancelled by client due to FailedTimeout
[1743166558172040461] 0 : Request cancelled by client due to FailedTimeout
[1743166558223669370] 0 : Request cancelled by client due to FailedTimeout
[1743166558276222203] 0 : Request cancelled by client due to FailedTimeout
[1743166558327686777] 0 : Request cancelled by client due to FailedTimeout
[1743166558378122968] 0 : Request cancelled by client due to FailedTimeout
[1743166558430504967] 0 : Request cancelled by client due to FailedTimeout
[1743166558481388703] 0 : Request cancelled by client due to FailedTimeout
[1743166558533237906] 0 : Request cancelled by client due to FailedTimeout
[1743166558586183658] 0 : Request cancelled by client due to FailedTimeout
[1743166558636554432] 0 : Request cancelled by client due to FailedTimeout
[1743166558691563618] 0 : Request cancelled by client due to FailedTimeout
[1743166558741653098] 0 : Request cancelled by client due to FailedTimeout
[1743166558794084806] 0 : Request cancelled by client due to FailedTimeout
[1743166558844319287] 0 : Request cancelled by client due to FailedTimeout
[1743166558896837078] 0 : Request cancelled by client due to FailedTimeout
[1743166558947109185] 0 : Request cancelled by client due to FailedTimeout
[1743166558998047255] 0 : Request cancelled by client due to FailedTimeout
[1743166559048718409] 0 : Request cancelled by client due to FailedTimeout
[1743166559099779901] 0 : Request cancelled by client due to FailedTimeout
[1743166559149949177] 0 : Request cancelled by client due to FailedTimeout
[1743166559200660957] 0 : Request cancelled by client due to FailedTimeout
[1743166559252387829] 0 : Request cancelled by client due to FailedTimeout
[1743166559304666913] 0 : Request cancelled by client due to FailedTimeout
[1743166559355387943] 0 : Request cancelled by client due to FailedTimeout
[1743166559406472352] 0 : Request cancelled by client due to FailedTimeout
[1743166559458080056] 0 : Request cancelled by client due to FailedTimeout
[1743166559509842720] 0 : Request cancelled by client due to FailedTimeout
[1743166559561523383] 0 : Request cancelled by client due to FailedTimeout
[1743166559612048745] 0 : Request cancelled by client due to FailedTimeout
[1743166559663251446] 0 : Request cancelled by client due to FailedTimeout
[1743166559716274578] 0 : Request cancelled by client due to FailedTimeout
[1743166559766596313] 0 : Request cancelled by client due to FailedTimeout
[1743166559817136801] 0 : Request cancelled by client due to FailedTimeout
[1743166559867094075] 0 : Request cancelled by client due to FailedTimeout
[1743166559919009865] 0 : Request cancelled by client due to FailedTimeout
[1743166559970681403] 0 : Request cancelled by client due to FailedTimeout
[1743166560020703553] 0 : Request cancelled by client due to FailedTimeout
[1743166560072760681] 0 : Request cancelled by client due to FailedTimeout
[1743166560123720550] 0 : Request cancelled by client due to FailedTimeout
[1743166560174820754] 0 : Request cancelled by client due to FailedTimeout
[1743166560226121834] 0 : Request cancelled by client due to FailedTimeout
[1743166560276946577] 0 : Request cancelled by client due to FailedTimeout
[1743166560328640661] 0 : Request cancelled by client due to FailedTimeout
[1743166560379304027] 0 : Request cancelled by client due to FailedTimeout
[1743166560430517315] 0 : Request cancelled by client due to FailedTimeout
[1743166560480978722] 0 : Request cancelled by client due to FailedTimeout
[1743166560533116267] 0 : Request cancelled by client due to FailedTimeout
[1743166560585046811] 0 : Request cancelled by client due to FailedTimeout
[1743166560635576468] 0 : Request cancelled by client due to FailedTimeout
[1743166560686717755] 0 : Request cancelled by client due to FailedTimeout
[1743166560738334838] 0 : Request cancelled by client due to FailedTimeout
[1743166560788743786] 0 : Request cancelled by client due to FailedTimeout
[1743166560840476494] 0 : Request cancelled by client due to FailedTimeout
[1743166560891955701] 0 : Request cancelled by client due to FailedTimeout
[1743166560942664401] 0 : Request cancelled by client due to FailedTimeout
[1743166560994843322] 0 : Request cancelled by client due to FailedTimeout
[1743166561046012904] 0 : Request cancelled by client due to FailedTimeout
[1743166561098285787] 0 : Request cancelled by client due to FailedTimeout
[1743166561149468661] 0 : Request cancelled by client due to FailedTimeout
[1743166561201185707] 0 : Request cancelled by client due to FailedTimeout
[1743166561251716451] 0 : Request cancelled by client due to FailedTimeout
[1743166561302834783] 0 : Request cancelled by client due to FailedTimeout
[1743166561354901456] 0 : Request cancelled by client due to FailedTimeout
[1743166561406710210] 0 : Request cancelled by client due to FailedTimeout
[1743166561457510207] 0 : Request cancelled by client due to FailedTimeout
[1743166561509405337] 0 : Request cancelled by client due to FailedTimeout
[1743166561560309375] 0 : Request cancelled by client due to FailedTimeout
[1743166561612036462] 0 : Request cancelled by client due to FailedTimeout
[1743166561662773250] 0 : Request cancelled by client due to FailedTimeout
[1743166561714544171] 0 : Request cancelled by client due to FailedTimeout
[1743166561766360342] 0 : Request cancelled by client due to FailedTimeout
[1743166561825963201] 0 : Request cancelled by client due to FailedTimeout
[1743166561868630715] 0 : Request cancelled by client due to FailedTimeout
[1743166561919567837] 0 : Request cancelled by client due to FailedTimeout
[1743166561970777253] 0 : Request cancelled by client due to FailedTimeout
[1743166562021319456] 0 : Request cancelled by client due to FailedTimeout
[1743166562072724419] 0 : Request cancelled by client due to FailedTimeout
[1743166562123636795] 0 : Request cancelled by client due to FailedTimeout
[1743166562174847673] 0 : Request cancelled by client due to FailedTimeout
[1743166562226573138] 0 : Request cancelled by client due to FailedTimeout
[1743166562278995776] 0 : Request cancelled by client due to FailedTimeout
[1743166562329982694] 0 : Request cancelled by client due to FailedTimeout
[1743166562380223772] 0 : Request cancelled by client due to FailedTimeout
[1743166562431353108] 0 : Request cancelled by client due to FailedTimeout
[1743166562482948072] 0 : Request cancelled by client due to FailedTimeout
[1743166562533660613] 0 : Request cancelled by client due to FailedTimeout
[1743166562586045792] 0 : Request cancelled by client due to FailedTimeout
[1743166562636313912] 0 : Request cancelled by client due to FailedTimeout
[1743166562687788876] 0 : Request cancelled by client due to FailedTimeout
[1743166562738889919] 0 : Request cancelled by client due to FailedTimeout
[1743166562790465967] 0 : Request cancelled by client due to FailedTimeout
[1743166562867943810] 0 : Request cancelled by client due to FailedTimeout
[1743166562892746971] 0 : Request cancelled by client due to FailedTimeout
[1743166562942676172] 0 : Request cancelled by client due to FailedTimeout
[1743166562993598256] 0 : Request cancelled by client due to FailedTimeout
[1743166563044628302] 0 : Request cancelled by client due to FailedTimeout
[1743166563095503555] 0 : Request cancelled by client due to FailedTimeout
[1743166563146699561] 0 : Request cancelled by client due to FailedTimeout
[1743166563197731441] 0 : Request cancelled by client due to FailedTimeout
[1743166563249213825] 0 : Request cancelled by client due to FailedTimeout
[1743166563299964702] 0 : Request cancelled by client due to FailedTimeout
[1743166563351904048] 0 : Request cancelled by client due to FailedTimeout
[1743166563403162471] 0 : Request cancelled by client due to FailedTimeout
[1743166563454432978] 0 : Request cancelled by client due to FailedTimeout
[1743166563504965520] 0 : Request cancelled by client due to FailedTimeout
[1743166563556221277] 0 : Request cancelled by client due to FailedTimeout
[1743166563607128114] 0 : Request cancelled by client due to FailedTimeout
[1743166563659012042] 0 : Request cancelled by client due to FailedTimeout
[1743166563710653760] 0 : Request cancelled by client due to FailedTimeout
[1743166563761204053] 0 : Request cancelled by client due to FailedTimeout
[1743166563812885355] 0 : Request cancelled by client due to FailedTimeout
[1743166563863366730] 0 : Request cancelled by client due to FailedTimeout
[1743166563915335784] 0 : Request cancelled by client due to FailedTimeout
[1743166563967245546] 0 : Request cancelled by client due to FailedTimeout
[1743166564018652805] 0 : Request cancelled by client due to FailedTimeout
[1743166564070148150] 0 : Request cancelled by client due to FailedTimeout
[1743166564121040240] 0 : Request cancelled by client due to FailedTimeout
[1743166564171750537] 0 : Request cancelled by client due to FailedTimeout
[1743166564224605186] 0 : Request cancelled by client due to FailedTimeout
[1743166564275844904] 0 : Request cancelled by client due to FailedTimeout
[1743166564326892120] 0 : Request cancelled by client due to FailedTimeout
[1743166564379446433] 0 : Request cancelled by client due to FailedTimeout
[1743166564430409732] 0 : Request cancelled by client due to FailedTimeout
[1743166564482333664] 0 : Request cancelled by client due to FailedTimeout
[1743166564533369380] 0 : Request cancelled by client due to FailedTimeout
[1743166564595102561] 0 : Request cancelled by client due to FailedTimeout
[1743166564654369387] 0 : Request cancelled by client due to FailedTimeout
[1743166564668516755] 1
[1743166564668620256] 1
[1743166564696419821] 0 : Request cancelled by client due to FailedTimeout
[1743166564740972900] 1
[1743166564741135609] 1
[1743166564741197277] 1
[1743166564742334161] 0 : Request cancelled by client due to FailedTimeout
[1743166564763217335] 1
[1743166564763309377] 1
[1743166564766460945] 1
[1743166564766521321] 1
[1743166564766617905] 1
[1743166564768365253] 1
[1743166564774564388] 1
[1743166564774613096] 1
[1743166564774658680] 1
[1743166564774696097] 1
[1743166564774758848] 1
[1743166564774795015] 1
[1743166564774981683] 1
[1743166564789354802] 1
[1743166564789420761] 1
[1743166564789481970] 1
[1743166564789601471] 1
[1743166564791631321] 0 : Request cancelled by client due to FailedTimeout
[1743166564817060991] 1
[1743166564817125409] 1
[1743166564817182159] 1
[1743166564817243118] 1
[1743166564820461895] 1
[1743166564820575312] 1
[1743166564820633729] 1
[1743166564820864106] 1
[1743166564820946107] 1
[1743166564820991066] 1
[1743166564843033166] 1
[1743166564843108583] 1
[1743166564843162209] 1
[1743166564843274584] 1
[1743166564843319543] 1
[1743166564843392752] 1
[1743166564868477753] 1
[1743166564868611795] 1
[1743166564868692129] 1
[1743166564868955340] 0 : Request cancelled by client due to FailedTimeout
[1743166564916534528] 0 : Request cancelled by client due to FailedTimeout
[1743166564918986715] 1
[1743166564919126507] 1
[1743166564919192425] 1
[1743166564919264300] 1
[1743166564920065057] 1
[1743166564934221841] 1
[1743166564934283175] 1
[1743166564934356842] 1
[1743166564934490844] 1
[1743166564971498818] 0 : Request cancelled by client due to FailedTimeout
[1743166565017358742] 1
[1743166565017759662] 1
[1743166565017804038] 1
[1743166565017843163] 1
[1743166565017974664] 1
[1743166565018061748] 1
[1743166565018165707] 1
[1743166565018325667] 1
[1743166565018422710] 1
[1743166565018507169] 1
[1743166565018558419] 1
[1743166565018597503] 1
[1743166565037344160] 1
[1743166565037407452] 1
[1743166565037455203] 1
[1743166565037508620] 1
[1743166565037667704] 1
[1743166565037740288] 1
[1743166565037793664] 1
[1743166565037848414] 1
[1743166565039730930] 0 : Request cancelled by client due to FailedTimeout
[1743166565061880032] 1
[1743166565065282894] 1
[1743166565065403937] 1
[1743166565071161235] 1
[1743166565071233194] 1
[1743166565071439113] 1
[1743166565071561197] 1
[1743166565076117735] 0 : Request cancelled by client due to FailedTimeout
[1743166565092914418] 1
[1743166565092990460] 1
[1743166565098710841] 1
[1743166565098786300] 1
[1743166565099140553] 1
[1743166565107599124] 1
[1743166565107668875] 1
[1743166565107726500] 1
[1743166565120648734] 1
[1743166565120708484] 1
[1743166565132672751] 1
[1743166565132727335] 1
[1743166565132772419] 1
[1743166565132854711] 1
[1743166565132906253] 1
[1743166565132980837] 1
[1743166565133856844] 0 : Request cancelled by client due to FailedTimeout
[1743166565185054690] 0 : Request cancelled by client due to FailedTimeout
[1743166565209049100] 1
[1743166565209111642] 1
[1743166565209174184] 1
[1743166565209296477] 1
[1743166565248089344] 0 : Request cancelled by client due to FailedTimeout
[1743166565264484148] 1
[1743166565264589649] 1
[1743166565264630983] 1
[1743166565264676608] 1
[1743166565313769978] 1
[1743166565313867770] 1
[1743166565313912896] 1
[1743166565314001397] 1
[1743166565314035688] 1
[1743166565314098731] 1
[1743166565314142273] 1
[1743166565314175648] 1
[1743166565314205523] 1
[1743166565314255565] 1
[1743166565316488626] 0 : Request cancelled by client due to FailedTimeout
[1743166565330640994] 1
[1743166565330737495] 1
[1743166565357292885] 1
[1743166565357388927] 1
[1743166565357487928] 1
[1743166565357569095] 1
[1743166565357670888] 1
[1743166565357733680] 1
[1743166565357824639] 1
[1743166565357957807] 1
[1743166565358109683] 1
[1743166565358174059] 1
[1743166565358213184] 1
[1743166565358250393] 1
[1743166565358292476] 1
[1743166565358367394] 1
[1743166565358574729] 1
[1743166565358617104] 1
[1743166565358660688] 1
[1743166565361266293] 0 : Request cancelled by client due to FailedTimeout
[1743166565397078635] 1
[1743166565397164386] 1
[1743166565397272428] 1
[1743166565397328179] 1
[1743166565397420596] 1
[1743166565397495680] 1
[1743166565397540389] 1
[1743166565398805358] 0 : Request cancelled by client due to FailedTimeout
[1743166565451518175] 1
[1743166565451622134] 1
[1743166565451685134] 1
[1743166565451757343] 1
[1743166565451989012] 1
[1743166565452078846] 1
[1743166565453216106] 0 : Request cancelled by client due to FailedTimeout
[1743166565521815431] 0 : Request cancelled by client due to FailedTimeout
[1743166565521840848] 0 : Request cancelled by client due to FailedTimeout
[1743166565538792698] 1
[1743166565538838907] 1
[1743166565538874699] 1
[1743166565538927241] 1
[1743166565538983950] 1
[1743166565587905652] 1
[1743166565588161862] 1
[1743166565588228071] 1
[1743166565588285738] 1
[1743166565588339405] 1
[1743166565588449615] 1
[1743166565588609324] 1
[1743166565588671575] 1
[1743166565588709117] 1
[1743166565588752867] 1
[1743166565588872493] 1
[1743166565591435806] 0 : Request cancelled by client due to FailedTimeout
[1743166565608176988] 1
[1743166565634237665] 1
[1743166565634302457] 1
[1743166565634338999] 1
[1743166565634439750] 1
[1743166565634504876] 1
[1743166565634556376] 1
[1743166565634628752] 1
[1743166565634694461] 1
[1743166565634750961] 1
[1743166565635002713] 1
[1743166565635050839] 1
[1743166565638222699] 0 : Request cancelled by client due to FailedTimeout
[1743166565674623296] 1
[1743166565674827756] 1
[1743166565674912090] 1
[1743166565700965641] 1
[1743166565701062809] 1
[1743166565701106684] 1
[1743166565701140560] 1
[1743166565701172143] 1
[1743166565701212560] 1
[1743166565701246435] 1
[1743166565702306278] 0 : Request cancelled by client due to FailedTimeout
[1743166565760636350] 0 : Request cancelled by client due to FailedTimeout
[1743166565767415407] 1
[1743166565767497033] 1
[1743166565767574200] 1
[1743166565767616200] 1
[1743166565767922703] 1
[1743166565768050746] 1
[1743166565782270282] 1
[1743166565782341907] 1
[1743166565782387741] 1
[1743166565782420074] 1
[1743166565782494575] 1
[1743166565782701868] 1
[1743166565782970287] 1
[1743166565783026121] 1
[1743166565783064538] 1
[1743166565783120580] 1
[1743166565783158956] 1
[1743166565785150389] 0 : Request cancelled by client due to FailedTimeout
[1743166565785233890] 1
[1743166565785274015] 1
[1743166565785328557] 1
[1743166565796092772] 1
[1743166565796165106] 1
[1743166565796235274] 1
[1743166565801161398] 1
[1743166565801332483] 1
[1743166565829051132] 0 : Request cancelled by client due to FailedTimeout
[1743166565834563303] 1
[1743166565881952909] 0 : Request cancelled by client due to FailedTimeout
[1743166565950484942] 1
[1743166565951002488] 1
[1743166565951154989] 1
[1743166565951215073] 1
[1743166565951269699] 1
[1743166565951874995] 1
[1743166565951941079] 1
[1743166565951997496] 1
[1743166565952050997] 1
[1743166565952670252] 1
[1743166565952725294] 1
[1743166565952774836] 1
[1743166565954442059] 1
[1743166565954500434] 1
[1743166565954552685] 1
[1743166565954601977] 1
[1743166565955132439] 1
[1743166565955188357] 1
[1743166565955274566] 1
[1743166565957217499] 0 : Request cancelled by client due to FailedTimeout
[1743166565984464977] 0 : Request cancelled by client due to FailedTimeout
[1743166566007416961] 1
[1743166566007521754] 1
[1743166566007576254] 1
[1743166566007613838] 1
[1743166566009050475] 1
[1743166566009121226] 1
[1743166566009156184] 1
[1743166566012894216] 1
[1743166566012973175] 1
[1743166566013476721] 1
[1743166566013572097] 1
[1743166566013620014] 1
[1743166566013679556] 1
[1743166566013737181] 1
[1743166566013782473] 1
[1743166566013831349] 1
[1743166566013920766] 1
[1743166566014003350] 1
[1743166566014049434] 1
[1743166566014091643] 1
[1743166566033826726] 0 : Request cancelled by client due to FailedTimeout
[1743166566057941763] 1
[1743166566083745856] 1
[1743166566085081826] 0 : Request cancelled by client due to FailedTimeout
[1743166566136997681] 0 : Request cancelled by client due to FailedTimeout
[1743166566200618552] 0 : Request cancelled by client due to FailedTimeout
[1743166566223468995] 1
[1743166566226431561] 1
[1743166566226488104] 1
[1743166566226527354] 1
[1743166566226556854] 1
[1743166566226597771] 1
[1743166566238585456] 1
[1743166566238669665] 1
[1743166566238710332] 1
[1743166566238781874] 1
[1743166566238827916] 1
[1743166566238925417] 1
[1743166566240385263] 0 : Request cancelled by client due to FailedTimeout
[1743166566244630965] 1
[1743166566244695591] 1
[1743166566244739008] 1
[1743166566244808967] 1
[1743166566244872051] 1
[1743166566254979636] 1
[1743166566290254017] 0 : Request cancelled by client due to FailedTimeout
[1743166566309890558] 1
[1743166566341334157] 1
[1743166566341397866] 0 : Request cancelled by client due to FailedTimeout
[1743166566394374272] 0 : Request cancelled by client due to FailedTimeout
[1743166566455656206] 0 : Request cancelled by client due to FailedTimeout
[1743166566476237088] 1
[1743166566476644550] 1
[1743166566479932078] 1
[1743166566479991245] 1
[1743166566480504666] 1
[1743166566480562000] 1
[1743166566480686209] 1
[1743166566492093847] 1
[1743166566492143639] 1
[1743166566492211515] 1
[1743166566492248474] 1
[1743166566492311974] 1
[1743166566492341849] 1
[1743166566498102023] 1
[1743166566498170315] 1
[1743166566498222232] 1
[1743166566498297525] 1
[1743166566499781412] 0 : Request cancelled by client due to FailedTimeout
[1743166566508411110] 1
[1743166566549109329] 0 : Request cancelled by client due to FailedTimeout
[1743166566568782537] 1
[1743166566601137893] 0 : Request cancelled by client due to FailedTimeout
[1743166566655334268] 0 : Request cancelled by client due to FailedTimeout
[1743166566708181298] 0 : Request cancelled by client due to FailedTimeout
[1743166566728074341] 1
[1743166566728166633] 1
[1743166566728205300] 1
[1743166566728249009] 1
[1743166566728294468] 1
[1743166566728402302] 1
[1743166566728445094] 1
[1743166566737434295] 1
[1743166566737521087] 1
[1743166566737717130] 1
[1743166566737851298] 1
[1743166566738086342] 1
[1743166566738168759] 1
[1743166566740378403] 1
[1743166566740503154] 1
[1743166566754829108] 0 : Request cancelled by client due to FailedTimeout
[1743166566807390177] 0 : Request cancelled by client due to FailedTimeout
[1743166566861237507] 0 : Request cancelled by client due to FailedTimeout
[1743166566939628378] 0 : Request cancelled by client due to FailedTimeout
[1743166566958712372] 1
[1743166566958819957] 1
[1743166566958893374] 1
[1743166566958959416] 1
[1743166566959012917] 1
[1743166566959055542] 1
[1743166566959096126] 1
[1743166566959909049] 1
[1743166566959973841] 1
[1743166566960020800] 1
[1743166566960091009] 1
[1743166566960142884] 1
[1743166566960186718] 1
[1743166566960237219] 1
[1743166566960281427] 1
[1743166566960848432] 1
[1743166566961016392] 1
[1743166566961092684] 1
[1743166566970363054] 0 : Request cancelled by client due to FailedTimeout
[1743166567012998040] 0 : Request cancelled by client due to FailedTimeout
[1743166567019870723] 1
[1743166567020387853] 1
[1743166567020849857] 1
[1743166567024381220] 1
[1743166567024478262] 1
[1743166567025136351] 1
[1743166567025215727] 1
[1743166567025398479] 1
[1743166567025488854] 1
[1743166567025542896] 1
[1743166567025655647] 1
[1743166567025736148] 1
[1743166567025802065] 1
[1743166567029511722] 1
[1743166567029666390] 1
[1743166567034607849] 1
[1743166567039030095] 1
[1743166567066486620] 0 : Request cancelled by client due to FailedTimeout
[1743166567116190709] 0 : Request cancelled by client due to FailedTimeout
[1743166567195721594] 0 : Request cancelled by client due to FailedTimeout
[1743166567219578506] 0 : Request cancelled by client due to FailedTimeout
[1743166567243889671] 1
[1743166567243974713] 1
[1743166567244015505] 1
[1743166567244047547] 1
[1743166567244089923] 1
[1743166567244430717] 1
[1743166567250254808] 1
[1743166567250317267] 1
[1743166567250375434] 1
[1743166567250419935] 1
[1743166567250448393] 1
[1743166567250474310] 1
[1743166567250500144] 1
[1743166567254132466] 1
[1743166567254202342] 1
[1743166567270797483] 0 : Request cancelled by client due to FailedTimeout
[1743166567324622275] 0 : Request cancelled by client due to FailedTimeout
[1743166567374748784] 0 : Request cancelled by client due to FailedTimeout
[1743166567454045709] 0 : Request cancelled by client due to FailedTimeout
[1743166567477538992] 0 : Request cancelled by client due to FailedTimeout
[1743166567495627355] 1
[1743166567495820148] 1
[1743166567498804590] 1
[1743166567498873257] 1
[1743166567498927674] 1
[1743166567499007883] 1
[1743166567508277879] 1
[1743166567508329129] 1
[1743166567508360296] 1
[1743166567508389588] 1
[1743166567508446089] 1
[1743166567508494631] 1
[1743166567512397622] 1
[1743166567512444914] 1
[1743166567512482040] 1
[1743166567528548885] 0 : Request cancelled by client due to FailedTimeout
[1743166567580278158] 0 : Request cancelled by client due to FailedTimeout
[1743166567632143308] 0 : Request cancelled by client due to FailedTimeout
[1743166567709473424] 0 : Request cancelled by client due to FailedTimeout
[1743166567750509648] 0 : Request cancelled by client due to FailedTimeout
[1743166567752370206] 1
[1743166567752412664] 1
[1743166567752445706] 1
[1743166567752525249] 1
[1743166567752563499] 1
[1743166567756378573] 1
[1743166567764980813] 1
[1743166567765030230] 1
[1743166567765067439] 1
[1743166567765117731] 1
[1743166567765145981] 1
[1743166567766933246] 1
[1743166567769985397] 1
[1743166567770179774] 1
[1743166567770232649] 1
[1743166567785616030] 0 : Request cancelled by client due to FailedTimeout
[1743166567837177511] 0 : Request cancelled by client due to FailedTimeout
[1743166567888186945] 0 : Request cancelled by client due to FailedTimeout
[1743166567961065690] 0 : Request cancelled by client due to FailedTimeout
[1743166567964302176] 1
[1743166567964703429] 1
[1743166567964751679] 1
[1743166567964790305] 1
[1743166567964827680] 1
[1743166567964937681] 1
[1743166567965027265] 1
[1743166567965067599] 1
[1743166567965112474] 1
[1743166567965749146] 1
[1743166567965847022] 1
[1743166567965890231] 1
[1743166567965948648] 1
[1743166567966008273] 1
[1743166567966206900] 1
[1743166567966253942] 1
[1743166567966298651] 1
[1743166567966336318] 1
[1743166567966373777] 1
[1743166567991267613] 0 : Request cancelled by client due to FailedTimeout
[1743166567998834761] 1
[1743166567999547892] 1
[1743166568005477651] 1
[1743166568009173724] 1
[1743166568009354643] 1
[1743166568012548128] 1
[1743166568012854381] 1
[1743166568015857448] 1
[1743166568015916865] 1
[1743166568026693749] 1
[1743166568030578783] 1
[1743166568031070745] 1
[1743166568031116996] 1
[1743166568031159413] 1
[1743166568031189621] 1
[1743166568031216747] 1
[1743166568041702670] 0 : Request cancelled by client due to FailedTimeout
[1743166568094489580] 0 : Request cancelled by client due to FailedTimeout
[1743166568143912046] 0 : Request cancelled by client due to FailedTimeout
[1743166568221509044] 0 : Request cancelled by client due to FailedTimeout
[1743166568261797264] 0 : Request cancelled by client due to FailedTimeout
[1743166568264757831] 1
[1743166568264868374] 1
[1743166568264916666] 1
[1743166568264973916] 1
[1743166568265027458] 1
[1743166568265082042] 1
[1743166568277045895] 1
[1743166568277124479] 1
[1743166568277161229] 1
[1743166568277194563] 1
[1743166568277227438] 1
[1743166568278726117] 1
[1743166568282283731] 1
[1743166568282342940] 1
[1743166568282421607] 1
[1743166568298910790] 0 : Request cancelled by client due to FailedTimeout
[1743166568350824568] 0 : Request cancelled by client due to FailedTimeout
[1743166568401979465] 0 : Request cancelled by client due to FailedTimeout
[1743166568476299685] 0 : Request cancelled by client due to FailedTimeout
[1743166568519246095] 0 : Request cancelled by client due to FailedTimeout
[1743166568521718574] 1
[1743166568521769867] 1
[1743166568521820034] 1
[1743166568521867576] 1
[1743166568521933326] 1
[1743166568521972577] 1
[1743166568522097453] 1
[1743166568532089080] 1
[1743166568532257665] 1
[1743166568532872920] 1
[1743166568532928629] 1
[1743166568532967046] 1
[1743166568535040855] 1
[1743166568539153724] 1
[1743166568539217683] 1
[1743166568555438655] 0 : Request cancelled by client due to FailedTimeout
[1743166568607346350] 0 : Request cancelled by client due to FailedTimeout
[1743166568658688956] 0 : Request cancelled by client due to FailedTimeout
[1743166568727906883] 0 : Request cancelled by client due to FailedTimeout
[1743166568772401264] 0 : Request cancelled by client due to FailedTimeout
[1743166568774943911] 1
[1743166568775055037] 1
[1743166568775098996] 1
[1743166568775157204] 1
[1743166568775198413] 1
[1743166568775246497] 1
[1743166568782430392] 1
[1743166568782624643] 1
[1743166568782713478] 1
[1743166568782757645] 1
[1743166568784056239] 1
[1743166568784101823] 1
[1743166568787651728] 1
[1743166568813389157] 0 : Request cancelled by client due to FailedTimeout
[1743166568865854190] 0 : Request cancelled by client due to FailedTimeout
[1743166568917784968] 0 : Request cancelled by client due to FailedTimeout
[1743166568979796291] 1
[1743166568979902001] 1
[1743166568979935292] 1
[1743166568979965251] 1
[1743166568980022127] 1
[1743166568980054085] 1
[1743166568980085252] 1
[1743166568980115627] 1
[1743166568980147128] 1
[1743166568980180045] 1
[1743166568980750508] 1
[1743166568983081778] 1
[1743166568983136195] 1
[1743166568983209071] 1
[1743166568983267196] 1
[1743166568983346572] 1
[1743166568983384280] 1
[1743166568983422406] 1
[1743166568983526073] 0 : Request cancelled by client due to FailedTimeout
[1743166568989400249] 1
[1743166569020910644] 1
[1743166569024308799] 1
[1743166569024590385] 1
[1743166569028288666] 1
[1743166569028834171] 1
[1743166569028891130] 1
[1743166569028924630] 1
[1743166569029410301] 0 : Request cancelled by client due to FailedTimeout
[1743166569032544412] 1
[1743166569032626704] 1
[1743166569032681621] 1
[1743166569032757913] 1
[1743166569069364854] 0 : Request cancelled by client due to FailedTimeout
[1743166569121496887] 0 : Request cancelled by client due to FailedTimeout
[1743166569173903381] 0 : Request cancelled by client due to FailedTimeout
[1743166569233995441] 0 : Request cancelled by client due to FailedTimeout
[1743166569271166262] 1
[1743166569271289805] 1
[1743166569271320888] 1
[1743166569271377555] 1
[1743166569274455124] 1
[1743166569274506916] 1
[1743166569274541083] 1
[1743166569276097555] 0 : Request cancelled by client due to FailedTimeout
[1743166569276188597] 1
[1743166569276274556] 1
[1743166569279186831] 1
[1743166569327832043] 0 : Request cancelled by client due to FailedTimeout
[1743166569380213661] 0 : Request cancelled by client due to FailedTimeout
[1743166569431414020] 0 : Request cancelled by client due to FailedTimeout
[1743166569493346887] 0 : Request cancelled by client due to FailedTimeout
[1743166569522873684] 1
[1743166569523029435] 1
[1743166569523113561] 1
[1743166569523174936] 1
[1743166569529767243] 1
[1743166569529827410] 1
[1743166569530322748] 1
[1743166569530376915] 1
[1743166569533897070] 1
[1743166569533957696] 1
[1743166569535629544] 0 : Request cancelled by client due to FailedTimeout
[1743166569585677351] 0 : Request cancelled by client due to FailedTimeout
[1743166569637665257] 0 : Request cancelled by client due to FailedTimeout
[1743166569689429204] 0 : Request cancelled by client due to FailedTimeout
[1743166569747416163] 0 : Request cancelled by client due to FailedTimeout
[1743166569779226604] 1
[1743166569779804400] 1
[1743166569779892110] 1
[1743166569779928152] 1
[1743166569786130997] 1
[1743166569786172664] 1
[1743166569787551217] 1
[1743166569787617801] 1
[1743166569790735245] 1
[1743166569790839662] 1
[1743166569792120507] 0 : Request cancelled by client due to FailedTimeout
[1743166569844235540] 0 : Request cancelled by client due to FailedTimeout
[1743166569897084537] 0 : Request cancelled by client due to FailedTimeout
[1743166569949359488] 0 : Request cancelled by client due to FailedTimeout
[1743166570002701407] 1
[1743166570002819533] 1
[1743166570002905117] 1
[1743166570002955617] 1
[1743166570003594540] 1
[1743166570003861542] 1
[1743166570003895834] 1
[1743166570003974460] 1
[1743166570004015127] 1
[1743166570004048710] 1
[1743166570005427639] 1
[1743166570005465014] 1
[1743166570005501098] 1
[1743166570005529723] 1
[1743166570005560598] 1
[1743166570005592224] 1
[1743166570006167895] 1
[1743166570009274964] 1
[1743166570009342339] 1
[1743166570009410423] 0 : Request cancelled by client due to FailedTimeout
[1743166570043473428] 1
[1743166570043570720] 1
[1743166570043613595] 1
[1743166570043672263] 1
[1743166570043727638] 1
[1743166570044963565] 1
[1743166570047972342] 1
[1743166570048024634] 1
[1743166570048071592] 1
[1743166570048118718] 1
[1743166570048254552] 1
[1743166570050475155] 0 : Request cancelled by client due to FailedTimeout
[1743166570103185363] 0 : Request cancelled by client due to FailedTimeout
[1743166570154843687] 0 : Request cancelled by client due to FailedTimeout
[1743166570205695587] 0 : Request cancelled by client due to FailedTimeout
[1743166570257710247] 0 : Request cancelled by client due to FailedTimeout
[1743166570284217227] 1
[1743166570284401687] 1
[1743166570284469979] 1
[1743166570293052804] 1
[1743166570293101512] 1
[1743166570293130388] 1
[1743166570293986354] 1
[1743166570297622385] 1
[1743166570297724344] 1
[1743166570297794970] 1
[1743166570308415521] 0 : Request cancelled by client due to FailedTimeout
[1743166570359620507] 0 : Request cancelled by client due to FailedTimeout
[1743166570412301715] 0 : Request cancelled by client due to FailedTimeout
[1743166570463324658] 0 : Request cancelled by client due to FailedTimeout
[1743166570528455348] 0 : Request cancelled by client due to FailedTimeout
[1743166570548784358] 1
[1743166570548888359] 1
[1743166570549625116] 1
[1743166570552703309] 1
[1743166570552823893] 1
[1743166570552880561] 1
[1743166570553037312] 1
[1743166570553115438] 1
[1743166570553280189] 1
[1743166570553342523] 1
[1743166570565419670] 0 : Request cancelled by client due to FailedTimeout
[1743166570618210378] 0 : Request cancelled by client due to FailedTimeout
[1743166570668493190] 0 : Request cancelled by client due to FailedTimeout
[1743166570720585101] 0 : Request cancelled by client due to FailedTimeout
[1743166570778993941] 0 : Request cancelled by client due to FailedTimeout
[1743166570799802914] 1
[1743166570799917831] 1
[1743166570800249418] 1
[1743166570803114693] 1
[1743166570803163485] 1
[1743166570803194693] 1
[1743166570803220068] 1
[1743166570803246944] 1
[1743166570803432070] 1
[1743166570803505779] 1
[1743166570822006982] 0 : Request cancelled by client due to FailedTimeout
[1743166570874820774] 0 : Request cancelled by client due to FailedTimeout
[1743166570925461630] 0 : Request cancelled by client due to FailedTimeout
[1743166570976398864] 0 : Request cancelled by client due to FailedTimeout
[1743166571010439702] 1
[1743166571010564870] 1
[1743166571010612412] 1
[1743166571010647204] 1
[1743166571010679204] 1
[1743166571010705246] 1
[1743166571010731996] 1
[1743166571010763913] 1
[1743166571010796580] 1
[1743166571010825955] 1
[1743166571010858497] 1
[1743166571013672272] 1
[1743166571013759481] 1
[1743166571013797398] 1
[1743166571013824273] 1
[1743166571013858274] 1
[1743166571013891190] 1
[1743166571013914316] 1
[1743166571013942358] 1
[1743166571013970525] 1
[1743166571030299542] 0 : Request cancelled by client due to FailedTimeout
[1743166571061032186] 1
[1743166571061160312] 1
[1743166571061214063] 1
[1743166571061784234] 1
[1743166571062328031] 1
[1743166571065188056] 1
[1743166571065263890] 1
[1743166571065371974] 1
[1743166571065464766] 1
[1743166571065576184] 1
[1743166571076643364] 0 : Request cancelled by client due to FailedTimeout
[1743166571128878071] 0 : Request cancelled by client due to FailedTimeout
[1743166571180357979] 0 : Request cancelled by client due to FailedTimeout
[1743166571231508593] 0 : Request cancelled by client due to FailedTimeout
[1743166571291220157] 0 : Request cancelled by client due to FailedTimeout
[1743166571311474876] 1
[1743166571311596460] 1
[1743166571312017505] 1
[1743166571315052240] 1
[1743166571315110324] 1
[1743166571315135491] 1
[1743166571315187200] 1
[1743166571315238742] 1
[1743166571315295617] 1
[1743166571315935165] 1
[1743166571338026733] 0 : Request cancelled by client due to FailedTimeout
[1743166571389254556] 0 : Request cancelled by client due to FailedTimeout
[1743166571440334044] 0 : Request cancelled by client due to FailedTimeout
[1743166571491288406] 0 : Request cancelled by client due to FailedTimeout
[1743166571550167963] 0 : Request cancelled by client due to FailedTimeout
[1743166571562729614] 1
[1743166571565641556] 1
[1743166571565764224] 1
[1743166571565916684] 1
[1743166571571903403] 1
[1743166571571952945] 1
[1743166571571982070] 1
[1743166571572007904] 1
[1743166571573919545] 1
[1743166571573997754] 1
[1743166571592511833] 0 : Request cancelled by client due to FailedTimeout
[1743166571645101293] 0 : Request cancelled by client due to FailedTimeout
[1743166571696050697] 0 : Request cancelled by client due to FailedTimeout
[1743166571747102393] 0 : Request cancelled by client due to FailedTimeout
[1743166571805211109] 0 : Request cancelled by client due to FailedTimeout
[1743166571817702135] 1
[1743166571817786511] 1
[1743166571817894220] 1
[1743166571818110097] 1
[1743166571827024800] 1
[1743166571827074009] 1
[1743166571827133384] 1
[1743166571827226802] 1
[1743166571829507197] 1
[1743166571829632448] 1
[1743166571849169535] 0 : Request cancelled by client due to FailedTimeout
[1743166571901728787] 0 : Request cancelled by client due to FailedTimeout
[1743166571952779900] 0 : Request cancelled by client due to FailedTimeout
[1743166572003360133] 0 : Request cancelled by client due to FailedTimeout
[1743166572014107978] 1
[1743166572014178104] 1
[1743166572014221521] 1
[1743166572014251146] 1
[1743166572014368522] 1
[1743166572014393189] 1
[1743166572014422856] 1
[1743166572014455648] 1
[1743166572014515440] 1
[1743166572014606107] 1
[1743166572014650649] 1
[1743166572014739900] 1
[1743166572017148005] 1
[1743166572017220922] 1
[1743166572017320173] 1
[1743166572017358632] 1
[1743166572017398757] 1
[1743166572017437216] 1
[1743166572017461424] 1
[1743166572018171389] 1
[1743166572065450638] 0 : Request cancelled by client due to FailedTimeout
[1743166572077698204] 1
[1743166572077804163] 1
[1743166572077853039] 1
[1743166572077904706] 1
[1743166572086495157] 1
[1743166572086538574] 1
[1743166572086586574] 1
[1743166572086621533] 1
[1743166572091080489] 1
[1743166572091470325] 1
[1743166572105050070] 0 : Request cancelled by client due to FailedTimeout
[1743166572156970735] 0 : Request cancelled by client due to FailedTimeout
[1743166572208173311] 0 : Request cancelled by client due to FailedTimeout
[1743166572260785274] 0 : Request cancelled by client due to FailedTimeout
[1743166572319279997] 0 : Request cancelled by client due to FailedTimeout
[1743166572331241977] 1
[1743166572331677939] 1
[1743166572331718190] 1
[1743166572331746981] 1
[1743166572340167264] 1
[1743166572340218056] 1
[1743166572340276223] 1
[1743166572343641169] 1
[1743166572343787546] 1
[1743166572343841380] 1
[1743166572363366760] 0 : Request cancelled by client due to FailedTimeout
[1743166572415660845] 0 : Request cancelled by client due to FailedTimeout
[1743166572465257406] 0 : Request cancelled by client due to FailedTimeout
[1743166572518294290] 0 : Request cancelled by client due to FailedTimeout
[1743166572580511421] 0 : Request cancelled by client due to FailedTimeout
[1743166572593057573] 1
[1743166572593143823] 1
[1743166572593367659] 1
[1743166572593419951] 1
[1743166572593573619] 1
[1743166572596659438] 1
[1743166572596709230] 1
[1743166572596737980] 1
[1743166572599752965] 1
[1743166572600231011] 1
[1743166572620003018] 0 : Request cancelled by client due to FailedTimeout
[1743166572671676889] 0 : Request cancelled by client due to FailedTimeout
[1743166572723882474] 0 : Request cancelled by client due to FailedTimeout
[1743166572774427419] 0 : Request cancelled by client due to FailedTimeout
[1743166572822663510] 1
[1743166572822777719] 1
[1743166572822842345] 1
[1743166572826044040] 0 : Request cancelled by client due to FailedTimeout
[1743166572826107623] 1
[1743166572826908380] 1
[1743166572877158948] 0 : Request cancelled by client due to FailedTimeout
[1743166572928362857] 0 : Request cancelled by client due to FailedTimeout
[1743166572978790634] 0 : Request cancelled by client due to FailedTimeout
[1743166573018299982] 1
[1743166573018429817] 1
[1743166573018479817] 1
[1743166573018563526] 1
[1743166573018587901] 1
[1743166573018610151] 1
[1743166573018630193] 1
[1743166573019468951] 1
[1743166573019598160] 1
[1743166573019665036] 1
[1743166573019692328] 1
[1743166573019729245] 1
[1743166573019752953] 1
[1743166573019777912] 1
[1743166573019803704] 1
[1743166573019831287] 1
[1743166573019868204] 1
[1743166573019891954] 1
[1743166573019910371] 1
[1743166573029969794] 0 : Request cancelled by client due to FailedTimeout
[1743166573030870135] 1
[1743166573076819459] 1
[1743166573076946376] 1
[1743166573077090669] 1
[1743166573080628576] 0 : Request cancelled by client due to FailedTimeout
[1743166573080702118] 1
[1743166573081666835] 1
[1743166573133197083] 0 : Request cancelled by client due to FailedTimeout
[1743166573183090233] 0 : Request cancelled by client due to FailedTimeout
[1743166573235538364] 0 : Request cancelled by client due to FailedTimeout
[1743166573286569608] 0 : Request cancelled by client due to FailedTimeout
[1743166573335645167] 0 : Request cancelled by client due to FailedTimeout
[1743166573336201756] 1
[1743166573336253464] 1
[1743166573336317382] 1
[1743166573336373507] 1
[1743166573337401974] 1
[1743166573388114674] 0 : Request cancelled by client due to FailedTimeout
[1743166573440108509] 0 : Request cancelled by client due to FailedTimeout
[1743166573490628915] 0 : Request cancelled by client due to FailedTimeout
[1743166573542527499] 0 : Request cancelled by client due to FailedTimeout
[1743166573590791510] 1
[1743166573591453474] 1
[1743166573591532225] 1
[1743166573591580600] 1
[1743166573591990729] 1
[1743166573592439233] 0 : Request cancelled by client due to FailedTimeout
[1743166573645194450] 0 : Request cancelled by client due to FailedTimeout
[1743166573696327570] 0 : Request cancelled by client due to FailedTimeout
[1743166573749045036] 0 : Request cancelled by client due to FailedTimeout
[1743166573800379908] 0 : Request cancelled by client due to FailedTimeout
[1743166573850715895] 0 : Request cancelled by client due to FailedTimeout
[1743166573850949647] 1
[1743166573851387901] 1
[1743166573851440485] 1
[1743166573857183494] 1
[1743166573857321079] 1
[1743166573902680689] 0 : Request cancelled by client due to FailedTimeout
[1743166573954787692] 0 : Request cancelled by client due to FailedTimeout
[1743166574004950761] 0 : Request cancelled by client due to FailedTimeout
[1743166574020932362] 1
[1743166574021034238] 1
[1743166574021108322] 1
[1743166574021132822] 1
[1743166574021183739] 1
[1743166574021209281] 1
[1743166574021232406] 1
[1743166574021248364] 1
[1743166574021264073] 1
[1743166574021282365] 1
[1743166574021299532] 1
[1743166574021324115] 1
[1743166574021339532] 1
[1743166574021370866] 1
[1743166574021402032] 1
[1743166574022069747] 1
[1743166574022092830] 1
[1743166574022127747] 1
[1743166574022159998] 1
[1743166574022177331] 1
[1743166574055699630] 0 : Request cancelled by client due to FailedTimeout
[1743166574095845404] 1
[1743166574095963780] 1
[1743166574099473353] 1
[1743166574099745106] 1
[1743166574100298944] 1
[1743166574107925220] 0 : Request cancelled by client due to FailedTimeout
[1743166574159193635] 0 : Request cancelled by client due to FailedTimeout
[1743166574211792437] 0 : Request cancelled by client due to FailedTimeout
[1743166574262951810] 0 : Request cancelled by client due to FailedTimeout
[1743166574314706604] 0 : Request cancelled by client due to FailedTimeout
[1743166574356720478] 1
[1743166574356903397] 1
[1743166574356962189] 1
[1743166574357025065] 1
[1743166574357844239] 1
[1743166574366427065] 0 : Request cancelled by client due to FailedTimeout
[1743166574418698697] 0 : Request cancelled by client due to FailedTimeout
[1743166574470962205] 0 : Request cancelled by client due to FailedTimeout
[1743166574522434705] 0 : Request cancelled by client due to FailedTimeout
[1743166574572349025] 0 : Request cancelled by client due to FailedTimeout
[1743166574617455760] 1
[1743166574617982140] 1
[1743166574618058849] 1
[1743166574621231585] 1
[1743166574624674908] 0 : Request cancelled by client due to FailedTimeout
[1743166574624765283] 1
[1743166574675042815] 0 : Request cancelled by client due to FailedTimeout
[1743166574725386555] 0 : Request cancelled by client due to FailedTimeout
[1743166574778457445] 0 : Request cancelled by client due to FailedTimeout
[1743166574828604058] 0 : Request cancelled by client due to FailedTimeout
[1743166574871865110] 1
[1743166574872832660] 1
[1743166574875998814] 1
[1743166574876519068] 1
[1743166574879471470] 1
[1743166574879809014] 0 : Request cancelled by client due to FailedTimeout
[1743166574931817019] 0 : Request cancelled by client due to FailedTimeout
[1743166574988032687] 0 : Request cancelled by client due to FailedTimeout
[1743166575022870665] 1
[1743166575022985833] 1
[1743166575023025166] 1
[1743166575023074500] 1
[1743166575023098417] 1
[1743166575023150959] 1
[1743166575023179501] 1
[1743166575023197918] 1
[1743166575023217835] 1
[1743166575023236210] 1
[1743166575023256002] 1
[1743166575023275085] 1
[1743166575023293544] 1
[1743166575023322627] 1
[1743166575023923299] 1
[1743166575023951758] 1
[1743166575023986300] 1
[1743166575024008800] 1
[1743166575024025717] 1
[1743166575036222701] 1
[1743166575038484513] 0 : Request cancelled by client due to FailedTimeout
[1743166575091146069] 0 : Request cancelled by client due to FailedTimeout
[1743166575128630738] 1
[1743166575128729030] 1
[1743166575131574639] 1
[1743166575133088861] 1
[1743166575136214514] 1
[1743166575141361519] 0 : Request cancelled by client due to FailedTimeout
[1743166575193024398] 0 : Request cancelled by client due to FailedTimeout
[1743166575243866979] 0 : Request cancelled by client due to FailedTimeout
[1743166575294296306] 0 : Request cancelled by client due to FailedTimeout
[1743166575343669832] 0 : Request cancelled by client due to FailedTimeout
[1743166575390751171] 1
[1743166575394436079] 1
[1743166575394491579] 1
[1743166575395374129] 0 : Request cancelled by client due to FailedTimeout
[1743166575395445630] 1
[1743166575395526964] 1
[1743166575445606246] 0 : Request cancelled by client due to FailedTimeout
[1743166575496997248] 0 : Request cancelled by client due to FailedTimeout
[1743166575546695527] 0 : Request cancelled by client due to FailedTimeout
[1743166575598423949] 0 : Request cancelled by client due to FailedTimeout
[1743166575646816674] 1
[1743166575649826535] 1
[1743166575649871035] 1
[1743166575650488666] 1
[1743166575651424299] 0 : Request cancelled by client due to FailedTimeout
[1743166575651549259] 1
[1743166575700093319] 0 : Request cancelled by client due to FailedTimeout
[1743166575751573030] 0 : Request cancelled by client due to FailedTimeout
[1743166575802721572] 0 : Request cancelled by client due to FailedTimeout
[1743166575853222400] 0 : Request cancelled by client due to FailedTimeout
[1743166575900316655] 1
[1743166575900410781] 1
[1743166575903558684] 1
[1743166575904259274] 0 : Request cancelled by client due to FailedTimeout
[1743166575904345900] 1
[1743166575906526336] 1
[1743166575955243898] 0 : Request cancelled by client due to FailedTimeout
[1743166576019361390] 0 : Request cancelled by client due to FailedTimeout
[1743166576025250276] 1
[1743166576025344360] 1
[1743166576025372361] 1
[1743166576025411361] 1
[1743166576025438819] 1
[1743166576025453153] 1
[1743166576025467028] 1
[1743166576025493862] 1
[1743166576025509862] 1
[1743166576025573112] 1
[1743166576025594946] 1
[1743166576025614196] 1
[1743166576025645738] 1
[1743166576025662155] 1
[1743166576025693280] 1
[1743166576025712864] 1
[1743166576026433745] 1
[1743166576026508912] 1
[1743166576035418493] 1
[1743166576071936655] 0 : Request cancelled by client due to FailedTimeout
[1743166576122481278] 0 : Request cancelled by client due to FailedTimeout
[1743166576161411254] 1
[1743166576169760162] 1
[1743166576169958164] 1
[1743166576170682171] 1
[1743166576171156008] 1
[1743166576172524271] 0 : Request cancelled by client due to FailedTimeout
[1743166576223635523] 0 : Request cancelled by client due to FailedTimeout
[1743166576274420648] 0 : Request cancelled by client due to FailedTimeout
[1743166576325273981] 0 : Request cancelled by client due to FailedTimeout
[1743166576376561027] 0 : Request cancelled by client due to FailedTimeout
[1743166576406599298] 1
[1743166576406769216] 1
[1743166576406851467] 1
[1743166576406943843] 1
[1743166576411233631] 1
[1743166576425948389] 0 : Request cancelled by client due to FailedTimeout
[1743166576477745565] 0 : Request cancelled by client due to FailedTimeout
[1743166576529185112] 0 : Request cancelled by client due to FailedTimeout
[1743166576579454648] 0 : Request cancelled by client due to FailedTimeout
[1743166576632355167] 0 : Request cancelled by client due to FailedTimeout
[1743166576675134011] 1
[1743166576675289137] 1
[1743166576678635918] 1
[1743166576678684460] 1
[1743166576679628677] 1
[1743166576682379660] 0 : Request cancelled by client due to FailedTimeout
[1743166576734062001] 0 : Request cancelled by client due to FailedTimeout
[1743166576784004409] 0 : Request cancelled by client due to FailedTimeout
[1743166576834461531] 0 : Request cancelled by client due to FailedTimeout
[1743166576885125363] 0 : Request cancelled by client due to FailedTimeout
[1743166576921336981] 1
[1743166576921474066] 1
[1743166576928518796] 1
[1743166576929828474] 1
[1743166576929898850] 1
[1743166576936919997] 0 : Request cancelled by client due to FailedTimeout
[1743166576988842923] 0 : Request cancelled by client due to FailedTimeout
[1743166577027686399] 1
[1743166577027774192] 1
[1743166577027796484] 1
[1743166577027828692] 1
[1743166577027845901] 1
[1743166577027860276] 1
[1743166577027869984] 1
[1743166577027880776] 1
[1743166577027931902] 1
[1743166577027944777] 1
[1743166577027956194] 1
[1743166577027970694] 1
[1743166577027997652] 1
[1743166577028592533] 1
[1743166577028603033] 1
[1743166577028615533] 1
[1743166577028650408] 1
[1743166577028665950] 1
[1743166577028676783] 1
[1743166577028730284] 1
[1743166577039408381] 0 : Request cancelled by client due to FailedTimeout
[1743166577091721730] 0 : Request cancelled by client due to FailedTimeout
[1743166577142802818] 0 : Request cancelled by client due to FailedTimeout
[1743166577177551550] 1
[1743166577177787427] 1
[1743166577177884470] 1
[1743166577181449169] 1
[1743166577182607471] 1
[1743166577195068542] 0 : Request cancelled by client due to FailedTimeout
[1743166577247228932] 0 : Request cancelled by client due to FailedTimeout
[1743166577298768775] 0 : Request cancelled by client due to FailedTimeout
[1743166577350605786] 0 : Request cancelled by client due to FailedTimeout
[1743166577401050077] 0 : Request cancelled by client due to FailedTimeout
[1743166577433554955] 1
[1743166577433711873] 1
[1743166577434255503] 1
[1743166577437621659] 1
[1743166577438134164] 1
[1743166577451534452] 0 : Request cancelled by client due to FailedTimeout
[1743166577503589465] 0 : Request cancelled by client due to FailedTimeout
[1743166577553566294] 0 : Request cancelled by client due to FailedTimeout
[1743166577605171303] 0 : Request cancelled by client due to FailedTimeout
[1743166577656481060] 0 : Request cancelled by client due to FailedTimeout
[1743166577692136509] 1
[1743166577692669555] 1
[1743166577692766348] 1
[1743166577696508923] 1
[1743166577697294431] 1
[1743166577706914476] 0 : Request cancelled by client due to FailedTimeout
[1743166577759399202] 0 : Request cancelled by client due to FailedTimeout
[1743166577810262497] 0 : Request cancelled by client due to FailedTimeout
[1743166577861759964] 0 : Request cancelled by client due to FailedTimeout
[1743166577913625767] 0 : Request cancelled by client due to FailedTimeout
[1743166577947791827] 1
[1743166577948361916] 1
[1743166577948417458] 1
[1743166577951742196] 1
[1743166577952483412] 1
[1743166577964279602] 0 : Request cancelled by client due to FailedTimeout
[1743166578014977104] 0 : Request cancelled by client due to FailedTimeout
[1743166578029994491] 1
[1743166578030070450] 1
[1743166578030088700] 1
[1743166578030108158] 1
[1743166578034084528] 1
[1743166578034144070] 1
[1743166578034175362] 1
[1743166578034188404] 1
[1743166578034221321] 1
[1743166578034248571] 1
[1743166578034278863] 1
[1743166578034319822] 1
[1743166578034333530] 1
[1743166578034344364] 1
[1743166578034368572] 1
[1743166578034379781] 1
[1743166578034389489] 1
[1743166578034400323] 1
[1743166578034410906] 1
[1743166578034426073] 1
[1743166578065769442] 0 : Request cancelled by client due to FailedTimeout
[1743166578117545706] 0 : Request cancelled by client due to FailedTimeout
[1743166578168413878] 0 : Request cancelled by client due to FailedTimeout
[1743166578202632482] 1
[1743166578203083736] 1
[1743166578203654908] 1
[1743166578207370275] 1
[1743166578207844404] 1
[1743166578218321625] 0 : Request cancelled by client due to FailedTimeout
[1743166578270566393] 0 : Request cancelled by client due to FailedTimeout
[1743166578321667276] 0 : Request cancelled by client due to FailedTimeout
[1743166578373539291] 0 : Request cancelled by client due to FailedTimeout
[1743166578423301911] 0 : Request cancelled by client due to FailedTimeout
[1743166578455325870] 1
[1743166578455915209] 1
[1743166578456021418] 1
[1743166578459860995] 1
[1743166578460413333] 1
[1743166578474938715] 0 : Request cancelled by client due to FailedTimeout
[1743166578526420310] 0 : Request cancelled by client due to FailedTimeout
[1743166578577870029] 0 : Request cancelled by client due to FailedTimeout
[1743166578628733535] 0 : Request cancelled by client due to FailedTimeout
[1743166578680404381] 0 : Request cancelled by client due to FailedTimeout
[1743166578716375834] 1
[1743166578716939714] 1
[1743166578720166910] 1
[1743166578722545265] 1
[1743166578722664183] 1
[1743166578729921916] 0 : Request cancelled by client due to FailedTimeout
[1743166578781480970] 0 : Request cancelled by client due to FailedTimeout
[1743166578833266109] 0 : Request cancelled by client due to FailedTimeout
[1743166578974232103] 1
[1743166578974376187] 1
[1743166578980162823] 1
[1743166578982934557] 1
[1743166578983011891] 1
[1743166579036018376] 1
[1743166579036122252] 1
[1743166579036154377] 1
[1743166579036164211] 1
[1743166579036194128] 1
[1743166579036203669] 1
[1743166579036230753] 1
[1743166579036241795] 1
[1743166579036250378] 1
[1743166579036265753] 1
[1743166579036277878] 1
[1743166579036285878] 1
[1743166579036298712] 1
[1743166579036334337] 1
[1743166579036372587] 1
[1743166579036397796] 1
[1743166579036410546] 1
[1743166579036424296] 1
[1743166579036437921] 1
[1743166579048150404] 1
[1743166579254164252] 1
[1743166579254645631] 1
[1743166579257569949] 1
[1743166579257768451] 1
[1743166579258503125] 1
[1743166579518224715] 1
[1743166579518339758] 1
[1743166579521225784] 1
[1743166579522670172] 1
[1743166579792322895] 1
[1743166579793040360] 1
[1743166579793522865] 1
[1743166579793753367] 1
[1743166579793826409] 1
[1743166580012150620] 1
[1743166580012265829] 1
[1743166580017747338] 1
[1743166580018124467] 1
[1743166580019565188] 1
[1743166580037397394] 1
[1743166580037533979] 1
[1743166580037557313] 1
[1743166580037578313] 1
[1743166580037603021] 1
[1743166580037625938] 1
[1743166580037639522] 1
[1743166580037650272] 1
[1743166580037661855] 1
[1743166580037682897] 1
[1743166580037697397] 1
[1743166580037711064] 1
[1743166580037722439] 1
[1743166580037733981] 1
[1743166580037743648] 1
[1743166580037753398] 1
[1743166580037785648] 1
[1743166580037792523] 1
[1743166580037800481] 1
[1743166580282926117] 1
[1743166580288881838] 1
[1743166580288954464] 1
[1743166580290332268] 1
[1743166580290450353] 1
[1743166580544621238] 1
[1743166580545610831] 1
[1743166580545787165] 1
[1743166580545912000] 1
[1743166580546319337] 1
[1743166581039793014] 1
[1743166581040409103] 1
[1743166581040573063] 1
[1743166581040641938] 1
[1743166581040811023] 1
[1743166581040897316] 1
[1743166581041003150] 1
[1743166581041231736] 1
[1743166581041408029] 1
[1743166581041516572] 1
[1743166581041662156] 1
[1743166581140125152] 1
[1743166581140382113] 1
[1743166581140488781] 1
[1743166581140559781] 1
[1743166581150812543] 1
[1743166581150879252] 1
[1743166581150965044] 1
[1743166581151283006] 1
[1743166581151950387] 1
[1743166582043499111] 1
[1743166582044073408] 1
[1743166582183291414] 1
[1743166582183404248] 1
[1743166582183459374] 1
[1743166582183529333] 1
[1743166582183674668] 1
[1743166582183758002] 1
[1743166582183801419] 1
[1743166582183853961] 1
[1743166582184194089] 1
[1743166582191040445] 1
[1743166582191091320] 1
[1743166582191161904] 1
[1743166582191259572] 1
[1743166582191309530] 1
[1743166582191980620] 1
[1743166582192020495] 1
[1743166582192562584] 1
[1743166582192610459] 1
[1743166583046354666] 1
[1743166583046599168] 1
[1743166583046821462] 1
[1743166583169494861] 1
[1743166583169614446] 1
[1743166583169679238] 1
[1743166583169765072] 1
[1743166583169900240] 1
[1743166583170011199] 1
[1743166583170166451] 1
[1743166583170232285] 1
[1743166583179788916] 1
[1743166583179848000] 1
[1743166583179880125] 1
[1743166583179963042] 1
[1743166583180001918] 1
[1743166583180255420] 1
[1743166583182940237] 1
[1743166583183001696] 1
[1743166584049644981] 1
[1743166584050185944] 1
[1743166584050342654] 1
[1743166584170893414] 1
[1743166584171018831] 1
[1743166584171079915] 1
[1743166584171117582] 1
[1743166584171176458] 1
[1743166584171218875] 1
[1743166584171248875] 1
[1743166584171304793] 1
[1743166584180282002] 1
[1743166584180330752] 1
[1743166584180359128] 1
[1743166584180397211] 1
[1743166584180431045] 1
[1743166584180464795] 1
[1743166584180537004] 1
[1743166584184190247] 1
[1743166584184243081] 1
[1743166585053285673] 1
[1743166585053926135] 1
[1743166585135951226] 1
[1743166585136109352] 1
[1743166585136167811] 1
[1743166585136247394] 1
[1743166585142322301] 1
[1743166585142371051] 1
[1743166585142612719] 1
[1743166585143046096] 1
[1743166585144333811] 1
[1743166604744885015] 1
[1743166604759312282] 1
[1743166604768347095] 1
[1743166604768479429] 1
[1743166604774908973] 1
[1743166604775011974] 1
[1743166604775093183] 1
[1743166604775328976] 1
[1743166604786862223] 1
[1743166604787376268] 1
[1743166604879331530] 1
[1743166604888021549] 1
[1743166604891247446] 1
[1743166604891299238] 1
[1743166604891401822] 1
[1743166604891476948] 1
[1743166604891526740] 1
[1743166604902977194] 1
[1743166604903031361] 1
[1743166604903072653] 1
[1743166604903112154] 1
[1743166604903168654] 1
[1743166604903216113] 1
[1743166604903242030] 1
[1743166604903269405] 1
[1743166604934146077] 1
[1743166604934251286] 1
[1743166604934282620] 1
[1743166604934403870] 1
[1743166604954888929] 1
[1743166604954948096] 1
[1743166604955177181] 1
[1743166604961440016] 1
[1743166604973559517] 1
[1743166604985054180] 1
[1743166604985108764] 1
[1743166604985157972] 1
[1743166604985221348] 1
[1743166604985315765] 1
[1743166604998815275] 1
[1743166604998889734] 1
[1743166604998968901] 1
[1743166604999137111] 1
[1743166605011894116] 1
[1743166605012174285] 1
[1743166605012505662] 1
[1743166605012598913] 1
[1743166605038430469] 1
[1743166605038698054] 1
[1743166605165881154] 1
[1743166605166024863] 1
[1743166605166206865] 1
[1743166605169837432] 1
[1743166605169891557] 1
[1743166605169962683] 1
[1743166605170011683] 1
[1743166605170044725] 1
[1743166605173518999] 1
[1743166605182200102] 1
[1743166605182659272] 1
[1743166605182723397] 1
[1743166605182780564] 1
[1743166605182854690] 1
[1743166605182897482] 1
[1743166605195422653] 1
[1743166605213656697] 1
[1743166605213748739] 1
[1743166605213816448] 1
[1743166605213915157] 1
[1743166605213971199] 1
[1743166605214232201] 1
[1743166605215799379] 1
[1743166605215842504] 1
[1743166605215919088] 1
[1743166605215999339] 1
[1743166605216058506] 1
[1743166605216690260] 1
[1743166605216738927] 1
[1743166605216762511] 1
[1743166605238768956] 1
[1743166605238864165] 1
[1743166605238917708] 1
[1743166605238976125] 1
[1743166605239004791] 1
[1743166605239033167] 1
[1743166605251338711] 1
[1743166605251438837] 1
[1743166605251486962] 1
[1743166605251559713] 1
[1743166605251757839] 1
[1743166605263536880] 1
[1743166605263583714] 1
[1743166605263635547] 1
[1743166605273347574] 1
[1743166605282952600] 1
[1743166605283041433] 1
[1743166605293449548] 1
[1743166605293559424] 1
[1743166605294074302] 1
[1743166605383019009] 1
[1743166605383286636] 1
[1743166605383358428] 1
[1743166605383399304] 1
[1743166605383456762] 1
[1743166605383550013] 1
[1743166605401936600] 1
[1743166605402037142] 1
[1743166605402116060] 1
[1743166605402160643] 1
[1743166605402301811] 1
[1743166605417281666] 1
[1743166605427441487] 1
[1743166605436432175] 1
[1743166605436514592] 1
[1743166605436586635] 1
[1743166605461995313] 1
[1743166605462058563] 1
[1743166605462142522] 1
[1743166605462193772] 1
[1743166605462263523] 1
[1743166605474955654] 1
[1743166605475022654] 1
[1743166605475068571] 1
[1743166605475122280] 1
[1743166605475211405] 1
[1743166605486251066] 1
[1743166605486302691] 1
[1743166605486341442] 1
[1743166605499212699] 1
[1743166605499312366] 1
[1743166605511293242] 1
[1743166605522443736] 1
[1743166605522551904] 1
[1743166605522638904] 1
[1743166605526281513] 1
[1743166605535750538] 1
[1743166605546596864] 1
[1743166605546694073] 1
[1743166605547157743] 1
[1743166605645780018] 1
[1743166605646128770] 1
[1743166605646170354] 1
[1743166605646830525] 1
[1743166605646880859] 1
[1743166605646951526] 1
[1743166605647014068] 1
[1743166605690948626] 1
[1743166605691116794] 1
[1743166605691171544] 1
[1743166605691211753] 1
[1743166605691276045] 1
[1743166605691427296] 1
[1743166605691513171] 1
[1743166605691568963] 1
[1743166605709641298] 1
[1743166605709716091] 1
[1743166605709804008] 1
[1743166605709912717] 1
[1743166605709980592] 1
[1743166605720806460] 1
[1743166605720878211] 1
[1743166605720927961] 1
[1743166605721014795] 1
[1743166605721063628] 1
[1743166605721169796] 1
[1743166605736051025] 1
[1743166605736163359] 1
[1743166605736854073] 1
[1743166605766265529] 1
[1743166605799432719] 1
[1743166605868142951] 1
[1743166605868308161] 1
[1743166605868369911] 1
[1743166605868457287] 1
[1743166605877291098] 1
[1743166605880192452] 1
[1743166605880248619] 1
[1743166605882694345] 1
[1743166605882906013] 1
[1743166605883026764] 1
[1743166605883090222] 1
[1743166605924757223] 1
[1743166605956450237] 1
[1743166606027742530] 1
[1743166606127644113] 1
[1743166606127831697] 1
[1743166606127907948] 1
[1743166606127963157] 1
[1743166606136862470] 1
[1743166606140464078] 1
[1743166606140513912] 1
[1743166606141101166] 1
[1743166606144306647] 1
[1743166606144369606] 1
[1743166606145038153] 1
[1743166606180901532] 1
[1743166606218428381] 1
[1743166606218523173] 1
[1743166606218545923] 1
[1743166606218566590] 1
[1743166606218585215] 1
[1743166606218603466] 1
[1743166606218637424] 1
[1743166606218746092] 1
[1743166606218767092] 1
[1743166606218785425] 1
[1743166606218802342] 1
[1743166606218820509] 1
[1743166606218843051] 1
[1743166606218860509] 1
[1743166606218876051] 1
[1743166606218892884] 1
[1743166606218910384] 1
[1743166606218928926] 1
[1743166606219471888] 1
[1743166606219512180] 1
[1743166606248734637] 1
[1743166606278059803] 1
[1743166606388076500] 1
[1743166606388241043] 1
[1743166606388366168] 1
[1743166606388461669] 1
[1743166606388571420] 1
[1743166606397781485] 1
[1743166606397913069] 1
[1743166606401007591] 1
[1743166606401919931] 1
[1743166606404908494] 1
[1743166606404992328] 1
[1743166606405185371] 1
[1743166606440982458] 1
[1743166606504323032] 1
[1743166606533975867] 1
[1743166606643357559] 1
[1743166606643754520] 1
[1743166606643884104] 1
[1743166606643949480] 1
[1743166606644031105] 1
[1743166606653907050] 1
[1743166606653964384] 1
[1743166606656986322] 1
[1743166606657406200] 1
[1743166606660758349] 1
[1743166606660825349] 1
[1743166606660937392] 1
[1743166606694715214] 1
[1743166606929558920] 1
[1743166606929968256] 1
[1743166606930109049] 1
[1743166606930174633] 1
[1743166606930245300] 1
[1743166606933277530] 1
[1743166606933330113] 1
[1743166606933376947] 1
[1743166606933570615] 1
[1743166606933890951] 1
[1743166607176736685] 1
[1743166607176898311] 1
[1743166607176953228] 1
[1743166607177390231] 1
[1743166607177433606] 1
[1743166607180697713] 1
[1743166607180743922] 1
[1743166607180782339] 1
[1743166607180827464] 1
[1743166607181217258] 1
[1743166607220760417] 1
[1743166607220854001] 1
[1743166607220881834] 1
[1743166607220902668] 1
[1743166607220921543] 1
[1743166607220938210] 1
[1743166607220959835] 1
[1743166607220984627] 1
[1743166607220996918] 1
[1743166607221007877] 1
[1743166607221025044] 1
[1743166607221037419] 1
[1743166607221049794] 1
[1743166607221068002] 1
[1743166607221668090] 1
[1743166607221702507] 1
[1743166607221719340] 1
[1743166607221740549] 1
[1743166607221756465] 1
[1743166607233546467] 1
[1743166607434086070] 1
[1743166607434457447] 1
[1743166607434538573] 1
[1743166607434589156] 1
[1743166607434674157] 1
[1743166607437697512] 1
[1743166607437736971] 1
[1743166607437868805] 1
[1743166607437917014] 1
[1743166607438192599] 1
[1743166607691309495] 1
[1743166607691465705] 1
[1743166607691563330] 1
[1743166607691605497] 1
[1743166607691645831] 1
[1743166607694743936] 1
[1743166607694799645] 1
[1743166607694849312] 1
[1743166607694872021] 1
[1743166607698261378] 1
[1743166607938221972] 1
[1743166607938418640] 1
[1743166607941497495] 1
[1743166607941698372] 1
[1743166607950645561] 1
[1743166607950705103] 1
[1743166607950746478] 1
[1743166607950787937] 1
[1743166607950823187] 1
[1743166607953546457] 1
[1743166608204730312] 1
[1743166608204868522] 1
[1743166608204909355] 1
[1743166608204955897] 1
[1743166608205018939] 1
[1743166608205058898] 1
[1743166608205209024] 1
[1743166608205252316] 1
[1743166608208287755] 1
[1743166608209473347] 1
[1743166608222562150] 1
[1743166608222657025] 1
[1743166608222698609] 1
[1743166608223171321] 1
[1743166608223193488] 1
[1743166608223247446] 1
[1743166608223270072] 1
[1743166608223285405] 1
[1743166608223301572] 1
[1743166608223314405] 1
[1743166608223325155] 1
[1743166608223349280] 1
[1743166608223360864] 1
[1743166608223374406] 1
[1743166608223431031] 1
[1743166608223448114] 1
[1743166608223460323] 1
[1743166608223468573] 1
[1743166608223476906] 1
[1743166608223500823] 1
[1743166608458356273] 1
[1743166608458765984] 1
[1743166608458835693] 1
[1743166608458927277] 1
[1743166608459043945] 1
[1743166608459107112] 1
[1743166608459151362] 1
[1743166608459207571] 1
[1743166608459330947] 1
[1743166608462918723] 1
[1743166608710394722] 1
[1743166608710577515] 1
[1743166608710648974] 1
[1743166608710707474] 1
[1743166608722839270] 1
[1743166608722902229] 1
[1743166608722993188] 1
[1743166608723142148] 1
[1743166608723969612] 1
[1743166608953003811] 1
[1743166608953202604] 1
[1743166608953377022] 1
[1743166608953477356] 1
[1743166608953534565] 1
[1743166608953791442] 1
[1743166608953878359] 1
[1743166609215792103] 1
[1743166609216151814] 1
[1743166609216198398] 1
[1743166609216271565] 1
[1743166609216325857] 1
[1743166609223560285] 1
[1743166609223618077] 1
[1743166609223629077] 1
[1743166609224005747] 1
[1743166609224034539] 1
[1743166609224048747] 1
[1743166609224062914] 1
[1743166609224076372] 1
[1743166609224094498] 1
[1743166609224105748] 1
[1743166609224122414] 1
[1743166609224132498] 1
[1743166609224141248] 1
[1743166609224150748] 1
[1743166609224162956] 1
[1743166609224179581] 1
[1743166609224197623] 1
[1743166609224212540] 1
[1743166609224232332] 1
[1743166609224243540] 1
[1743166609456170028] 1
[1743166609456410654] 1
[1743166609456490863] 1
[1743166609456579739] 1
[1743166609456650156] 1
[1743166609732909967] 1
[1743166609733057302] 1
[1743166609733130386] 1
[1743166609733196053] 1
[1743166609733313762] 1
[1743166609975732368] 1
[1743166609975873327] 1
[1743166609975940661] 1
[1743166609978866974] 1
[1743166609978953058] 1
[1743166610231700672] 1
[1743166610231793673] 1
[1743166610231835840] 1
[1743166610231858590] 1
[1743166610231876840] 1
[1743166610231891132] 1
[1743166610231899174] 1
[1743166610231906840] 1
[1743166610231916507] 1
[1743166610231928174] 1
[1743166610231941591] 1
[1743166610231954216] 1
[1743166610231964341] 1
[1743166610231975758] 1
[1743166610231985633] 1
[1743166610234454443] 1
[1743166610234519193] 1
[1743166610234688778] 1
[1743166610234905279] 1
[1743166610240777573] 1
[1743166610240817573] 1
[1743166610242128541] 1
[1743166610245197939] 1
[1743166610245250689] 1
[1743166610246372364] 1
[1743166610485191836] 1
[1743166610485454337] 1
[1743166610485538296] 1
[1743166610485589255] 1
[1743166610485682839] 1
[1743166610742461985] 1
[1743166610743200616] 1
[1743166610743274783] 1
[1743166610743355617] 1
[1743166610743431034] 1
[1743166611005943347] 1
[1743166611006048556] 1
[1743166611006141224] 1
[1743166611006198808] 1
[1743166611006318725] 1
[1743166611233241167] 1
[1743166611233324542] 1
[1743166611233339334] 1
[1743166611233358459] 1
[1743166611233377835] 1
[1743166611233407751] 1
[1743166611233426043] 1
[1743166611233442210] 1
[1743166611233457418] 1
[1743166611233465210] 1
[1743166611233473669] 1
[1743166611233483377] 1
[1743166611233495044] 1
[1743166611233510294] 1
[1743166611233574669] 1
[1743166611258516939] 1
[1743166611258778649] 1
[1743166611258822941] 1
[1743166611258877900] 1
[1743166611258936650] 1
[1743166611265682950] 1
[1743166611265761493] 1
[1743166611266445248] 1
[1743166611267039169] 1
[1743166611525322136] 1
[1743166611525580638] 1
[1743166611525961766] 1
[1743166611529182873] 1
[1743166611529250457] 1
[1743166611766597976] 1
[1743166611766769478] 1
[1743166611766836728] 1
[1743166611766902270] 1
[1743166612046594108] 1
[1743166612046716734] 1
[1743166612046757276] 1
[1743166612052364443] 1
[1743166612052689238] 1
[1743166612242987253] 1
[1743166612243063587] 1
[1743166612243074462] 1
[1743166612243081837] 1
[1743166612243088629] 1
[1743166612243095212] 1
[1743166612243103712] 1
[1743166612243111421] 1
[1743166612243119296] 1
[1743166612243125337] 1
[1743166612243133879] 1
[1743166612243142504] 1
[1743166612243150129] 1
[1743166612243157629] 1
[1743166612243248880] 1
[1743166612243294089] 1
[1743166612243304297] 1
[1743166612273997945] 1
[1743166612274943118] 1
[1743166612275005952] 1
[1743166612280724829] 1
[1743166612280783621] 1
[1743166612280840621] 1
[1743166612281341375] 1
[1743166612281775878] 1
[1743166612544035810] 1
[1743166612544397646] 1
[1743166612547335252] 1
[1743166612547381252] 1
[1743166612547829339] 1
[1743166612792800849] 1
[1743166612793024476] 1
[1743166612798881270] 1
[1743166612799522774] 1
[1743166612799876194] 1
[1743166613250434018] 1
[1743166613251267066] 1
[1743166613251549193] 1
[1743166613251615444] 1
[1743166613251812403] 1
[1743166613251922113] 1
[1743166613252080531] 1
[1743166613256058561] 1
[1743166613256195978] 1
[1743166613256242479] 1
[1743166613256366521] 1
[1743166613346655082] 1
[1743166613346761958] 1
[1743166613346830167] 1
[1743166613346890209] 1
[1743166613353021964] 1
[1743166613353081423] 1
[1743166613353120131] 1
[1743166613353534843] 1
[1743166613356353322] 1
[1743166614259393323] 1
[1743166614260107579] 1
[1743166614388317519] 1
[1743166614388566688] 1
[1743166614388631105] 1
[1743166614388686814] 1
[1743166614388766273] 1
[1743166614388858648] 1
[1743166614388923149] 1
[1743166614388986858] 1
[1743166614401082742] 1
[1743166614401177076] 1
[1743166614401255743] 1
[1743166614401418453] 1
[1743166614401500579] 1
[1743166614401555996] 1
[1743166614402188626] 1
[1743166614405080064] 1
[1743166614405161482] 1
[1743166615264807628] 1
[1743166615266304306] 1
[1743166615266533308] 1
[1743166615380194020] 1
[1743166615380308521] 1
[1743166615380356438] 1
[1743166615380425480] 1
[1743166615380493689] 1
[1743166615380556648] 1
[1743166615380617565] 1
[1743166615380715232] 1
[1743166615392298697] 1
[1743166615392365656] 1
[1743166615392510365] 1
[1743166615392584408] 1
[1743166615392641825] 1
[1743166615392799576] 1
[1743166615393241579] 1
[1743166615394229962] 1
[1743166615394326504] 1
[1743166616270241459] 1
[1743166616271008299] 1
[1743166616399151089] 1
[1743166616399335632] 1
[1743166616399396300] 1
[1743166616399438508] 1
[1743166616399488092] 1
[1743166616399526009] 1
[1743166616399555509] 1
[1743166616399605426] 1
[1743166616412186816] 1
[1743166616412236608] 1
[1743166616412289025] 1
[1743166616412414026] 1
[1743166616412612319] 1
[1743166616412683320] 1
[1743166616413244074] 1
[1743166616416230347] 1
[1743166616416298181] 1
[1743166617273890176] 1
[1743166617274679266] 1
[1743166617275101602] 1
[1743166617275448480] 1
[1743166617397450648] 1
[1743166617397547732] 1
[1743166617397732358] 1
[1743166617397917193] 1
[1743166617398004735] 1
[1743166617398298571] 1
[1743166617398345613] 1
[1743166617398373946] 1
[1743166617409552118] 1
[1743166617409641243] 1
[1743166617409751619] 1
[1743166617409820411] 1
[1743166617409944746] 1
[1743166617412489057] 1
[1743166617412557641] 1
[1743166617412612392] 1
[1743166618279019303] 1
[1743166618280466273] 1
[1743166618281991535] 1
[1743166618406739982] 1
[1743166618406875442] 1
[1743166618406968942] 1
[1743166618407016526] 1
[1743166618407067318] 1
[1743166618407110360] 1
[1743166618407140235] 1
[1743166618407171652] 1
[1743166618418602118] 1
[1743166618418637285] 1
[1743166618419059455] 1
[1743166618419097455] 1
[1743166618419144997] 1
[1743166618419210164] 1
[1743166618419389708] 1
[1743166618420400591] 1
[1743166618420754177] 1
[1743166619285819175] 1
[1743166619287518939] 1
[1743166619422282723] 1
[1743166619422456058] 1
[1743166619422581934] 1
[1743166619422672768] 1
[1743166619422710560] 1
[1743166619425953878] 1
[1743166619425992753] 1
[1743166619426036837] 1
[1743166619431962301] 1
[1743166619432013885] 1
[1743166619432050093] 1
[1743166619432109219] 1
[1743166619432183053] 1
[1743166619432848391] 1
[1743166619432897892] 1
[1743166619433338895] 1
[1743166619436332461] 1
[1743166620257110324] 1
[1743166620288770162] 1
[1743166620288895038] 1
[1743166620288941080] 1
[1743166620288983081] 1
[1743166620289024206] 1
[1743166620289055248] 1
[1743166620289077998] 1
[1743166620289095165] 1
[1743166620289105540] 1
[1743166620289112832] 1
[1743166620289121457] 1
[1743166620289131332] 1
[1743166620289150665] 1
[1743166620289160957] 1
[1743166620289168457] 1
[1743166620289175499] 1
[1743166620289186541] 1
[1743166620289203666] 1
[1743166620289210874] 1
[1743166620299683125] 1
[1743166620454866708] 1
[1743166620458238527] 1
[1743166620458609488] 1
[1743166620458673239] 1
[1743166620458747781] 1
[1743166620731968647] 1
[1743166620732092690] 1
[1743166620732257399] 1
[1743166620733087906] 1
[1743166620733157198] 1
[1743166621290888164] 1
[1743166621291700503] 1
[1743166621292437134] 1
[1743166621292753345] 1
[1743166621293186432] 1
[1743166621294099273] 1
[1743166621294424692] 1
[1743166621294637611] 1
[1743166621294697944] 1
[1743166621389852175] 1
[1743166621392768532] 1
[1743166621392811115] 1
[1743166621392897116] 1
[1743166621398565745] 1
[1743166621398631121] 1
[1743166621398706080] 1
[1743166621398811664] 1
[1743166621399130750] 1
[1743166621399971923] 1
[1743166622297382387] 1
[1743166622297964600] 1
[1743166622419676928] 1
[1743166622419825429] 1
[1743166622419934638] 1
[1743166622420297558] 1
[1743166622420463809] 1
[1743166622420685269] 1
[1743166622420815062] 1
[1743166622420853271] 1
[1743166622420902146] 1
[1743166622432702242] 1
[1743166622432759284] 1
[1743166622432885952] 1
[1743166622432917411] 1
[1743166622433408456] 1
[1743166622433464165] 1
[1743166622435818893] 1
[1743166622435922394] 1
[1743166622435968061] 1
[1743166623300066430] 1
[1743166623300470142] 1
[1743166623303644001] 1
[1743166623425455171] 1
[1743166623425605880] 1
[1743166623425732465] 1
[1743166623425874757] 1
[1743166623426281219] 1
[1743166623426430554] 1
[1743166623426526138] 1
[1743166623426570513] 1
[1743166623441151550] 1
[1743166623441194384] 1
[1743166623441229759] 1
[1743166623441270009] 1
[1743166623441326843] 1
[1743166623441771930] 1
[1743166623442452644] 1
[1743166623442609895] 1
[1743166623442688979] 1
[1743166624305529640] 1
[1743166624305848517] 1
[1743166624413748203] 1
[1743166624413862704] 1
[1743166624414036497] 1
[1743166624414076623] 1
[1743166624414135165] 1
[1743166624414172457] 1
[1743166624414210666] 1
[1743166624414248291] 1
[1743166624425725761] 1
[1743166624425799803] 1
[1743166624426030764] 1
[1743166624426087306] 1
[1743166624426144723] 1
[1743166624426196557] 1
[1743166624429136998] 1
[1743166624429244498] 1
[1743166624429344124] 1
[1743166625308168218] 1
[1743166625308844473] 1
[1743166625309414978] 1
[1743166625381099118] 1
[1743166625381228619] 1
[1743166625381292995] 1
[1743166625381344745] 1
[1743166625381406121] 1
[1743166625381886125] 1
[1743166674783870065] 0 : Request cancelled by client due to FailedTimeout
[1743166674833771274] 0 : Request cancelled by client due to FailedTimeout
[1743166674884539864] 0 : Request cancelled by client due to FailedTimeout
[1743166674941371334] 0 : Request cancelled by client due to FailedTimeout
[1743166674989966949] 0 : Request cancelled by client due to FailedTimeout
[1743166674998246470] 1
[1743166675070967730] 1
[1743166675071080897] 1
[1743166675071260524] 1
[1743166675071365649] 1
[1743166675071411983] 1
[1743166675071741652] 1
[1743166675071787278] 1
[1743166675071886487] 1
[1743166675073324498] 0 : Request cancelled by client due to FailedTimeout
[1743166675096151088] 1
[1743166675096236172] 1
[1743166675102889514] 1
[1743166675102972431] 1
[1743166675103048182] 1
[1743166675103202308] 1
[1743166675103261892] 1
[1743166675103316350] 1
[1743166675103366851] 1
[1743166675103408518] 1
[1743166675103456643] 1
[1743166675103520143] 1
[1743166675115334483] 1
[1743166675115399234] 1
[1743166675115456234] 1
[1743166675116689035] 0 : Request cancelled by client due to FailedTimeout
[1743166675119864142] 1
[1743166675149133656] 1
[1743166675149268157] 1
[1743166675149378408] 1
[1743166675149436700] 1
[1743166675155161119] 1
[1743166675155246161] 1
[1743166675155308411] 1
[1743166675155351828] 1
[1743166675157513678] 0 : Request cancelled by client due to FailedTimeout
[1743166675177564497] 1
[1743166675177635164] 1
[1743166675177688040] 1
[1743166675177828541] 1
[1743166675178211377] 1
[1743166675178274044] 1
[1743166675178326461] 1
[1743166675178381503] 1
[1743166675178428879] 1
[1743166675200539838] 1
[1743166675200605547] 1
[1743166675200645047] 1
[1743166675200706714] 1
[1743166675201806389] 0 : Request cancelled by client due to FailedTimeout
[1743166675252083146] 1
[1743166675252287314] 0 : Request cancelled by client due to FailedTimeout
[1743166675263916152] 1
[1743166675264064237] 1
[1743166675299761508] 0 : Request cancelled by client due to FailedTimeout
[1743166675307665984] 1
[1743166675307797194] 1
[1743166675307891611] 1
[1743166675307948320] 1
[1743166675308005904] 1
[1743166675345478980] 1
[1743166675345551313] 1
[1743166675345772732] 1
[1743166675345823315] 1
[1743166675345900566] 1
[1743166675345974775] 1
[1743166675346028442] 1
[1743166675346175652] 1
[1743166675361326600] 1
[1743166675361623977] 1
[1743166675361700894] 1
[1743166675376515340] 1
[1743166675376602257] 1
[1743166675376639466] 1
[1743166675376675341] 1
[1743166675376705383] 1
[1743166675385018196] 1
[1743166675385084780] 1
[1743166675385160989] 1
[1743166675385206781] 1
[1743166675385295698] 1
[1743166675385353240] 1
[1743166675388356805] 0 : Request cancelled by client due to FailedTimeout
[1743166675423511738] 1
[1743166675423573322] 1
[1743166675423637531] 1
[1743166675423676448] 1
[1743166675423756407] 1
[1743166675423813866] 1
[1743166675424797748] 0 : Request cancelled by client due to FailedTimeout
[1743166675456741407] 1
[1743166675456858033] 1
[1743166675456953450] 1
[1743166675456993659] 1
[1743166675457033284] 1
[1743166675457072243] 1
[1743166675457582622] 0 : Request cancelled by client due to FailedTimeout
[1743166675507949421] 1
[1743166675508087213] 1
[1743166675508125255] 1
[1743166675508203256] 1
[1743166675508268257] 1
[1743166675508342799] 1
[1743166675508774427] 0 : Request cancelled by client due to FailedTimeout
[1743166675559071309] 0 : Request cancelled by client due to FailedTimeout
[1743166675567965335] 1
[1743166675568021002] 1
[1743166675568132794] 1
[1743166675568180711] 1
[1743166675568245753] 1
[1743166675610203613] 1
[1743166675610305489] 1
[1743166675610450490] 1
[1743166675610533658] 1
[1743166675610843535] 1
[1743166675610899827] 1
[1743166675610936786] 1
[1743166675610982661] 1
[1743166675611030620] 1
[1743166675611170496] 1
[1743166675612664757] 0 : Request cancelled by client due to FailedTimeout
[1743166675633554332] 1
[1743166675647300478] 1
[1743166675647632814] 1
[1743166675647711273] 1
[1743166675647792024] 1
[1743166675657661807] 1
[1743166675657761641] 1
[1743166675657815975] 1
[1743166675657875017] 1
[1743166675657909434] 1
[1743166675657936517] 1
[1743166675660357869] 0 : Request cancelled by client due to FailedTimeout
[1743166675701287846] 1
[1743166675701408347] 1
[1743166675701486139] 1
[1743166675701541765] 1
[1743166675701591599] 1
[1743166675714500155] 1
[1743166675727466503] 1
[1743166675727536754] 1
[1743166675727591671] 1
[1743166675727625088] 1
[1743166675727665838] 1
[1743166675727694963] 1
[1743166675727742964] 1
[1743166675728392510] 0 : Request cancelled by client due to FailedTimeout
[1743166675762624853] 1
[1743166675762674854] 1
[1743166675782788090] 0 : Request cancelled by client due to FailedTimeout
[1743166675801133521] 1
[1743166675801282647] 1
[1743166675801346939] 1
[1743166675844686476] 0 : Request cancelled by client due to FailedTimeout
[1743166675867133271] 1
[1743166675867208522] 1
[1743166675867368482] 1
[1743166675867440024] 1
[1743166675867485982] 1
[1743166675909064465] 1
[1743166675909123090] 1
[1743166675909169507] 1
[1743166675909233383] 1
[1743166675909296300] 1
[1743166675909399717] 1
[1743166675909473634] 1
[1743166675909926804] 1
[1743166675909981263] 1
[1743166675910047680] 1
[1743166675910087806] 1
[1743166675910118973] 1
[1743166675911907986] 0 : Request cancelled by client due to FailedTimeout
[1743166675911985278] 0 : Request cancelled by client due to FailedTimeout
[1743166675926605889] 1
[1743166675961490779] 1
[1743166675961995616] 1
[1743166675962064158] 1
[1743166675962132826] 1
[1743166675962217910] 1
[1743166675962260952] 1
[1743166675962329827] 1
[1743166675962381661] 1
[1743166675962425620] 1
[1743166675965129265] 0 : Request cancelled by client due to FailedTimeout
[1743166675999283108] 1
[1743166675999350233] 1
[1743166675999383067] 1
[1743166676022198324] 1
[1743166676022269075] 1
[1743166676022321783] 1
[1743166676022436409] 1
[1743166676022495160] 1
[1743166676022553035] 1
[1743166676022686786] 1
[1743166676022779454] 1
[1743166676023950504] 0 : Request cancelled by client due to FailedTimeout
[1743166676028319204] 1
[1743166676072980921] 0 : Request cancelled by client due to FailedTimeout
[1743166676075481482] 1
[1743166676075532982] 1
[1743166676075593399] 1
[1743166676075666858] 1
[1743166676075710900] 1
[1743166676075747276] 1
[1743166676092387528] 1
[1743166676092439820] 1
[1743166676092486029] 1
[1743166676092544904] 1
[1743166676092722364] 1
[1743166676093190659] 1
[1743166676093248159] 1
[1743166676093279951] 1
[1743166676093316493] 1
[1743166676093422286] 1
[1743166676093483203] 1
[1743166676093587620] 1
[1743166676099470499] 1
[1743166676102751732] 1
[1743166676102957484] 1
[1743166676105804464] 1
[1743166676105902131] 1
[1743166676113177104] 1
[1743166676113574982] 0 : Request cancelled by client due to FailedTimeout
[1743166676114054777] 1
[1743166676120709745] 1
[1743166676121299416] 1
[1743166676121482125] 1
[1743166676121572959] 1
[1743166676121623835] 1
[1743166676121681710] 1
[1743166676121736502] 1
[1743166676121794003] 1
[1743166676121848503] 1
[1743166676122607717] 1
[1743166676122679343] 1
[1743166676122728968] 1
[1743166676122783594] 1
[1743166676122834136] 1
[1743166676122878636] 1
[1743166676122923470] 1
[1743166676123584808] 1
[1743166676123690601] 1
[1743166676123738476] 1
[1743166676123788018] 1
[1743166676164458621] 0 : Request cancelled by client due to FailedTimeout
[1743166676168623403] 1
[1743166676202371494] 1
[1743166676216531769] 0 : Request cancelled by client due to FailedTimeout
[1743166676268151831] 0 : Request cancelled by client due to FailedTimeout
[1743166676288652696] 1
[1743166676289155367] 1
[1743166676294466782] 1
[1743166676294532741] 1
[1743166676294583033] 1
[1743166676294626450] 1
[1743166676303252724] 1
[1743166676303331100] 1
[1743166676303404476] 1
[1743166676303457268] 1
[1743166676303501018] 1
[1743166676307443215] 1
[1743166676313801263] 1
[1743166676313853847] 1
[1743166676313907556] 1
[1743166676317369541] 1
[1743166676317547209] 1
[1743166676319309389] 0 : Request cancelled by client due to FailedTimeout
[1743166676362843514] 1
[1743166676370723741] 0 : Request cancelled by client due to FailedTimeout
[1743166676425185282] 0 : Request cancelled by client due to FailedTimeout
[1743166676425843996] 1
[1743166676456011393] 1
[1743166676476746718] 0 : Request cancelled by client due to FailedTimeout
[1743166676529892750] 0 : Request cancelled by client due to FailedTimeout
[1743166676549798361] 1
[1743166676549923362] 1
[1743166676549996071] 1
[1743166676552859592] 1
[1743166676552938676] 1
[1743166676553002385] 1
[1743166676553042136] 1
[1743166676563789259] 1
[1743166676563849302] 1
[1743166676564002219] 1
[1743166676564160429] 1
[1743166676564231679] 1
[1743166676566032110] 1
[1743166676569233301] 1
[1743166676572338117] 1
[1743166676572401992] 1
[1743166676574062463] 1
[1743166676577379197] 0 : Request cancelled by client due to FailedTimeout
[1743166676614453064] 1
[1743166676629465512] 0 : Request cancelled by client due to FailedTimeout
[1743166676680088191] 1
[1743166676680687279] 0 : Request cancelled by client due to FailedTimeout
[1743166676711208429] 1
[1743166676733348390] 0 : Request cancelled by client due to FailedTimeout
[1743166676787696348] 0 : Request cancelled by client due to FailedTimeout
[1743166676807435499] 1
[1743166676807869419] 1
[1743166676807953961] 1
[1743166676808110920] 1
[1743166676808152796] 1
[1743166676808201963] 1
[1743166676814627179] 1
[1743166676822750824] 1
[1743166676822830950] 1
[1743166676822960742] 1
[1743166676823004034] 1
[1743166676823097202] 1
[1743166676824487587] 1
[1743166676827560361] 1
[1743166676827640486] 1
[1743166676831545225] 1
[1743166676832189396] 1
[1743166676835572422] 0 : Request cancelled by client due to FailedTimeout
[1743166676874481595] 1
[1743166676887212734] 0 : Request cancelled by client due to FailedTimeout
[1743166676939861345] 0 : Request cancelled by client due to FailedTimeout
[1743166676989768560] 0 : Request cancelled by client due to FailedTimeout
[1743166677046018785] 0 : Request cancelled by client due to FailedTimeout
[1743166677063266251] 1
[1743166677063387669] 1
[1743166677063442669] 1
[1743166677063527503] 1
[1743166677063559795] 1
[1743166677063630296] 1
[1743166677063708879] 1
[1743166677075263177] 1
[1743166677075355886] 1
[1743166677075430095] 1
[1743166677075540762] 1
[1743166677075619971] 1
[1743166677078112157] 1
[1743166677078241367] 1
[1743166677078339617] 1
[1743166677092860396] 0 : Request cancelled by client due to FailedTimeout
[1743166677125635107] 1
[1743166677125829900] 1
[1743166677125921693] 1
[1743166677126002652] 1
[1743166677126052110] 1
[1743166677126098736] 1
[1743166677126147486] 1
[1743166677126198695] 1
[1743166677127101243] 1
[1743166677127285995] 1
[1743166677127339287] 1
[1743166677127384579] 1
[1743166677127432621] 1
[1743166677127477746] 1
[1743166677127523788] 1
[1743166677127574789] 1
[1743166677127627539] 1
[1743166677128420212] 1
[1743166677128472587] 1
[1743166677141293936] 1
[1743166677143852998] 0 : Request cancelled by client due to FailedTimeout
[1743166677196656155] 0 : Request cancelled by client due to FailedTimeout
[1743166677273384497] 0 : Request cancelled by client due to FailedTimeout
[1743166677310660242] 0 : Request cancelled by client due to FailedTimeout
[1743166677313319596] 1
[1743166677313723224] 1
[1743166677314138103] 1
[1743166677314478855] 1
[1743166677317267252] 1
[1743166677317315710] 1
[1743166677326352447] 1
[1743166677326440447] 1
[1743166677326499240] 1
[1743166677326545657] 1
[1743166677326589657] 1
[1743166677327738499] 1
[1743166677331105317] 1
[1743166677331265276] 1
[1743166677331327110] 1
[1743166677351365556] 0 : Request cancelled by client due to FailedTimeout
[1743166677403747919] 0 : Request cancelled by client due to FailedTimeout
[1743166677454062557] 0 : Request cancelled by client due to FailedTimeout
[1743166677531625863] 0 : Request cancelled by client due to FailedTimeout
[1743166677572271343] 0 : Request cancelled by client due to FailedTimeout
[1743166677573197350] 1
[1743166677573580145] 1
[1743166677573946940] 1
[1743166677574008732] 1
[1743166677574138316] 1
[1743166677574443485] 1
[1743166677587587878] 1
[1743166677587643795] 1
[1743166677587680420] 1
[1743166677587708546] 1
[1743166677587733504] 1
[1743166677589381642] 1
[1743166677589885937] 1
[1743166677590008272] 1
[1743166677590185398] 1
[1743166677608598957] 0 : Request cancelled by client due to FailedTimeout
[1743166677660172730] 0 : Request cancelled by client due to FailedTimeout
[1743166677712118713] 0 : Request cancelled by client due to FailedTimeout
[1743166677788246426] 0 : Request cancelled by client due to FailedTimeout
[1743166677837256929] 0 : Request cancelled by client due to FailedTimeout
[1743166677837459638] 1
[1743166677837544764] 1
[1743166677837662723] 1
[1743166677837782808] 1
[1743166677837890183] 1
[1743166677838069352] 1
[1743166677847633342] 1
[1743166677847726593] 1
[1743166677847773843] 1
[1743166677847833802] 1
[1743166677847904594] 1
[1743166677847960386] 1
[1743166677850574031] 1
[1743166677851213578] 1
[1743166677851766416] 1
[1743166677865449271] 0 : Request cancelled by client due to FailedTimeout
[1743166677918442096] 0 : Request cancelled by client due to FailedTimeout
[1743166677969097320] 0 : Request cancelled by client due to FailedTimeout
[1743166678044791073] 0 : Request cancelled by client due to FailedTimeout
[1743166678090442011] 0 : Request cancelled by client due to FailedTimeout
[1743166678090623846] 1
[1743166678090692597] 1
[1743166678090799681] 1
[1743166678090865890] 1
[1743166678090946890] 1
[1743166678091097266] 1
[1743166678104936582] 1
[1743166678105051875] 1
[1743166678105102125] 1
[1743166678109622952] 1
[1743166678109714995] 1
[1743166678109838620] 1
[1743166678110534793] 1
[1743166678110634127] 1
[1743166678111636259] 1
[1743166678122177508] 0 : Request cancelled by client due to FailedTimeout
[1743166678129088228] 1
[1743166678129177354] 1
[1743166678129220271] 1
[1743166678129753692] 1
[1743166678129833568] 1
[1743166678129922568] 1
[1743166678129975610] 1
[1743166678130017444] 1
[1743166678132359337] 1
[1743166678132408171] 1
[1743166678132450421] 1
[1743166678132495922] 1
[1743166678132532089] 1
[1743166678133056134] 1
[1743166678133097510] 1
[1743166678133188885] 1
[1743166678133237427] 1
[1743166678135052608] 1
[1743166678135113234] 1
[1743166678135160151] 1
[1743166678173905702] 0 : Request cancelled by client due to FailedTimeout
[1743166678225901439] 0 : Request cancelled by client due to FailedTimeout
[1743166678301434901] 0 : Request cancelled by client due to FailedTimeout
[1743166678349912237] 0 : Request cancelled by client due to FailedTimeout
[1743166678350573742] 1
[1743166678350647909] 1
[1743166678350713159] 1
[1743166678350900203] 1
[1743166678351394040] 1
[1743166678351446248] 1
[1743166678361519285] 1
[1743166678361647578] 1
[1743166678361798121] 1
[1743166678361856704] 1
[1743166678365634442] 1
[1743166678365995945] 1
[1743166678367012244] 1
[1743166678367070203] 1
[1743166678378604126] 0 : Request cancelled by client due to FailedTimeout
[1743166678432102250] 0 : Request cancelled by client due to FailedTimeout
[1743166678483127522] 0 : Request cancelled by client due to FailedTimeout
[1743166678561384547] 0 : Request cancelled by client due to FailedTimeout
[1743166678587727877] 0 : Request cancelled by client due to FailedTimeout
[1743166678614613294] 1
[1743166678614845546] 1
[1743166678614933796] 1
[1743166678615000339] 1
[1743166678615055339] 1
[1743166678615113006] 1
[1743166678615197965] 1
[1743166678625174126] 1
[1743166678625249585] 1
[1743166678625284419] 1
[1743166678625363086] 1
[1743166678625424336] 1
[1743166678625584046] 1
[1743166678627330976] 1
[1743166678630695919] 1
[1743166678630796003] 1
[1743166678633965486] 0 : Request cancelled by client due to FailedTimeout
[1743166678686601562] 0 : Request cancelled by client due to FailedTimeout
[1743166678738457757] 0 : Request cancelled by client due to FailedTimeout
[1743166678814326221] 0 : Request cancelled by client due to FailedTimeout
[1743166678855191831] 0 : Request cancelled by client due to FailedTimeout
[1743166678855308665] 1
[1743166678855366665] 1
[1743166678855403874] 1
[1743166678855438166] 1
[1743166678855492708] 1
[1743166678855574250] 1
[1743166678864462778] 1
[1743166678864530070] 1
[1743166678864591862] 1
[1743166678864636112] 1
[1743166678864771863] 1
[1743166678864872447] 1
[1743166678871643708] 1
[1743166678871721167] 1
[1743166678871776668] 1
[1743166678893603629] 0 : Request cancelled by client due to FailedTimeout
[1743166678947397881] 0 : Request cancelled by client due to FailedTimeout
[1743166678999929914] 0 : Request cancelled by client due to FailedTimeout
[1743166679060651347] 0 : Request cancelled by client due to FailedTimeout
[1743166679090217454] 1
[1743166679101735003] 1
[1743166679102178923] 1
[1743166679102229215] 1
[1743166679102454758] 0 : Request cancelled by client due to FailedTimeout
[1743166679103043388] 1
[1743166679103428516] 1
[1743166679103483266] 1
[1743166679103535183] 1
[1743166679103661184] 1
[1743166679103725768] 1
[1743166679103925770] 1
[1743166679136166897] 1
[1743166679136267315] 1
[1743166679136304648] 1
[1743166679136835444] 1
[1743166679136922820] 1
[1743166679136968529] 1
[1743166679137006404] 1
[1743166679137046404] 1
[1743166679137084946] 1
[1743166679137125446] 1
[1743166679137158572] 1
[1743166679137209405] 1
[1743166679137249197] 1
[1743166679137288031] 1
[1743166679138037037] 1
[1743166679138167996] 1
[1743166679138211955] 1
[1743166679138252080] 1
[1743166679138290997] 1
[1743166679149817588] 1
[1743166679155101004] 0 : Request cancelled by client due to FailedTimeout
[1743166679208009960] 0 : Request cancelled by client due to FailedTimeout
[1743166679260705164] 0 : Request cancelled by client due to FailedTimeout
[1743166679316276600] 0 : Request cancelled by client due to FailedTimeout
[1743166679345466745] 1
[1743166679345844415] 1
[1743166679346207334] 1
[1743166679346351460] 1
[1743166679355377489] 1
[1743166679355447198] 1
[1743166679355570032] 1
[1743166679356958918] 1
[1743166679357448297] 1
[1743166679357907467] 1
[1743166679361387245] 0 : Request cancelled by client due to FailedTimeout
[1743166679414032574] 0 : Request cancelled by client due to FailedTimeout
[1743166679465970480] 0 : Request cancelled by client due to FailedTimeout
[1743166679516918296] 0 : Request cancelled by client due to FailedTimeout
[1743166679567360399] 0 : Request cancelled by client due to FailedTimeout
[1743166679599754278] 1
[1743166679600273824] 1
[1743166679600709119] 1
[1743166679603562600] 1
[1743166679603627059] 1
[1743166679603663475] 1
[1743166679603695559] 1
[1743166679603737643] 1
[1743166679603812977] 1
[1743166679603879186] 1
[1743166679619101221] 0 : Request cancelled by client due to FailedTimeout
[1743166679671683467] 0 : Request cancelled by client due to FailedTimeout
[1743166679724111961] 0 : Request cancelled by client due to FailedTimeout
[1743166679775313487] 0 : Request cancelled by client due to FailedTimeout
[1743166679826004175] 0 : Request cancelled by client due to FailedTimeout
[1743166679851987087] 1
[1743166679855071945] 1
[1743166679855153487] 1
[1743166679855190404] 1
[1743166679860878490] 1
[1743166679860941241] 1
[1743166679861077575] 1
[1743166679862745546] 1
[1743166679863642345] 1
[1743166679863741679] 1
[1743166679878163542] 0 : Request cancelled by client due to FailedTimeout
[1743166679930739454] 0 : Request cancelled by client due to FailedTimeout
[1743166679981752145] 0 : Request cancelled by client due to FailedTimeout
[1743166680033592053] 0 : Request cancelled by client due to FailedTimeout
[1743166680094423824] 0 : Request cancelled by client due to FailedTimeout
[1743166680107121883] 1
[1743166680107693637] 1
[1743166680110912163] 1
[1743166680111231874] 1
[1743166680117644924] 1
[1743166680117760259] 1
[1743166680117809342] 1
[1743166680118228387] 1
[1743166680119170770] 1
[1743166680119256604] 1
[1743166680134786310] 0 : Request cancelled by client due to FailedTimeout
[1743166680139177886] 1
[1743166680139293512] 1
[1743166680139369137] 1
[1743166680139434388] 1
[1743166680139486263] 1
[1743166680139523305] 1
[1743166680139554847] 1
[1743166680139585764] 1
[1743166680140249853] 1
[1743166680140650773] 1
[1743166680140702565] 1
[1743166680140745982] 1
[1743166680140781065] 1
[1743166680140814941] 1
[1743166680140884149] 1
[1743166680140922608] 1
[1743166680140953692] 1
[1743166680141000067] 1
[1743166680141034526] 1
[1743166680146118482] 1
[1743166680186906013] 0 : Request cancelled by client due to FailedTimeout
[1743166680239236134] 0 : Request cancelled by client due to FailedTimeout
[1743166680290540997] 0 : Request cancelled by client due to FailedTimeout
[1743166680351254726] 0 : Request cancelled by client due to FailedTimeout
[1743166680363834784] 1
[1743166680364194120] 1
[1743166680364295037] 1
[1743166680364380246] 1
[1743166680373164649] 1
[1743166680373220316] 1
[1743166680373262775] 1
[1743166680374153323] 1
[1743166680375018914] 1
[1743166680375328416] 1
[1743166680392730178] 0 : Request cancelled by client due to FailedTimeout
[1743166680445160175] 0 : Request cancelled by client due to FailedTimeout
[1743166680494606649] 0 : Request cancelled by client due to FailedTimeout
[1743166680546706643] 0 : Request cancelled by client due to FailedTimeout
[1743166680604932519] 0 : Request cancelled by client due to FailedTimeout
[1743166680617136407] 1
[1743166680617236450] 1
[1743166680617347909] 1
[1743166680617418576] 1
[1743166680626039019] 1
[1743166680626090395] 1
[1743166680626136187] 1
[1743166680627632699] 1
[1743166680628225412] 1
[1743166680628606081] 1
[1743166680648198486] 0 : Request cancelled by client due to FailedTimeout
[1743166680698710759] 0 : Request cancelled by client due to FailedTimeout
[1743166680749890747] 0 : Request cancelled by client due to FailedTimeout
[1743166680800468896] 0 : Request cancelled by client due to FailedTimeout
[1743166680863052056] 0 : Request cancelled by client due to FailedTimeout
[1743166680875231569] 1
[1743166680875541571] 1
[1743166680875819532] 1
[1743166680876144951] 1
[1743166680885136064] 1
[1743166680885205773] 1
[1743166680885263523] 1
[1743166680888700092] 1
[1743166680888820968] 1
[1743166680888873093] 1
[1743166680902437950] 0 : Request cancelled by client due to FailedTimeout
[1743166680954372569] 0 : Request cancelled by client due to FailedTimeout
[1743166681007324695] 0 : Request cancelled by client due to FailedTimeout
[1743166681059910613] 0 : Request cancelled by client due to FailedTimeout
[1743166681118212993] 0 : Request cancelled by client due to FailedTimeout
[1743166681130469382] 1
[1743166681130842010] 1
[1743166681130915510] 1
[1743166681131028720] 1
[1743166681139919915] 1
[1743166681139977124] 1
[1743166681140016083] 1
[1743166681140302168] 1
[1743166681141972473] 1
[1743166681142032099] 1
[1743166681142073641] 1
[1743166681142107891] 1
[1743166681142140350] 1
[1743166681142170558] 1
[1743166681142203850] 1
[1743166681142970981] 1
[1743166681143027398] 1
[1743166681143100732] 1
[1743166681143141066] 1
[1743166681143184358] 1
[1743166681143215900] 1
[1743166681143249025] 1
[1743166681143308984] 1
[1743166681143366359] 1
[1743166681143412110] 1
[1743166681143513277] 1
[1743166681146395217] 1
[1743166681146479259] 1
[1743166681146521968] 1
[1743166681156560214] 1
[1743166681162843098] 0 : Request cancelled by client due to FailedTimeout
[1743166681214342174] 0 : Request cancelled by client due to FailedTimeout
[1743166681265416371] 0 : Request cancelled by client due to FailedTimeout
[1743166681317290992] 0 : Request cancelled by client due to FailedTimeout
[1743166681375841707] 0 : Request cancelled by client due to FailedTimeout
[1743166681387966345] 1
[1743166681388290723] 1
[1743166681388768435] 1
[1743166681389161146] 1
[1743166681395307820] 1
[1743166681395627698] 1
[1743166681395669073] 1
[1743166681395709657] 1
[1743166681397802465] 1
[1743166681397869841] 1
[1743166681419715848] 0 : Request cancelled by client due to FailedTimeout
[1743166681471705261] 0 : Request cancelled by client due to FailedTimeout
[1743166681523313213] 0 : Request cancelled by client due to FailedTimeout
[1743166681576118133] 0 : Request cancelled by client due to FailedTimeout
[1743166681630480523] 0 : Request cancelled by client due to FailedTimeout
[1743166681644532635] 1
[1743166681644824929] 1
[1743166681644915804] 1
[1743166681653338413] 1
[1743166681653381122] 1
[1743166681653438664] 1
[1743166681654836217] 1
[1743166681657903199] 1
[1743166681657982200] 1
[1743166681658067576] 1
[1743166681678901074] 0 : Request cancelled by client due to FailedTimeout
[1743166681730592735] 0 : Request cancelled by client due to FailedTimeout
[1743166681782036061] 0 : Request cancelled by client due to FailedTimeout
[1743166681834380102] 0 : Request cancelled by client due to FailedTimeout
[1743166681891584140] 0 : Request cancelled by client due to FailedTimeout
[1743166681905751003] 1
[1743166681905863670] 1
[1743166681906011796] 1
[1743166681906121589] 1
[1743166681912288388] 1
[1743166681912349638] 1
[1743166681912492556] 1
[1743166681913909234] 1
[1743166681916856758] 1
[1743166681916916841] 1
[1743166681935366030] 0 : Request cancelled by client due to FailedTimeout
[1743166681988451993] 0 : Request cancelled by client due to FailedTimeout
[1743166682039507109] 0 : Request cancelled by client due to FailedTimeout
[1743166682091353858] 0 : Request cancelled by client due to FailedTimeout
[1743166682143725694] 0 : Request cancelled by client due to FailedTimeout
[1743166682144505200] 1
[1743166682144644951] 1
[1743166682144702118] 1
[1743166682144751702] 1
[1743166682144794744] 1
[1743166682144819369] 1
[1743166682147711642] 1
[1743166682147801393] 1
[1743166682147832268] 1
[1743166682147862227] 1
[1743166682147888602] 1
[1743166682147915311] 1
[1743166682147941144] 1
[1743166682147961769] 1
[1743166682147985769] 1
[1743166682148016520] 1
[1743166682148042395] 1
[1743166682148069062] 1
[1743166682148094854] 1
[1743166682163116224] 1
[1743166682163594894] 1
[1743166682163994898] 1
[1743166682164243233] 1
[1743166682173864685] 1
[1743166682173965061] 1
[1743166682173998311] 1
[1743166682174038311] 1
[1743166682181199410] 1
[1743166682181300119] 1
[1743166682182019000] 1
[1743166682195312273] 0 : Request cancelled by client due to FailedTimeout
[1743166682247484399] 0 : Request cancelled by client due to FailedTimeout
[1743166682298695601] 0 : Request cancelled by client due to FailedTimeout
[1743166682349379340] 0 : Request cancelled by client due to FailedTimeout
[1743166682403669275] 0 : Request cancelled by client due to FailedTimeout
[1743166682408926442] 1
[1743166682409077318] 1
[1743166682419491443] 1
[1743166682419821404] 1
[1743166682419887863] 1
[1743166682421061914] 1
[1743166682425257989] 1
[1743166682425659701] 1
[1743166682426023704] 1
[1743166682426179080] 1
[1743166682452345206] 0 : Request cancelled by client due to FailedTimeout
[1743166682505069670] 0 : Request cancelled by client due to FailedTimeout
[1743166682556420539] 0 : Request cancelled by client due to FailedTimeout
[1743166682607098570] 0 : Request cancelled by client due to FailedTimeout
[1743166682670800663] 0 : Request cancelled by client due to FailedTimeout
[1743166682670951539] 1
[1743166682671208166] 1
[1743166682671306834] 1
[1743166682671464918] 1
[1743166682682801051] 1
[1743166682682880343] 1
[1743166682682953802] 1
[1743166682684077686] 1
[1743166682684908026] 1
[1743166682685514739] 1
[1743166682708252963] 0 : Request cancelled by client due to FailedTimeout
[1743166682761714641] 0 : Request cancelled by client due to FailedTimeout
[1743166682813702557] 0 : Request cancelled by client due to FailedTimeout
[1743166682869037417] 0 : Request cancelled by client due to FailedTimeout
[1743166682919700197] 0 : Request cancelled by client due to FailedTimeout
[1743166682924609362] 1
[1743166682934328231] 1
[1743166682934398982] 1
[1743166682934445024] 1
[1743166682934830902] 1
[1743166682936730250] 1
[1743166682940413446] 1
[1743166682940493989] 1
[1743166682940563323] 1
[1743166682941248661] 1
[1743166682970033433] 0 : Request cancelled by client due to FailedTimeout
[1743166683021090510] 0 : Request cancelled by client due to FailedTimeout
[1743166683072695467] 0 : Request cancelled by client due to FailedTimeout
[1743166683128556334] 0 : Request cancelled by client due to FailedTimeout
[1743166683150863639] 1
[1743166683151042516] 1
[1743166683151073641] 1
[1743166683151100058] 1
[1743166683151122141] 1
[1743166683151177183] 1
[1743166683151217434] 1
[1743166683151255684] 1
[1743166683151294768] 1
[1743166683151555478] 1
[1743166683151580770] 1
[1743166683151640562] 1
[1743166683151687646] 1
[1743166683151714729] 1
[1743166683151742271] 1
[1743166683151766146] 1
[1743166683151791855] 1
[1743166683151815439] 1
[1743166683163895453] 1
[1743166683164039704] 1
[1743166683170949843] 1
[1743166683171083927] 1
[1743166683174555622] 1
[1743166683174928792] 1
[1743166683178050858] 0 : Request cancelled by client due to FailedTimeout
[1743166683231689791] 0 : Request cancelled by client due to FailedTimeout
[1743166683282347157] 0 : Request cancelled by client due to FailedTimeout
[1743166683336179466] 0 : Request cancelled by client due to FailedTimeout
[1743166683386264370] 0 : Request cancelled by client due to FailedTimeout
[1743166683420206644] 1
[1743166683420325895] 1
[1743166683420408729] 1
[1743166683427841330] 1
[1743166683430218224] 1
[1743166683436711818] 0 : Request cancelled by client due to FailedTimeout
[1743166683488702071] 0 : Request cancelled by client due to FailedTimeout
[1743166683540700740] 0 : Request cancelled by client due to FailedTimeout
[1743166683591546858] 0 : Request cancelled by client due to FailedTimeout
[1743166683642383476] 0 : Request cancelled by client due to FailedTimeout
[1743166683680631576] 1
[1743166683680818995] 1
[1743166683683773935] 1
[1743166683684330315] 1
[1743166683685663950] 1
[1743166683693263470] 0 : Request cancelled by client due to FailedTimeout
[1743166683744748135] 0 : Request cancelled by client due to FailedTimeout
[1743166683797252433] 0 : Request cancelled by client due to FailedTimeout
[1743166683848963142] 0 : Request cancelled by client due to FailedTimeout
[1743166683898865836] 0 : Request cancelled by client due to FailedTimeout
[1743166683940415712] 1
[1743166683943353278] 1
[1743166683943395653] 1
[1743166683943429487] 1
[1743166683944357827] 1
[1743166683949669079] 0 : Request cancelled by client due to FailedTimeout
[1743166684000784074] 0 : Request cancelled by client due to FailedTimeout
[1743166684051716904] 0 : Request cancelled by client due to FailedTimeout
[1743166684104050787] 0 : Request cancelled by client due to FailedTimeout
[1743166684154444862] 1
[1743166684154543322] 1
[1743166684154593864] 1
[1743166684154618322] 1
[1743166684154637697] 1
[1743166684154668698] 1
[1743166684154687698] 1
[1743166684154710073] 1
[1743166684154743740] 1
[1743166684154813240] 1
[1743166684154836324] 1
[1743166684154894074] 1
[1743166684154922033] 1
[1743166684154946492] 1
[1743166684154969908] 1
[1743166684154993575] 1
[1743166684155048701] 1
[1743166684155071618] 1
[1743166684155088409] 1
[1743166684155816499] 1
[1743166684155870249] 0 : Request cancelled by client due to FailedTimeout
[1743166684186370788] 1
[1743166684189827733] 1
[1743166684190163694] 1
[1743166684190263570] 1
[1743166684190325987] 1
[1743166684205422110] 0 : Request cancelled by client due to FailedTimeout
[1743166684258183329] 0 : Request cancelled by client due to FailedTimeout
[1743166684309164160] 0 : Request cancelled by client due to FailedTimeout
[1743166684360112907] 0 : Request cancelled by client due to FailedTimeout
[1743166684409772726] 0 : Request cancelled by client due to FailedTimeout
[1743166684439751095] 1
[1743166684440290057] 1
[1743166684440712853] 1
[1743166684440784728] 1
[1743166684444215423] 1
[1743166684461276728] 0 : Request cancelled by client due to FailedTimeout
[1743166684512647478] 0 : Request cancelled by client due to FailedTimeout
[1743166684563946311] 0 : Request cancelled by client due to FailedTimeout
[1743166684614455471] 0 : Request cancelled by client due to FailedTimeout
[1743166684666073723] 0 : Request cancelled by client due to FailedTimeout
[1743166684694996291] 1
[1743166684695546754] 1
[1743166684695859382] 1
[1743166684695939091] 1
[1743166684699269701] 1
[1743166684715479416] 0 : Request cancelled by client due to FailedTimeout
[1743166684767179877] 0 : Request cancelled by client due to FailedTimeout
[1743166684817630828] 0 : Request cancelled by client due to FailedTimeout
[1743166684869429332] 0 : Request cancelled by client due to FailedTimeout
[1743166684920405913] 0 : Request cancelled by client due to FailedTimeout
[1743166684955876617] 1
[1743166684956399705] 1
[1743166684956819500] 1
[1743166684957094127] 1
[1743166684957194086] 1
[1743166684971187158] 0 : Request cancelled by client due to FailedTimeout
[1743166685021974654] 0 : Request cancelled by client due to FailedTimeout
[1743166685073861495] 0 : Request cancelled by client due to FailedTimeout
[1743166685125129706] 0 : Request cancelled by client due to FailedTimeout
[1743166685157088717] 1
[1743166685157242176] 1
[1743166685157324677] 1
[1743166685157354052] 1
[1743166685157459220] 1
[1743166685158191392] 1
[1743166685158277851] 1
[1743166685158304768] 1
[1743166685158328227] 1
[1743166685158352102] 1
[1743166685158411519] 1
[1743166685158431478] 1
[1743166685158462186] 1
[1743166685158498062] 1
[1743166685158536937] 1
[1743166685158556270] 1
[1743166685158583896] 1
[1743166685158603146] 1
[1743166685158654563] 1
[1743166685158686771] 1
[1743166685175490325] 0 : Request cancelled by client due to FailedTimeout
[1743166685206347202] 1
[1743166685206954999] 1
[1743166685207457378] 1
[1743166685211148325] 1
[1743166685211902706] 1
[1743166685227311624] 0 : Request cancelled by client due to FailedTimeout
[1743166685278460792] 0 : Request cancelled by client due to FailedTimeout
[1743166685329150831] 0 : Request cancelled by client due to FailedTimeout
[1743166685381027796] 0 : Request cancelled by client due to FailedTimeout
[1743166685430827828] 0 : Request cancelled by client due to FailedTimeout
[1743166685462120584] 1
[1743166685462888674] 1
[1743166685466234409] 1
[1743166685466760038] 1
[1743166685467350960] 1
[1743166685482824086] 0 : Request cancelled by client due to FailedTimeout
[1743166685533803628] 0 : Request cancelled by client due to FailedTimeout
[1743166685584654960] 0 : Request cancelled by client due to FailedTimeout
[1743166685635159998] 0 : Request cancelled by client due to FailedTimeout
[1743166685686420708] 0 : Request cancelled by client due to FailedTimeout
[1743166685717915466] 1
[1743166685718660097] 1
[1743166685719050266] 1
[1743166685722537712] 1
[1743166685723401260] 1
[1743166685737807503] 0 : Request cancelled by client due to FailedTimeout
[1743166685789090922] 0 : Request cancelled by client due to FailedTimeout
[1743166685839273582] 0 : Request cancelled by client due to FailedTimeout
[1743166685890968629] 0 : Request cancelled by client due to FailedTimeout
[1743166685941632418] 0 : Request cancelled by client due to FailedTimeout
[1743166685975100150] 1
[1743166685975503903] 1
[1743166685978787972] 1
[1743166685979657854] 1
[1743166685980206484] 1
[1743166685992764336] 0 : Request cancelled by client due to FailedTimeout
[1743166686044607720] 0 : Request cancelled by client due to FailedTimeout
[1743166686094469964] 0 : Request cancelled by client due to FailedTimeout
[1743166686145471633] 0 : Request cancelled by client due to FailedTimeout
[1743166686159031244] 1
[1743166686159091120] 1
[1743166686159117287] 1
[1743166686159140287] 1
[1743166686159189246] 1
[1743166686159213079] 1
[1743166686159234829] 1
[1743166686159254955] 1
[1743166686159274455] 1
[1743166686159329747] 1
[1743166686159351830] 1
[1743166686159394456] 1
[1743166686159414581] 1
[1743166686159431914] 1
[1743166686159451665] 1
[1743166686159472748] 1
[1743166686159515832] 1
[1743166686159562832] 1
[1743166686159608541] 1
[1743166686159663250] 1
[1743166686197281142] 0 : Request cancelled by client due to FailedTimeout
[1743166686229479490] 1
[1743166686229670659] 1
[1743166686232737142] 1
[1743166686233872860] 1
[1743166686234295905] 1
[1743166686247800058] 0 : Request cancelled by client due to FailedTimeout
[1743166686299072063] 0 : Request cancelled by client due to FailedTimeout
[1743166686350589153] 0 : Request cancelled by client due to FailedTimeout
[1743166686401685657] 0 : Request cancelled by client due to FailedTimeout
[1743166686453712543] 0 : Request cancelled by client due to FailedTimeout
[1743166686487348361] 1
[1743166686487456237] 1
[1743166686487571780] 1
[1743166686491982066] 1
[1743166686492464070] 1
[1743166686504897880] 0 : Request cancelled by client due to FailedTimeout
[1743166686557219144] 0 : Request cancelled by client due to FailedTimeout
[1743166686607739560] 0 : Request cancelled by client due to FailedTimeout
[1743166686658252808] 0 : Request cancelled by client due to FailedTimeout
[1743166686709398354] 0 : Request cancelled by client due to FailedTimeout
[1743166686743776970] 1
[1743166686743877096] 1
[1743166686743979763] 1
[1743166686747730169] 1
[1743166686748227256] 1
[1743166686760103187] 0 : Request cancelled by client due to FailedTimeout
[1743166686811182108] 0 : Request cancelled by client due to FailedTimeout
[1743166686862500113] 0 : Request cancelled by client due to FailedTimeout
[1743166686913203655] 0 : Request cancelled by client due to FailedTimeout
[1743166686963355901] 0 : Request cancelled by client due to FailedTimeout
[1743166687005394455] 1
[1743166687005499997] 1
[1743166687007505972] 1
[1743166687007585015] 1
[1743166687007722599] 1
[1743166687014711865] 0 : Request cancelled by client due to FailedTimeout
[1743166687063639853] 0 : Request cancelled by client due to FailedTimeout
[1743166687114940945] 0 : Request cancelled by client due to FailedTimeout
[1743166687160494030] 1
[1743166687161710623] 1
[1743166687161844916] 1
[1743166687161916750] 1
[1743166687161932542] 1
[1743166687161946334] 1
[1743166687161961125] 1
[1743166687162027501] 1
[1743166687162068793] 1
[1743166687162090168] 1
[1743166687162117418] 1
[1743166687162171669] 1
[1743166687162195127] 1
[1743166687162245586] 1
[1743166687162301503] 1
[1743166687162326629] 1
[1743166687162348587] 1
[1743166687162369546] 1
[1743166687162422171] 1
[1743166687166724915] 0 : Request cancelled by client due to FailedTimeout
[1743166687176797665] 1
[1743166687215713320] 0 : Request cancelled by client due to FailedTimeout
[1743166687255760402] 1
[1743166687256022904] 1
[1743166687256558992] 1
[1743166687261880869] 1
[1743166687261945911] 1
[1743166687265978486] 0 : Request cancelled by client due to FailedTimeout
[1743166687317289453] 0 : Request cancelled by client due to FailedTimeout
[1743166687369561010] 0 : Request cancelled by client due to FailedTimeout
[1743166687418707667] 0 : Request cancelled by client due to FailedTimeout
[1743166687469733673] 0 : Request cancelled by client due to FailedTimeout
[1743166687506116057] 1
[1743166687506289475] 1
[1743166687506404768] 1
[1743166687510067090] 1
[1743166687510552385] 1
[1743166687520141465] 0 : Request cancelled by client due to FailedTimeout
[1743166687572580899] 0 : Request cancelled by client due to FailedTimeout
[1743166687623119025] 0 : Request cancelled by client due to FailedTimeout
[1743166687673818112] 0 : Request cancelled by client due to FailedTimeout
[1743166687723739733] 0 : Request cancelled by client due to FailedTimeout
[1743166687770538329] 1
[1743166687771049958] 1
[1743166687771218376] 1
[1743166687771257751] 1
[1743166687771650046] 1
[1743166687774770239] 0 : Request cancelled by client due to FailedTimeout
[1743166687825998788] 0 : Request cancelled by client due to FailedTimeout
[1743166687878202345] 0 : Request cancelled by client due to FailedTimeout
[1743166687928056799] 0 : Request cancelled by client due to FailedTimeout
[1743166687979930145] 0 : Request cancelled by client due to FailedTimeout
[1743166688016171612] 1
[1743166688016656741] 1
[1743166688016737284] 1
[1743166688020240313] 1
[1743166688022431414] 1
[1743166688029681891] 0 : Request cancelled by client due to FailedTimeout
[1743166688080699691] 0 : Request cancelled by client due to FailedTimeout
[1743166688132668916] 0 : Request cancelled by client due to FailedTimeout
[1743166688164247095] 1
[1743166688164328888] 1
[1743166688164378930] 1
[1743166688164430764] 1
[1743166688164554015] 1
[1743166688164609765] 1
[1743166688164627224] 1
[1743166688164665391] 1
[1743166688164696016] 1
[1743166688164732558] 1
[1743166688164751433] 1
[1743166688164764475] 1
[1743166688164777350] 1
[1743166688164791975] 1
[1743166688164803642] 1
[1743166688164818892] 1
[1743166688164848559] 1
[1743166688164865434] 1
[1743166688164876226] 1
[1743166688182477872] 0 : Request cancelled by client due to FailedTimeout
[1743166688235131894] 0 : Request cancelled by client due to FailedTimeout
[1743166688273183503] 1
[1743166688273832675] 1
[1743166688274212761] 1
[1743166688279477222] 1
[1743166688279864808] 1
[1743166688286392321] 0 : Request cancelled by client due to FailedTimeout
[1743166688336401904] 0 : Request cancelled by client due to FailedTimeout
[1743166688387444913] 0 : Request cancelled by client due to FailedTimeout
[1743166688439362887] 0 : Request cancelled by client due to FailedTimeout
[1743166688492280411] 0 : Request cancelled by client due to FailedTimeout
[1743166688531834740] 1
[1743166688532349203] 1
[1743166688532729914] 1
[1743166688536469154] 1
[1743166688539612138] 1
[1743166688543670255] 0 : Request cancelled by client due to FailedTimeout
[1743166688595484937] 0 : Request cancelled by client due to FailedTimeout
[1743166688647664788] 0 : Request cancelled by client due to FailedTimeout
[1743166688698492003] 0 : Request cancelled by client due to FailedTimeout
[1743166688749545886] 0 : Request cancelled by client due to FailedTimeout
[1743166688791776113] 1
[1743166688795191350] 1
[1743166688795690646] 1
[1743166688796028107] 1
[1743166688796661445] 1
[1743166688798342376] 0 : Request cancelled by client due to FailedTimeout
[1743166688851216816] 0 : Request cancelled by client due to FailedTimeout
[1743166688902322117] 0 : Request cancelled by client due to FailedTimeout
[1743166688953273083] 0 : Request cancelled by client due to FailedTimeout
[1743166689002028906] 0 : Request cancelled by client due to FailedTimeout
[1743166689046640029] 1
[1743166689049941265] 1
[1743166689050324602] 1
[1743166689050627188] 1
[1743166689050968232] 1
[1743166689052634496] 0 : Request cancelled by client due to FailedTimeout
[1743166689103271670] 0 : Request cancelled by client due to FailedTimeout
[1743166689153875594] 0 : Request cancelled by client due to FailedTimeout
[1743166689165578984] 1
[1743166689165650526] 1
[1743166689165665860] 1
[1743166689165686235] 1
[1743166689165713194] 1
[1743166689165729027] 1
[1743166689165742652] 1
[1743166689165765069] 1
[1743166689165778403] 1
[1743166689165793236] 1
[1743166689165806778] 1
[1743166689165821528] 1
[1743166689165830695] 1
[1743166689165878612] 1
[1743166689165894445] 1
[1743166689165934987] 1
[1743166689165952987] 1
[1743166689165969737] 1
[1743166689165982821] 1
[1743166689166674077] 1
[1743166689205189399] 0 : Request cancelled by client due to FailedTimeout
[1743166689312904885] 1
[1743166689313634975] 1
[1743166689316462582] 1
[1743166689316560166] 1
[1743166689316673625] 1
[1743166689608362361] 1
[1743166689608907949] 1
[1743166689620138084] 1
[1743166689621074592] 1
[1743166689621177260] 1
[1743166689842553948] 1
[1743166689843189162] 1
[1743166689849550632] 1
[1743166689852870326] 1
[1743166689853125453] 1
[1743166690107908343] 1
[1743166690108905227] 1
[1743166690112400589] 1
[1743166690112872552] 1
[1743166690117689467] 1
[1743166690167327927] 1
[1743166690167534137] 1
[1743166690167562763] 1
[1743166690167573513] 1
[1743166690167584888] 1
[1743166690167600221] 1
[1743166690167630305] 1
[1743166690167646222] 1
[1743166690167660972] 1
[1743166690167677305] 1
[1743166690167693180] 1
[1743166690167708014] 1
[1743166690167722014] 1
[1743166690167737556] 1
[1743166690167754056] 1
[1743166690167767223] 1
[1743166690167782306] 1
[1743166690167796723] 1
[1743166690168715147] 1
[1743166690181390046] 1
[1743166690338815164] 1
[1743166690339035500] 1
[1743166690347041650] 1
[1743166690347148360] 1
[1743166690630891418] 1
[1743166690631494006] 1
[1743166690640190621] 1
[1743166690641459132] 1
[1743166690641951636] 1
[1743166690866475779] 1
[1743166690867355453] 1
[1743166690876254444] 1
[1743166690880361146] 1
[1743166690880459730] 1
[1743166690880568647] 1
[1743166691169962803] 1
[1743166691170674726] 1
[1743166691170777602] 1
[1743166691171010770] 1
[1743166691171105938] 1
[1743166691171179522] 1
[1743166691171248856] 1
[1743166691171319940] 1
[1743166691171399899] 1
[1743166691171481649] 1
[1743166691171724443] 1
[1743166691171814777] 1
[1743166691171885444] 1
[1743166691173195455] 1
[1743166691248597803] 1
[1743166691248799596] 1
[1743166691248881555] 1
[1743166691248958723] 1
[1743166691252841464] 1
[1743166691253108050] 1
[1743166692175964298] 1
[1743166692293905137] 1
[1743166692294130306] 1
[1743166692294228598] 1
[1743166692294302349] 1
[1743166692294343849] 1
[1743166692294379141] 1
[1743166692294413100] 1
[1743166692294448392] 1
[1743166692294484267] 1
[1743166692306513286] 1
[1743166692306580537] 1
[1743166692306641579] 1
[1743166692306700413] 1
[1743166692306755039] 1
[1743166692306828372] 1
[1743166692309562187] 1
[1743166692309654855] 1
[1743166692309757731] 1
[1743166693178559730] 1
[1743166693179035151] 1
[1743166693179075693] 1
[1743166693308107591] 1
[1743166693308204175] 1
[1743166693308310968] 1
[1743166693308355968] 1
[1743166693308462302] 1
[1743166693308541053] 1
[1743166693308648304] 1
[1743166693308704054] 1
[1743166693320671157] 1
[1743166693320766075] 1
[1743166693320830242] 1
[1743166693320872909] 1
[1743166693320965118] 1
[1743166693321029327] 1
[1743166693321775583] 1
[1743166693324493482] 1
[1743166693324631274] 1
[1743166694181701756] 1
[1743166694182402429] 1
[1743166694182594806] 1
[1743166694301714166] 1
[1743166694301920501] 1
[1743166694302072378] 1
[1743166694302345255] 1
[1743166694302426256] 1
[1743166694302471214] 1
[1743166694302524256] 1
[1743166694302579257] 1
[1743166694314720945] 1
[1743166694314784404] 1
[1743166694314881905] 1
[1743166694315065281] 1
[1743166694315166865] 1
[1743166694317668470] 1
[1743166694317869930] 1
[1743166694317956223] 1
[1743166695187348226] 1
[1743166695190878590] 1
[1743166695190985800] 1
[1743166695308594777] 1
[1743166695308858113] 1
[1743166695309036448] 1
[1743166695309126157] 1
[1743166695309330409] 1
[1743166695309399993] 1
[1743166695309637161] 1
[1743166695309777371] 1
[1743166695321403222] 1
[1743166695321472431] 1
[1743166695321563640] 1
[1743166695321608224] 1
[1743166695321650766] 1
[1743166695321744475] 1
[1743166695322325896] 1
[1743166695322963527] 1
[1743166695323097445] 1
[1743166696195356930] 1
[1743166696196127437] 1
[1743166696315555436] 1
[1743166696315734938] 1
[1743166696315841355] 1
[1743166696315974773] 1
[1743166696319106259] 1
[1743166696319327761] 1
[1743166696319397803] 1
[1743166696319457845] 1
[1743166696328385506] 1
[1743166696328478215] 1
[1743166696328535341] 1
[1743166696328572924] 1
[1743166696328615758] 1
[1743166696328671217] 1
[1743166696329241139] 1
[1743166696332337124] 1
[1743166696332565959] 1
[1743166697202094169] 1
[1743166697203752100] 1
[1743166697203848768] 1
[1743166697203934519] 1
[1743166697204006894] 1
[1743166697204081145] 1
[1743166697204151812] 1
[1743166697303328556] 1
[1743166697303490516] 1
[1743166697304671443] 1
[1743166697304817236] 1
[1743166697304974112] 1
[1743166697305102405] 1
[1743166697316948509] 1
[1743166697317129135] 1
[1743166697317240636] 1
[1743166697317385887] 1
[1743166697317457971] 1
[1743166697318264937] 1
[1743166697318434355] 1
[1743166698205925345] 1
[1743166698206658476] 1
[1743166698329991020] 1
[1743166698330183522] 1
[1743166698330351523] 1
[1743166698330451982] 1
[1743166698330546942] 1
[1743166698330792194] 1
[1743166698330919111] 1
[1743166698331010029] 1
[1743166698331138738] 1
[1743166698341359287] 1
[1743166698341500996] 1
[1743166698341583664] 1
[1743166698341669664] 1
[1743166698341760874] 1
[1743166698341842249] 1
[1743166698342071085] 1
[1743166698345833493] 1
[1743166698345953702] 1
[1743166699211472163] 1
[1743166699212290378] 1
[1743166699351091606] 1
[1743166699351265149] 1
[1743166699351353275] 1
[1743166699354637721] 1
[1743166699354744722] 1
[1743166699354837348] 1
[1743166699354981349] 1
[1743166699355111017] 1
[1743166699361009277] 1
[1743166699361196070] 1
[1743166699361254904] 1
[1743166699361321697] 1
[1743166699361411739] 1
[1743166699361476990] 1
[1743166699362082162] 1
[1743166699362181287] 1
[1743166699365291815] 1
[1743166700214402001] 1
[1743166700215250426] 1
[1743166700216332727] 1
[1743166700338035184] 1
[1743166700338228019] 1
[1743166700338341686] 1
[1743166700338576397] 1
[1743166700338701898] 1
[1743166700338795482] 1
[1743166700338909400] 1
[1743166700339022567] 1
[1743166700353913825] 1
[1743166700354039368] 1
[1743166700354102076] 1
[1743166700354200911] 1
[1743166700354290453] 1
[1743166700354692248] 1
[1743166700355258087] 1
[1743166700355462880] 1
[1743166700355587506] 1
[1743166701220373744] 1
[1743166701221679255] 1
[1743166701348500263] 1
[1743166701348675598] 1
[1743166701348756932] 1
[1743166701351796959] 1
[1743166701351862168] 1
[1743166701351919043] 1
[1743166701351976044] 1
[1743166701352032919] 1
[1743166701361246835] 1
[1743166701361349252] 1
[1743166701361448420] 1
[1743166701361510421] 1
[1743166701361590296] 1
[1743166701361644797] 1
[1743166701362284844] 1
[1743166701365297329] 1
[1743166701365431622] 1
[1743166702225208976] 1
[1743166702225975316] 1
[1743166702226227027] 1
[1743166702347951244] 1
[1743166702348135662] 1
[1743166702348354039] 1
[1743166702348402040] 1
[1743166702348463207] 1
[1743166702348544749] 1
[1743166702348593166] 1
[1743166702348687126] 1
[1743166702363120005] 1
[1743166702363187006] 1
[1743166702363314173] 1
[1743166702363670843] 1
[1743166702363728302] 1
[1743166702363782386] 1
[1743166702366371284] 1
[1743166702366497244] 1
[1743166702366597828] 1
[1743166703229509829] 1
[1743166703230600964] 1
[1743166703231689640] 1
[1743166703353212569] 1
[1743166703353387195] 1
[1743166703353505780] 1
[1743166703353582114] 1
[1743166703353656989] 1
[1743166703354115369] 1
[1743166703354186911] 1
[1743166703365845808] 1
[1743166703365914683] 1
[1743166703366116810] 1
[1743166703366188144] 1
[1743166703366245520] 1
[1743166703366400146] 1
[1743166703366454521] 1
[1743166703369939886] 1
[1743166703370071804] 1
[1743166703370325806] 1
[1743166704234389520] 1
[1743166704235019192] 1
[1743166704359653737] 1
[1743166704359800072] 1
[1743166704360012032] 1
[1743166704360131700] 1
[1743166704360264701] 1
[1743166704360360535] 1
[1743166704360432786] 1
[1743166704360511870] 1
[1743166704372573521] 1
[1743166704372698105] 1
[1743166704372763897] 1
[1743166704372827731] 1
[1743166704372901274] 1
[1743166704373041025] 1
[1743166704373508821] 1
[1743166704374312078] 1
[1743166704374476371] 1
[1743166705237815826] 1
[1743166705238603748] 1
[1743166705344378382] 1
[1743166705344555633] 1
[1743166705344640008] 1
[1743166705344728717] 1
[1743166705344919927] 1
[1743166705345084344] 1
[1743166705350759045] 1
[1743166705350977005] 1
[1743166705351055005] 1
[1743166705351091130] 1
[1743166705351257548] 1
[1743166705351841468] 1
[1743166705351991302] 1
[1743166725226985631] 1
[1743166725227173674] 1
[1743166725227335258] 1
[1743166725227496426] 1
[1743166725227755011] 1
[1743166725227845637] 1
[1743166725227934513] 1
[1743166725228012930] 1
[1743166725239005136] 1
[1743166725242525121] 1
[1743166725248427123] 1
[1743166725248595791] 1
[1743166725257609941] 1
[1743166725257794109] 1
[1743166725257943319] 1
[1743166725258076320] 1
[1743166725258166945] 1
[1743166725258372280] 1
[1743166725258472573] 1
[1743166725284046304] 1
[1743166725284284847] 1
[1743166725284414182] 1
[1743166725284577350] 1
[1743166725284714559] 1
[1743166725308082732] 1
[1743166725308286650] 1
[1743166725308433485] 1
[1743166725308508819] 1
[1743166725326528702] 1
[1743166725326712912] 1
[1743166725326897289] 1
[1743166725326966331] 1
[1743166725327033873] 1
[1743166725338063121] 1
[1743166725338236789] 1
[1743166725338389207] 1
[1743166725352167351] 1
[1743166725352268810] 1
[1743166725352392228] 1
[1743166725364226482] 1
[1743166725364351316] 1
[1743166725367468756] 1
[1743166725369939649] 1
[1743166725397041226] 1
[1743166725438493325] 1
[1743166725438593784] 1
[1743166725438659284] 1
[1743166725438711076] 1
[1743166725438764577] 1
[1743166725438796702] 1
[1743166725448260522] 1
[1743166725448317689] 1
[1743166725448383523] 1
[1743166725448514566] 1
[1743166725448584650] 1
[1743166725448653150] 1
[1743166725459108644] 1
[1743166725459211603] 1
[1743166725459271354] 1
[1743166725477602198] 1
[1743166725477877784] 1
[1743166725492929645] 1
[1743166725492980854] 1
[1743166725493024188] 1
[1743166725493076646] 1
[1743166725493149147] 1
[1743166725493206814] 1
[1743166725506117618] 1
[1743166725506304036] 1
[1743166725506384912] 1
[1743166725506440495] 1
[1743166725506492663] 1
[1743166725519319966] 1
[1743166725519504384] 1
[1743166725519569260] 1
[1743166725547113256] 1
[1743166725547276382] 1
[1743166725547380674] 1
[1743166725550231612] 1
[1743166725553696929] 1
[1743166725559856558] 1
[1743166725560054102] 1
[1743166725560432271] 1
[1743166725560669814] 1
[1743166725585762251] 1
[1743166725585985627] 1
[1743166725589852698] 1
[1743166725614742549] 1
[1743166725614945884] 1
[1743166725615269261] 1
[1743166725707332069] 1
[1743166725725346120] 1
[1743166725725578330] 1
[1743166725725638955] 1
[1743166725725794373] 1
[1743166725740055145] 1
[1743166725743045709] 1
[1743166725757972403] 1
[1743166725758084237] 1
[1743166725758155905] 1
[1743166725758245530] 1
[1743166725758625866] 1
[1743166725758700742] 1
[1743166725758763367] 1
[1743166725758830951] 1
[1743166725780293694] 1
[1743166725780788114] 1
[1743166725780923907] 1
[1743166725781071575] 1
[1743166725781231367] 1
[1743166725781350827] 1
[1743166725781415452] 1
[1743166725796071811] 1
[1743166725796247187] 1
[1743166725796321438] 1
[1743166725810247041] 1
[1743166725810368459] 1
[1743166725810497293] 1
[1743166725810642711] 1
[1743166725828429676] 1
[1743166725836587570] 1
[1743166725842364904] 1
[1743166725842451280] 1
[1743166725842600281] 1
[1743166725842789574] 1
[1743166725846166224] 1
[1743166725846288850] 1
[1743166725871840165] 1
[1743166725872007041] 1
[1743166725872208917] 1
[1743166725966008238] 1
[1743166725966351824] 1
[1743166725966425366] 1
[1743166725966670785] 1
[1743166725966734035] 1
[1743166725966793369] 1
[1743166725966883495] 1
[1743166725990638671] 1
[1743166726009124267] 1
[1743166726009341018] 1
[1743166726009545436] 1
[1743166726010066440] 1
[1743166726010172775] 1
[1743166726010240025] 1
[1743166726010340942] 1
[1743166726010384359] 1
[1743166726031614143] 1
[1743166726031720561] 1
[1743166726031782894] 1
[1743166726031891812] 1
[1743166726032054563] 1
[1743166726032432316] 1
[1743166726048200351] 1
[1743166726048366852] 1
[1743166726048607854] 1
[1743166726060401525] 1
[1743166726060569818] 1
[1743166726060684819] 1
[1743166726060890237] 1
[1743166726073047078] 1
[1743166726075854724] 1
[1743166726076048226] 1
[1743166726076190393] 1
[1743166726090677293] 1
[1743166726091456924] 1
[1743166726115868482] 1
[1743166726193820690] 1
[1743166726194131484] 1
[1743166726194249901] 1
[1743166726194315402] 1
[1743166726194413152] 1
[1743166726203302052] 1
[1743166726203371428] 1
[1743166726203417720] 1
[1743166726206960538] 1
[1743166726207041205] 1
[1743166726207085289] 1
[1743166726215980105] 1
[1743166726246277915] 1
[1743166726312400952] 1
[1743166726375971844] 1
[1743166726445023485] 1
[1743166726445483155] 1
[1743166726445556406] 1
[1743166726445608823] 1
[1743166726445658823] 1
[1743166726445710407] 1
[1743166726445815241] 1
[1743166726445873241] 1
[1743166726445896408] 1
[1743166726445917242] 1
[1743166726445943325] 1
[1743166726445965409] 1
[1743166726445994909] 1
[1743166726446016451] 1
[1743166726446038868] 1
[1743166726446058160] 1
[1743166726446109577] 1
[1743166726446132327] 1
[1743166726446150619] 1
[1743166726446262119] 1
[1743166726446358328] 1
[1743166726446500788] 1
[1743166726446604205] 1
[1743166726446745665] 1
[1743166726455888066] 1
[1743166726455949733] 1
[1743166726456000109] 1
[1743166726457180493] 1
[1743166726457820997] 1
[1743166726457998082] 1
[1743166726458103333] 1
[1743166726473720366] 1
[1743166726500409108] 1
[1743166726569810585] 1
[1743166726639815650] 1
[1743166726707838451] 1
[1743166726708276787] 1
[1743166726708605623] 1
[1743166726711653688] 1
[1743166726711876898] 1
[1743166726712292484] 1
[1743166726712457694] 1
[1743166726712540861] 1
[1743166726712710070] 1
[1743166726712939447] 1
[1743166726713146365] 1
[1743166726726339714] 1
[1743166726759692130] 1
[1743166726827651763] 1
[1743166726887901464] 1
[1743166726959636459] 1
[1743166726959880419] 1
[1743166726959941419] 1
[1743166726960048379] 1
[1743166726965864964] 1
[1743166726965919006] 1
[1743166726965970298] 1
[1743166726966723970] 1
[1743166726966800179] 1
[1743166726967112265] 1
[1743166726967478684] 1
[1743166726987880628] 1
[1743166727049353674] 1
[1743166727075819749] 1
[1743166727218433240] 1
[1743166727218783951] 1
[1743166727219056537] 1
[1743166727219318289] 1
[1743166727227951770] 1
[1743166727228141772] 1
[1743166727228194314] 1
[1743166727230599707] 1
[1743166727230907209] 1
[1743166727230975085] 1
[1743166727462036368] 1
[1743166727462137369] 1
[1743166727462188411] 1
[1743166727462238703] 1
[1743166727462289120] 1
[1743166727462348662] 1
[1743166727462409871] 1
[1743166727462487247] 1
[1743166727462574289] 1
[1743166727462644498] 1
[1743166727462793957] 1
[1743166727462851333] 1
[1743166727462899292] 1
[1743166727462952417] 1
[1743166727462997501] 1
[1743166727463060293] 1
[1743166727508556261] 1
[1743166727508807054] 1
[1743166727508904597] 1
[1743166727509055681] 1
[1743166727509167349] 1
[1743166727509375434] 1
[1743166727518250167] 1
[1743166727518332251] 1
[1743166727518415043] 1
[1743166727518480919] 1
[1743166727518550211] 1
[1743166727519677261] 1
[1743166727520407475] 1
[1743166727520637768] 1
[1743166727752978562] 1
[1743166727753189813] 1
[1743166727753421773] 1
[1743166727753585024] 1
[1743166727753861652] 1
[1743166727754113028] 1
[1743166727760358534] 1
[1743166727760454660] 1
[1743166727760871496] 1
[1743166728006559390] 1
[1743166728006868976] 1
[1743166728018790191] 1
[1743166728018904234] 1
[1743166728018996984] 1
[1743166728019057777] 1
[1743166728019605697] 1
[1743166728020334078] 1
[1743166728020589830] 1
[1743166728020823415] 1
[1743166728256676498] 1
[1743166728256902250] 1
[1743166728271480527] 1
[1743166728271546695] 1
[1743166728271605695] 1
[1743166728272112866] 1
[1743166728273019956] 1
[1743166728273217791] 1
[1743166728273325583] 1
[1743166728492781084] 1
[1743166728492947126] 1
[1743166728492973210] 1
[1743166728492988960] 1
[1743166728493541089] 1
[1743166728493559089] 1
[1743166728493577131] 1
[1743166728493590798] 1
[1743166728493603756] 1
[1743166728493616798] 1
[1743166728493632215] 1
[1743166728493646340] 1
[1743166728493662840] 1
[1743166728493677757] 1
[1743166728493688049] 1
[1743166728493704507] 1
[1743166728535307823] 1
[1743166728535399616] 1
[1743166728535452533] 1
[1743166728535485991] 1
[1743166728535534617] 1
[1743166728535579575] 1
[1743166728535628617] 1
[1743166728541987832] 1
[1743166728542050833] 1
[1743166728542149125] 1
[1743166728542245626] 1
[1743166728542515545] 1
[1743166728543174008] 1
[1743166728543952931] 1
[1743166728775856984] 1
[1743166728775972276] 1
[1743166728776015902] 1
[1743166728776110361] 1
[1743166728776166945] 1
[1743166728776194028] 1
[1743166728776220403] 1
[1743166728776247737] 1
[1743166728776272487] 1
[1743166728783010413] 1
[1743166729029530579] 1
[1743166729029674497] 1
[1743166729029744747] 1
[1743166729029829123] 1
[1743166729044431651] 1
[1743166729044486694] 1
[1743166729044535486] 1
[1743166729044593653] 1
[1743166729044646570] 1
[1743166729045480410] 1
[1743166729280704627] 1
[1743166729280957004] 1
[1743166729281010379] 1
[1743166729281362882] 1
[1743166729281438216] 1
[1743166729281500924] 1
[1743166729281558550] 1
[1743166729281608675] 1
[1743166729509462753] 1
[1743166729509550712] 1
[1743166729509566753] 1
[1743166729509615754] 1
[1743166729509643671] 1
[1743166729509657546] 1
[1743166729509672962] 1
[1743166729509685171] 1
[1743166729509699796] 1
[1743166729509713296] 1
[1743166729509727463] 1
[1743166729509742713] 1
[1743166729509754963] 1
[1743166729509766588] 1
[1743166729509778547] 1
[1743166729509790630] 1
[1743166729533219101] 1
[1743166729533341394] 1
[1743166729533517978] 1
[1743166729533752897] 1
[1743166729533937356] 1
[1743166729539665150] 1
[1743166729539731193] 1
[1743166729539904111] 1
[1743166729540960660] 1
[1743166729781192041] 1
[1743166729781366792] 1
[1743166729781435751] 1
[1743166729781522543] 1
[1743166729781585502] 1
[1743166730045545233] 1
[1743166730045772318] 1
[1743166730045852735] 1
[1743166730045974153] 1
[1743166730046083862] 1
[1743166730299945070] 1
[1743166730300129738] 1
[1743166730300191905] 1
[1743166730300265697] 1
[1743166730300339781] 1
[1743166730530440972] 1
[1743166730530515431] 1
[1743166730530531681] 1
[1743166730530541806] 1
[1743166730530554181] 1
[1743166730530566139] 1
[1743166730530580390] 1
[1743166730530592140] 1
[1743166730530603306] 1
[1743166730530614640] 1
[1743166730530632057] 1
[1743166730530644598] 1
[1743166730530656307] 1
[1743166730530671849] 1
[1743166730530684807] 1
[1743166730530699807] 1
[1743166730555519665] 1
[1743166730555574707] 1
[1743166730555845668] 1
[1743166730555890960] 1
[1743166730558890816] 1
[1743166730558938025] 1
[1743166730559026651] 1
[1743166730559209527] 1
[1743166730559437154] 1
[1743166730560520037] 1
[1743166730807206856] 1
[1743166730810431006] 1
[1743166730810493548] 1
[1743166730810536882] 1
[1743166730810627799] 1
[1743166731061912740] 1
[1743166731062246742] 1
[1743166731062310076] 1
[1743166731062417910] 1
[1743166731062508411] 1
[1743166731322243845] 1
[1743166731322521889] 1
[1743166731322596722] 1
[1743166731325907332] 1
[1743166731325983249] 1
[1743166731532654646] 1
[1743166731532790647] 1
[1743166731532812730] 1
[1743166731532830605] 1
[1743166731532845689] 1
[1743166731532864439] 1
[1743166731532879981] 1
[1743166731532896897] 1
[1743166731532911606] 1
[1743166731532926898] 1
[1743166731532941564] 1
[1743166731532956148] 1
[1743166731532978815] 1
[1743166731532992690] 1
[1743166731533008398] 1
[1743166731581176981] 1
[1743166731581353940] 1
[1743166731581414108] 1
[1743166731581895986] 1
[1743166731581938695] 1
[1743166731581993612] 1
[1743166731582511199] 1
[1743166731582576700] 1
[1743166731583023495] 1
[1743166731832456099] 1
[1743166731832723184] 1
[1743166731832852352] 1
[1743166731833047437] 1
[1743166731835990168] 1
[1743166732087557126] 1
[1743166732087888254] 1
[1743166732087954088] 1
[1743166732088005630] 1
[1743166732091124446] 1
[1743166732357478196] 1
[1743166732357610488] 1
[1743166732357652989] 1
[1743166732357784365] 1
[1743166732357840615] 1
[1743166732537560729] 1
[1743166732537711522] 1
[1743166732537732855] 1
[1743166732537753856] 1
[1743166732538824572] 1
[1743166732538876364] 1
[1743166732538892448] 1
[1743166732538906948] 1
[1743166732538924198] 1
[1743166732538936323] 1
[1743166732538954865] 1
[1743166732538970782] 1
[1743166732538989740] 1
[1743166732539005240] 1
[1743166732539016615] 1
[1743166732539029907] 1
[1743166732539044699] 1
[1743166732594076254] 1
[1743166732594400549] 1
[1743166732594484133] 1
[1743166732594542466] 1
[1743166732594570925] 1
[1743166732594598758] 1
[1743166732597664241] 1
[1743166732598148870] 1
[1743166732860169044] 1
[1743166732860298128] 1
[1743166732860347462] 1
[1743166732860453963] 1
[1743166732860608172] 1
[1743166733104684128] 1
[1743166733104811004] 1
[1743166733104929922] 1
[1743166733104998131] 1
[1743166733113183362] 1
[1743166733541632444] 1
[1743166733541962655] 1
[1743166733541995447] 1
[1743166733542022781] 1
[1743166733542076823] 1
[1743166733542131281] 1
[1743166733542188615] 1
[1743166733542225657] 1
[1743166733542247074] 1
[1743166733542271241] 1
[1743166733542290616] 1
[1743166733542430784] 1
[1743166733616506992] 1
[1743166733616796828] 1
[1743166733616854995] 1
[1743166733616924454] 1
[1743166733616990121] 1
[1743166733617037246] 1
[1743166733620077187] 1
[1743166733620408606] 1
[1743166734545024916] 1
[1743166734545344585] 1
[1743166734660911418] 1
[1743166734661147045] 1
[1743166734661203421] 1
[1743166734664048110] 1
[1743166734664100944] 1
[1743166734664152111] 1
[1743166734664220195] 1
[1743166734664265028] 1
[1743166734675068697] 1
[1743166734675126323] 1
[1743166734675177281] 1
[1743166734675342449] 1
[1743166734675572576] 1
[1743166734676060955] 1
[1743166734676109414] 1
[1743166734679477690] 1
[1743166734679580941] 1
[1743166735548536776] 1
[1743166735548798903] 1
[1743166735548829153] 1
[1743166735650787175] 1
[1743166735650990093] 1
[1743166735651113844] 1
[1743166735651350804] 1
[1743166735651414472] 1
[1743166735651547681] 1
[1743166735651792350] 1
[1743166735651851142] 1
[1743166735666447133] 1
[1743166735666509884] 1
[1743166735666540676] 1
[1743166735666992471] 1
[1743166735667042763] 1
[1743166735667518892] 1
[1743166735668071688] 1
[1743166735668498733] 1
[1743166735668602984] 1
[1743166736562490771] 1
[1743166736562562938] 1
[1743166736613147303] 1
[1743166736613373221] 1
[1743166736613526139] 1
[1743166736613712724] 1
[1743166736613981934] 1
[1743166736614044602] 1
[1743166736614078144] 1
[1743166736628521385] 1
[1743166736628599135] 1
[1743166736628639886] 1
[1743166736628712678] 1
[1743166736628774262] 1
[1743166736628804845] 1
[1743166736629407392] 1
[1743166736630275315] 1
[1743166736630402025] 1
[1743166736630547067] 1
[1743166736630626776] 1
[1743166737567587289] 1
[1743166737704553604] 1
[1743166737704704772] 1
[1743166737704763897] 1
[1743166737704857732] 1
[1743166737704930607] 1
[1743166737704969482] 1
[1743166737705031816] 1
[1743166737705078025] 1
[1743166737705136984] 1
[1743166737716888162] 1
[1743166737716952871] 1
[1743166737716989621] 1
[1743166737717218123] 1
[1743166737717334416] 1
[1743166737717385916] 1
[1743166737717547542] 1
[1743166737718109297] 1
[1743166737718835845] 1
[1743166737718906262] 1
[1743166738572384313] 1
[1743166738572889442] 1
[1743166738572925401] 1
[1743166738700889108] 1
[1743166738701044610] 1
[1743166738701085652] 1
[1743166738701724573] 1
[1743166738701795866] 1
[1743166738704727640] 1
[1743166738704767056] 1
[1743166738704817765] 1
[1743166738710805106] 1
[1743166738710869398] 1
[1743166738710900773] 1
[1743166738711000899] 1
[1743166738711107775] 1
[1743166738711145525] 1
[1743166738711870031] 1
[1743166738715592770] 1
[1743166739575940961] 1
[1743166739576922427] 1
[1743166739577076637] 1
[1743166739705005933] 1
[1743166739705231269] 1
[1743166739705281852] 1
[1743166739705351395] 1
[1743166739705410937] 1
[1743166739705675481] 1
[1743166739705755565] 1
[1743166739705812023] 1
[1743166739718165124] 1
[1743166739718225083] 1
[1743166739718270125] 1
[1743166739718465710] 1
[1743166739718551878] 1
[1743166739718704379] 1
[1743166739721612069] 1
[1743166739721769487] 1
[1743166739721846904] 1
[1743166740579485907] 1
[1743166740581732342] 1
[1743166740581866885] 1
[1743166740718253091] 1
[1743166740718360925] 1
[1743166740718428551] 1
[1743166740718564802] 1
[1743166740718619761] 1
[1743166740718711053] 1
[1743166740718778137] 1
[1743166740731077613] 1
[1743166740731171822] 1
[1743166740731337365] 1
[1743166740731408282] 1
[1743166740731455658] 1
[1743166740731553117] 1
[1743166740731622951] 1
[1743166740744715184] 1
[1743166740744765059] 1
[1743166740744836560] 1
[1743166740760405479] 1
[1743166740760514272] 1
[1743166740760631773] 1
[1743166740764336053] 1
[1743166740765033434] 1
[1743166741037831556] 1
[1743166741037969557] 1
[1743166741038026932] 1
[1743166741038148558] 1
[1743166741038200059] 1
[1743166741584720666] 1
[1743166741585596715] 1
[1743166741585770383] 1
[1743166741585837383] 1
[1743166741585887009] 1
[1743166741585968426] 1
[1743166741586089761] 1
[1743166741586184678] 1
[1743166741586284512] 1
[1743166741690146372] 1
[1743166741690257414] 1
[1743166741690772460] 1
[1743166741690846044] 1
[1743166741693828527] 1
[1743166741693895653] 1
[1743166741693958987] 1
[1743166741694018487] 1
[1743166741694232156] 1
[1743166741694289156] 1
[1743166742589572219] 1
[1743166742591577652] 1
[1743166742719601260] 1
[1743166742719808720] 1
[1743166742719984263] 1
[1743166742720162556] 1
[1743166742720345974] 1
[1743166742720531934] 1
[1743166742720989855] 1
[1743166742721063313] 1
[1743166742736131272] 1
[1743166742736185814] 1
[1743166742736288232] 1
[1743166742736446025] 1
[1743166742736503525] 1
[1743166742736548901] 1
[1743166742739068588] 1
[1743166742739201798] 1
[1743166742739873137] 1
[1743166742739940096] 1
[1743166743594387069] 1
[1743166743594924281] 1
[1743166743595032407] 1
[1743166743727406265] 1
[1743166743727596434] 1
[1743166743727650017] 1
[1743166743727733268] 1
[1743166743727824769] 1
[1743166743727893353] 1
[1743166743728137438] 1
[1743166743728201897] 1
[1743166743741708593] 1
[1743166743741773552] 1
[1743166743741825928] 1
[1743166743741898720] 1
[1743166743741951762] 1
[1743166743741990929] 1
[1743166743744905870] 1
[1743166743745080580] 1
[1743166743745359416] 1
[1743166744598033288] 1
[1743166744598330124] 1
[1743166744598362249] 1
[1743166744698391716] 1
[1743166744698625551] 1
[1743166744698704843] 1
[1743166744698790344] 1
[1743166744698921428] 1
[1743166744699024679] 1
[1743166744699168472] 1
[1743166744713916763] 1
[1743166744713983305] 1
[1743166744714027222] 1
[1743166744714088306] 1
[1743166744714281724] 1
[1743166744717207499] 1
[1743166744717391876] 1
[1743166744717438376] 1
[1743166744717494585] 1
[1743166745600870129] 1
[1743166745601667135] 1
[1743166745601962638] 1
[1743166745671362975] 1
[1743166745671548810] 1
[1743166745671655228] 1
[1743166745671730645] 1
[1743166745671820812] 1
[1743166745675409509] 1
[1743166745675478135] 1
[1743166745676520435] 1
